drop_pct,tp_pct,sl_pct,time_stop_bars,trades,tp_hits,sl_hits,time_exits,sl_rate_pct,time_exit_rate_pct,avg_time_exit_ret_pct,time_exit_win_share_pct,gross_per_trade_pct,maker_per_trade_pct,mix_per_trade_pct,taker_per_trade_pct,sum_maker_pct,sum_mix_pct,maxdd_mix_pct,mix_per_trade_2024,mix_per_trade_2025,mix_per_trade_2026
0.1,0.1,0.5,0,31912,25947,5965,0,18.692,0.0,,,-0.0122,-0.0522,-0.0878,-0.1122,-1664.28,-2800.59,2800.62,-0.0904,-0.0866,-0.0846
0.1,0.1,0.5,1,40315,17616,1609,21090,3.991,52.31,-0.0621,30.3,-0.0087,-0.0487,-0.0956,-0.1087,-1965.27,-3855.69,3855.69,-0.097,-0.0963,-0.0925
0.1,0.1,0.5,2,37979,21544,2503,13932,6.59,36.68,-0.0911,23.0,-0.0096,-0.0496,-0.0926,-0.1096,-1885.57,-3517.99,3517.99,-0.0945,-0.0921,-0.0902
0.1,0.1,0.5,3,36660,23246,3153,10261,8.601,27.99,-0.1076,19.0,-0.0097,-0.0497,-0.0907,-0.1097,-1822.37,-3324.59,3324.59,-0.0931,-0.0893,-0.0885
0.1,0.1,0.5,4,35679,24039,3619,8021,10.143,22.48,-0.1217,16.2,-0.0107,-0.0507,-0.0905,-0.1107,-1809.03,-3228.6,3228.6,-0.0926,-0.0899,-0.0878
0.1,0.1,0.5,6,34471,24848,4229,5394,12.268,15.65,-0.1385,14.3,-0.0109,-0.0509,-0.0893,-0.1109,-1755.72,-3078.54,3078.6,-0.091,-0.0897,-0.0858
0.1,0.1,0.5,12,33043,25596,5155,2292,15.601,6.94,-0.1606,11.0,-0.0117,-0.0517,-0.0884,-0.1117,-1707.61,-2922.31,2922.37,-0.0907,-0.0878,-0.0855
0.1,0.1,0.5,24,32213,25812,5712,689,17.732,2.14,-0.1691,8.3,-0.0121,-0.0521,-0.0881,-0.1121,-1679.82,-2838.24,2838.3,-0.0908,-0.0869,-0.0849
0.1,0.1,0.5,48,31959,25905,5908,146,18.486,0.46,-0.1864,6.2,-0.0122,-0.0522,-0.0879,-0.1122,-1669.07,-2809.46,2809.49,-0.0904,-0.0869,-0.085
0.1,0.1,0.5,288,31912,25947,5965,0,18.692,0.0,,,-0.0122,-0.0522,-0.0878,-0.1122,-1664.28,-2800.59,2800.62,-0.0904,-0.0866,-0.0846
0.1,0.1,1.0,0,23732,21395,2337,0,9.847,0.0,,,-0.0083,-0.0483,-0.0813,-0.1083,-1146.78,-1928.85,1929.42,-0.0814,-0.0805,-0.082
0.1,0.1,1.0,1,39561,17497,226,21838,0.571,55.2,-0.0763,29.3,-0.0036,-0.0436,-0.0903,-0.1036,-1725.3,-3574.05,3574.05,-0.0902,-0.092,-0.0883
0.1,0.1,1.0,2,36623,20999,415,15209,1.133,41.53,-0.1225,21.1,-0.0049,-0.0449,-0.0877,-0.1049,-1643.64,-3211.05,3211.05,-0.0887,-0.0878,-0.0858
0.1,0.1,1.0,3,34783,22371,552,11860,1.587,34.1,-0.1535,16.6,-0.0039,-0.0439,-0.0846,-0.1039,-1526.22,-2942.07,2942.07,-0.0862,-0.0844,-0.082
0.1,0.1,1.0,4,33358,22888,692,9778,2.074,29.31,-0.1801,13.5,-0.0049,-0.0449,-0.0843,-0.1049,-1498.84,-2813.68,2813.68,-0.086,-0.0844,-0.0813
0.1,0.1,1.0,6,31454,23301,946,7207,3.008,22.91,-0.2151,10.9,-0.0053,-0.0453,-0.0831,-0.1053,-1424.2,-2612.41,2612.47,-0.084,-0.0837,-0.0806
0.1,0.1,1.0,12,28411,23070,1376,3965,4.843,13.96,-0.275,6.7,-0.0056,-0.0456,-0.0812,-0.1056,-1295.81,-2308.37,2308.43,-0.0823,-0.0808,-0.0801
0.1,0.1,1.0,24,26036,22387,1794,1855,6.89,7.12,-0.3277,3.8,-0.0063,-0.0463,-0.0805,-0.1063,-1204.62,-2095.17,2095.23,-0.0824,-0.0782,-0.0803
0.1,0.1,1.0,48,24569,21762,2100,707,8.547,2.88,-0.3724,3.1,-0.0076,-0.0476,-0.081,-0.1076,-1169.87,-1991.15,1991.21,-0.082,-0.0786,-0.0826
0.1,0.1,1.0,288,23732,21394,2331,7,9.822,0.03,-0.6598,0.0,-0.0083,-0.0483,-0.0812,-0.1083,-1145.5,-1927.6,1928.17,-0.0814,-0.0805,-0.0818
0.1,0.1,1.7999999999999998,0,17469,16530,939,0,5.375,0.0,,,-0.0021,-0.0421,-0.0737,-0.1021,-735.96,-1288.2,1290.0,-0.0732,-0.0742,-0.0741
0.1,0.1,1.7999999999999998,1,39465,17490,43,21932,0.109,55.57,-0.0798,29.1,-0.002,-0.042,-0.0887,-0.102,-1656.1,-3499.3,3499.3,-0.0875,-0.0912,-0.0872
0.1,0.1,1.7999999999999998,2,36389,20884,68,15437,0.187,42.42,-0.1337,20.8,-0.0027,-0.0427,-0.0855,-0.1027,-1554.16,-3110.98,3110.98,-0.0853,-0.0867,-0.0841
0.1,0.1,1.7999999999999998,3,34439,22170,89,12180,0.258,35.37,-0.1721,16.1,-0.0011,-0.0411,-0.0818,-0.1011,-1416.82,-2818.06,2818.06,-0.0822,-0.0822,-0.0808
0.1,0.1,1.7999999999999998,4,32889,22600,111,10178,0.337,30.95,-0.2081,13.0,-0.0017,-0.0417,-0.0811,-0.1017,-1372.94,-2668.28,2668.28,-0.0817,-0.0813,-0.08
0.1,0.1,1.7999999999999998,6,30679,22765,167,7747,0.544,25.25,-0.2627,10.1,-0.0019,-0.0419,-0.0797,-0.1019,-1286.03,-2443.82,2443.88,-0.0796,-0.0804,-0.0789
0.1,0.1,1.7999999999999998,12,26841,21876,298,4667,1.11,17.39,-0.3667,5.8,-0.0022,-0.0422,-0.0778,-0.1022,-1133.84,-2088.02,2088.08,-0.0781,-0.0779,-0.0772
0.1,0.1,1.7999999999999998,24,23373,20325,491,2557,2.101,10.94,-0.4693,2.9,-0.0022,-0.0422,-0.0761,-0.1022,-986.26,-1778.89,1778.95,-0.0766,-0.0756,-0.0761
0.1,0.1,1.7999999999999998,48,20629,18705,655,1269,3.175,6.15,-0.5961,1.9,-0.0031,-0.0431,-0.0759,-0.1031,-890.06,-1566.65,1566.72,-0.0756,-0.0752,-0.0775
0.1,0.1,1.7999999999999998,288,17649,16667,927,55,5.252,0.31,-0.7229,0.0,-0.0024,-0.0424,-0.074,-0.1024,-747.62,-1306.55,1308.35,-0.0736,-0.0751,-0.0734
0.1,0.1,3.0,0,12947,12524,423,0,3.267,0.0,,,-0.0013,-0.0413,-0.0723,-0.1013,-534.48,-935.58,938.04,-0.0734,-0.0695,-0.0739
0.1,0.1,3.0,1,39451,17492,13,21946,0.033,55.63,-0.0804,29.1,-0.0014,-0.0414,-0.0881,-0.1014,-1631.59,-3473.89,3473.89,-0.0869,-0.0908,-0.0863
0.1,0.1,3.0,2,36355,20870,21,15464,0.058,42.54,-0.136,20.7,-0.0022,-0.0422,-0.085,-0.1022,-1533.3,-3088.5,3088.5,-0.085,-0.0862,-0.0831
0.1,0.1,3.0,3,34389,22145,25,12219,0.073,35.53,-0.1761,16.1,-0.0004,-0.0404,-0.0811,-0.1004,-1388.28,-2787.27,2787.27,-0.0817,-0.0813,-0.0797
0.1,0.1,3.0,4,32811,22552,26,10233,0.079,31.19,-0.2158,12.9,-0.001,-0.041,-0.0803,-0.101,-1343.85,-2635.95,2635.95,-0.0811,-0.0804,-0.0789
0.1,0.1,3.0,6,30522,22640,36,7846,0.118,25.71,-0.2806,10.0,-0.0015,-0.0415,-0.0793,-0.1015,-1266.84,-2418.96,2419.02,-0.0792,-0.0801,-0.0782
0.1,0.1,3.0,12,26466,21556,73,4837,0.276,18.28,-0.4104,5.6,-0.0018,-0.0418,-0.0774,-0.1018,-1106.95,-2048.23,2048.29,-0.0781,-0.077,-0.0768
0.1,0.1,3.0,24,22541,19596,122,2823,0.541,12.52,-0.5772,2.6,-0.0016,-0.0416,-0.0755,-0.1016,-937.4,-1701.98,1702.04,-0.0777,-0.0729,-0.0754
0.1,0.1,3.0,48,18936,17186,192,1558,1.014,8.23,-0.7792,1.5,-0.0038,-0.0438,-0.0765,-0.1038,-828.82,-1449.4,1449.47,-0.0793,-0.0734,-0.0761
0.1,0.1,3.0,288,13656,13102,384,170,2.812,1.24,-1.1838,0.0,-0.0032,-0.0432,-0.0744,-0.1032,-589.29,-1015.59,1017.21,-0.0748,-0.0722,-0.0765
0.1,0.16,0.5,0,27439,20322,7117,0,25.938,0.0,,,-0.0112,-0.0512,-0.089,-0.1112,-1404.54,-2441.22,2443.08,-0.0899,-0.0882,-0.0884
0.1,0.16,0.5,1,39644,10079,1555,28010,3.922,70.65,-0.0386,40.9,-0.0062,-0.0462,-0.0986,-0.1062,-1831.06,-3907.33,3907.33,-0.0994,-0.099,-0.0965
0.1,0.16,0.5,2,36446,14318,2607,19521,7.153,53.56,-0.0623,34.7,-0.0063,-0.0463,-0.0945,-0.1063,-1687.51,-3444.73,3444.73,-0.0955,-0.094,-0.0936
0.1,0.16,0.5,3,34506,16303,3432,14771,9.946,42.81,-0.0776,30.5,-0.0073,-0.0473,-0.0932,-0.1073,-1633.72,-3214.99,3214.99,-0.0949,-0.092,-0.0919
0.1,0.16,0.5,4,33143,17264,4020,11859,12.129,35.78,-0.0883,28.5,-0.0089,-0.0489,-0.0933,-0.1089,-1621.15,-3091.81,3092.03,-0.0952,-0.0928,-0.0907
0.1,0.16,0.5,6,31370,18395,4759,8216,15.171,26.19,-0.1044,25.0,-0.0094,-0.0494,-0.0918,-0.1094,-1548.56,-2878.91,2879.55,-0.0931,-0.0915,-0.0899
0.1,0.16,0.5,12,29231,19622,5927,3682,20.276,12.6,-0.1279,20.8,-0.0101,-0.0501,-0.0899,-0.1101,-1464.07,-2629.27,2630.53,-0.0902,-0.0895,-0.09
0.1,0.16,0.5,24,27963,20059,6716,1188,24.017,4.25,-0.1358,17.8,-0.0111,-0.0511,-0.0896,-0.1111,-1428.43,-2504.44,2506.16,-0.0912,-0.0882,-0.0886
0.1,0.16,0.5,48,27551,20247,7013,291,25.455,1.06,-0.1574,15.1,-0.0114,-0.0514,-0.0893,-0.1114,-1414.84,-2460.49,2462.35,-0.0901,-0.0885,-0.0891
0.1,0.16,0.5,288,27439,20322,7117,0,25.938,0.0,,,-0.0112,-0.0512,-0.089,-0.1112,-1404.54,-2441.22,2443.08,-0.0899,-0.0882,-0.0884
0.1,0.16,1.0,0,18877,16131,2746,0,14.547,0.0,,,-0.0087,-0.0487,-0.0831,-0.1087,-920.12,-1568.81,1570.86,-0.0826,-0.083,-0.0842
0.1,0.16,1.0,1,38828,9834,215,28779,0.554,74.12,-0.0513,39.7,-0.003,-0.043,-0.0955,-0.103,-1671.48,-3706.14,3706.14,-0.0954,-0.0965,-0.0941
0.1,0.16,1.0,2,34993,13656,443,20894,1.266,59.71,-0.0899,32.3,-0.0039,-0.0439,-0.0922,-0.1039,-1535.65,-3225.55,3225.55,-0.0928,-0.0917,-0.0918
0.1,0.16,1.0,3,32480,15311,593,16576,1.826,51.03,-0.1193,27.1,-0.0037,-0.0437,-0.0896,-0.1037,-1420.68,-2910.15,2910.15,-0.091,-0.089,-0.088
0.1,0.16,1.0,4,30664,16032,756,13876,2.465,45.25,-0.1412,24.5,-0.0049,-0.0449,-0.0892,-0.1049,-1376.75,-2735.63,2735.85,-0.0906,-0.0891,-0.0869
0.1,0.16,1.0,6,28151,16775,1064,10312,3.78,36.63,-0.1732,20.1,-0.0059,-0.0459,-0.088,-0.1059,-1291.6,-2477.41,2478.05,-0.089,-0.0874,-0.0872
0.1,0.16,1.0,12,24392,17138,1584,5670,6.494,23.25,-0.2331,14.4,-0.0067,-0.0467,-0.0856,-0.1067,-1139.18,-2088.56,2089.69,-0.0853,-0.0843,-0.088
0.1,0.16,1.0,24,21514,16769,2084,2661,9.687,12.37,-0.2931,9.9,-0.0084,-0.0484,-0.085,-0.1084,-1041.34,-1829.11,1830.21,-0.0859,-0.0839,-0.085
0.1,0.16,1.0,48,19901,16416,2454,1031,12.331,5.18,-0.3309,7.7,-0.0085,-0.0485,-0.0837,-0.1085,-964.67,-1666.25,1667.94,-0.0833,-0.0821,-0.0867
0.1,0.16,1.0,288,18896,16140,2740,16,14.5,0.08,-0.4449,6.2,-0.0087,-0.0487,-0.0831,-0.1087,-920.56,-1570.12,1572.17,-0.0826,-0.083,-0.084
0.1,0.16,1.7999999999999998,0,12793,11718,1075,0,8.403,0.0,,,-0.0047,-0.0447,-0.0772,-0.1047,-571.84,-987.88,991.93,-0.0771,-0.0735,-0.0828
0.1,0.16,1.7999999999999998,1,38723,9804,43,28876,0.111,74.57,-0.0544,39.6,-0.002,-0.042,-0.0944,-0.102,-1627.53,-3656.79,3656.79,-0.0938,-0.096,-0.0934
0.1,0.16,1.7999999999999998,2,34729,13495,74,21160,0.213,60.93,-0.1002,31.8,-0.0027,-0.0427,-0.091,-0.1027,-1482.49,-3161.38,3161.38,-0.0909,-0.0912,-0.0909
0.1,0.16,1.7999999999999998,3,32106,15075,98,16933,0.305,52.74,-0.136,26.6,-0.0021,-0.0421,-0.088,-0.1021,-1350.84,-2824.95,2824.95,-0.089,-0.0878,-0.0866
0.1,0.16,1.7999999999999998,4,30151,15706,125,14320,0.415,47.49,-0.1654,23.7,-0.0027,-0.0427,-0.0871,-0.1027,-1286.86,-2624.74,2624.96,-0.0875,-0.0872,-0.0861
0.1,0.16,1.7999999999999998,6,27341,16225,191,10925,0.699,39.96,-0.2147,19.0,-0.0034,-0.0434,-0.0856,-0.1034,-1186.82,-2340.53,2341.17,-0.0853,-0.085,-0.0869
0.1,0.16,1.7999999999999998,12,22830,16022,352,6456,1.542,28.28,-0.3143,12.6,-0.0043,-0.0443,-0.0833,-0.1043,-1012.14,-1901.28,1902.41,-0.0825,-0.081,-0.0877
0.1,0.16,1.7999999999999998,24,18881,14869,561,3451,2.971,18.28,-0.4246,7.5,-0.0051,-0.0451,-0.0815,-0.1051,-851.23,-1538.02,1539.16,-0.0805,-0.0806,-0.0843
0.1,0.16,1.7999999999999998,48,16039,13584,746,1709,4.651,10.66,-0.5444,4.8,-0.0062,-0.0462,-0.0808,-0.1062,-741.25,-1296.07,1297.79,-0.0807,-0.0778,-0.0853
0.1,0.16,1.7999999999999998,288,12965,11826,1063,76,8.199,0.59,-0.6693,0.0,-0.0056,-0.0456,-0.0782,-0.1056,-590.71,-1013.83,1017.88,-0.078,-0.0753,-0.0827
0.1,0.16,3.0,0,9039,8568,471,0,5.211,0.0,,,-0.0047,-0.0447,-0.0762,-0.1047,-403.68,-688.98,692.76,-0.0775,-0.0697,-0.083
0.1,0.16,3.0,1,38705,9798,12,28895,0.031,74.65,-0.055,39.6,-0.0015,-0.0415,-0.0939,-0.1015,-1605.94,-3634.3,3634.3,-0.0932,-0.0955,-0.0928
0.1,0.16,3.0,2,34690,13478,22,21190,0.063,61.08,-0.1022,31.8,-0.0022,-0.0422,-0.0905,-0.1022,-1463.41,-3140.47,3140.47,-0.0904,-0.091,-0.0901
0.1,0.16,3.0,3,32048,15040,26,16982,0.081,52.99,-0.1396,26.5,-0.0013,-0.0413,-0.0872,-0.1013,-1324.15,-2795.83,2795.83,-0.0884,-0.087,-0.0857
0.1,0.16,3.0,4,30070,15655,28,14387,0.093,47.85,-0.1719,23.6,-0.0017,-0.0417,-0.0861,-0.1017,-1254.96,-2589.51,2589.73,-0.0867,-0.0864,-0.0847
0.1,0.16,3.0,6,27181,16105,39,11037,0.143,40.61,-0.2295,18.8,-0.0027,-0.0427,-0.0849,-0.1027,-1160.98,-2308.69,2309.33,-0.0846,-0.0845,-0.0862
0.1,0.16,3.0,12,22434,15697,86,6651,0.383,29.65,-0.3536,12.2,-0.0044,-0.0444,-0.0834,-0.1044,-995.34,-1870.47,1871.6,-0.0832,-0.0807,-0.0875
0.1,0.16,3.0,24,18109,14221,144,3744,0.795,20.67,-0.5173,6.9,-0.0052,-0.0452,-0.0816,-0.1052,-817.84,-1477.75,1478.9,-0.0831,-0.0773,-0.085
0.1,0.16,3.0,48,14628,12395,219,2014,1.497,13.77,-0.7116,4.1,-0.0073,-0.0473,-0.0819,-0.1073,-692.11,-1197.94,1199.66,-0.0838,-0.0781,-0.084
0.1,0.16,3.0,288,9781,9143,430,208,4.396,2.13,-1.1512,0.0,-0.0068,-0.0468,-0.0788,-0.1068,-457.8,-770.37,774.33,-0.0807,-0.0735,-0.0829
0.1,0.2,0.5,0,25186,17632,7554,0,29.993,0.0,,,-0.0099,-0.0499,-0.0889,-0.1099,-1258.04,-2240.24,2243.25,-0.0899,-0.0865,-0.0907
0.1,0.2,0.5,1,39435,7184,1527,30724,3.872,77.91,-0.0282,44.5,-0.0049,-0.0449,-0.0995,-0.1049,-1771.82,-3922.4,3922.4,-0.1004,-0.0996,-0.0977
0.1,0.2,0.5,2,35818,11002,2638,22178,7.365,61.92,-0.0476,39.8,-0.0049,-0.0449,-0.0957,-0.1049,-1607.82,-3426.84,3426.84,-0.0963,-0.0954,-0.095
0.1,0.2,0.5,3,33580,12905,3516,17159,10.471,51.1,-0.0599,36.4,-0.0061,-0.0461,-0.0946,-0.1061,-1548.58,-3176.23,3176.28,-0.0963,-0.0931,-0.0939
0.1,0.2,0.5,4,32028,14026,4147,13855,12.948,43.26,-0.0689,34.8,-0.0069,-0.0469,-0.0938,-0.1069,-1503.45,-3004.35,3004.86,-0.0954,-0.0932,-0.092
0.1,0.2,0.5,6,29931,15291,4951,9689,16.541,32.37,-0.0851,30.8,-0.0081,-0.0481,-0.0928,-0.1081,-1439.2,-2776.33,2778.1,-0.0941,-0.0917,-0.0919
0.1,0.2,0.5,12,27384,16671,6204,4509,22.656,16.47,-0.1064,27.1,-0.009,-0.049,-0.0908,-0.109,-1342.87,-2485.78,2487.62,-0.0912,-0.0887,-0.093
0.1,0.2,0.5,24,25895,17289,7079,1527,27.337,5.9,-0.1169,23.8,-0.01,-0.05,-0.09,-0.11,-1295.98,-2331.01,2333.89,-0.0912,-0.0877,-0.0912
0.1,0.2,0.5,48,25349,17523,7426,400,29.295,1.58,-0.1335,23.5,-0.0103,-0.0503,-0.0896,-0.1103,-1275.74,-2270.99,2273.95,-0.0903,-0.0872,-0.0917
0.1,0.2,0.5,288,25186,17631,7554,1,29.993,0.0,0.0245,100.0,-0.01,-0.05,-0.089,-0.11,-1258.22,-2240.45,2243.46,-0.0899,-0.0865,-0.0907
0.1,0.2,1.0,0,16631,13740,2891,0,17.383,0.0,,,-0.0086,-0.0486,-0.0838,-0.1086,-808.24,-1393.9,1396.96,-0.0832,-0.0839,-0.0848
0.1,0.2,1.0,1,38622,6948,210,31464,0.544,81.47,-0.0403,43.3,-0.0023,-0.0423,-0.0969,-0.1023,-1633.95,-3742.83,3742.83,-0.0972,-0.0978,-0.0952
0.1,0.2,1.0,2,34358,10375,436,23547,1.269,68.53,-0.0742,37.2,-0.0031,-0.0431,-0.0941,-0.1031,-1482.13,-3232.36,3232.36,-0.0943,-0.0941,-0.0936
0.1,0.2,1.0,3,31574,12006,603,18965,1.91,60.07,-0.1,32.8,-0.0031,-0.0431,-0.0917,-0.1031,-1360.92,-2895.18,2895.23,-0.0938,-0.0904,-0.0899
0.1,0.2,1.0,4,29579,12918,793,15868,2.681,53.65,-0.1194,30.2,-0.0035,-0.0435,-0.0904,-0.1035,-1287.91,-2675.11,2675.62,-0.0917,-0.0906,-0.0881
0.1,0.2,1.0,6,26801,13877,1113,11811,4.153,44.07,-0.1512,25.4,-0.0046,-0.0446,-0.0891,-0.1046,-1195.37,-2387.12,2388.76,-0.0898,-0.0883,-0.0889
0.1,0.2,1.0,12,22614,14393,1656,6565,7.323,29.03,-0.2078,19.3,-0.0063,-0.0463,-0.0872,-0.1063,-1046.32,-1971.37,1973.04,-0.087,-0.0846,-0.091
0.1,0.2,1.0,24,19570,14285,2177,3108,11.124,15.88,-0.2688,13.6,-0.0079,-0.0479,-0.086,-0.1079,-938.12,-1683.77,1686.04,-0.0871,-0.0837,-0.0874
0.1,0.2,1.0,48,17789,13982,2573,1234,14.464,6.94,-0.302,12.0,-0.0084,-0.0484,-0.0848,-0.1084,-860.88,-1508.76,1511.56,-0.085,-0.0831,-0.0868
0.1,0.2,1.0,288,16641,13737,2883,21,17.325,0.13,-0.4,14.3,-0.0087,-0.0487,-0.0839,-0.1087,-809.64,-1395.99,1399.05,-0.0832,-0.0842,-0.0847
0.1,0.2,1.7999999999999998,0,11002,9876,1126,0,10.235,0.0,,,-0.0047,-0.0447,-0.0778,-0.1047,-491.68,-855.52,863.1,-0.0756,-0.0764,-0.0838
0.1,0.2,1.7999999999999998,1,38516,6916,43,31557,0.112,81.93,-0.0432,43.2,-0.0015,-0.0415,-0.0961,-0.1015,-1597.71,-3701.19,3701.19,-0.096,-0.0973,-0.0946
0.1,0.2,1.7999999999999998,2,34100,10229,71,23800,0.208,69.79,-0.0836,36.8,-0.0021,-0.0421,-0.0931,-0.1021,-1435.79,-3174.92,3174.92,-0.0926,-0.0937,-0.0932
0.1,0.2,1.7999999999999998,3,31212,11790,97,19325,0.311,61.92,-0.1155,32.1,-0.0016,-0.0416,-0.0902,-0.1016,-1297.01,-2816.03,2816.08,-0.0915,-0.0899,-0.0885
0.1,0.2,1.7999999999999998,4,29072,12605,132,16335,0.454,56.19,-0.1429,29.4,-0.0017,-0.0417,-0.0887,-0.1017,-1213.11,-2579.28,2579.79,-0.0889,-0.0895,-0.0873
0.1,0.2,1.7999999999999998,6,25998,13341,209,12448,0.804,47.88,-0.1897,24.0,-0.0027,-0.0427,-0.0873,-0.1027,-1109.18,-2268.83,2270.47,-0.0867,-0.0867,-0.0889
0.1,0.2,1.7999999999999998,12,21146,13399,372,7375,1.759,34.88,-0.2839,17.1,-0.0039,-0.0439,-0.0849,-0.1039,-929.12,-1795.91,1797.58,-0.0838,-0.0819,-0.0911
0.1,0.2,1.7999999999999998,24,17044,12538,573,3933,3.362,23.08,-0.3948,10.6,-0.0045,-0.0445,-0.0824,-0.1045,-758.34,-1404.84,1407.25,-0.0804,-0.0809,-0.088
0.1,0.2,1.7999999999999998,48,14138,11426,774,1938,5.475,13.71,-0.5064,7.8,-0.0063,-0.0463,-0.0821,-0.1063,-654.93,-1160.43,1163.44,-0.0803,-0.0791,-0.0894
0.1,0.2,1.7999999999999998,288,11165,9965,1111,89,9.951,0.8,-0.6159,3.4,-0.0055,-0.0455,-0.0787,-0.1055,-508.22,-879.17,886.75,-0.0765,-0.0773,-0.085
0.1,0.2,3.0,0,7568,7086,482,0,6.369,0.0,,,-0.0038,-0.0438,-0.0757,-0.1038,-331.52,-573.02,579.19,-0.0741,-0.0699,-0.0869
0.1,0.2,3.0,1,38498,6910,12,31576,0.031,82.02,-0.0438,43.1,-0.0009,-0.0409,-0.0956,-0.1009,-1576.36,-3678.94,3678.94,-0.0954,-0.0969,-0.0941
0.1,0.2,3.0,2,34063,10212,22,23829,0.065,69.96,-0.0855,36.7,-0.0018,-0.0418,-0.0928,-0.1018,-1422.7,-3160.12,3160.12,-0.0924,-0.0935,-0.0924
0.1,0.2,3.0,3,31151,11749,27,19375,0.087,62.2,-0.1189,32.1,-0.0011,-0.0411,-0.0898,-0.1011,-1281.2,-2797.79,2797.84,-0.0916,-0.0892,-0.0878
0.1,0.2,3.0,4,28990,12550,28,16412,0.097,56.61,-0.149,29.2,-0.0007,-0.0407,-0.0877,-0.1007,-1178.53,-2541.43,2541.94,-0.088,-0.0886,-0.0858
0.1,0.2,3.0,6,25831,13215,40,12576,0.155,48.69,-0.2041,23.8,-0.0017,-0.0417,-0.0863,-0.1017,-1077.06,-2230.47,2232.11,-0.0854,-0.0863,-0.088
0.1,0.2,3.0,12,20750,13080,90,7580,0.434,36.53,-0.3221,16.6,-0.0046,-0.0446,-0.0857,-0.1046,-925.65,-1778.25,1779.91,-0.0851,-0.0824,-0.0913
0.1,0.2,3.0,24,16321,11940,147,4234,0.901,25.94,-0.4797,9.8,-0.0052,-0.0452,-0.0832,-0.1052,-736.98,-1358.04,1360.46,-0.084,-0.0772,-0.0901
0.1,0.2,3.0,48,12884,10408,225,2251,1.746,17.47,-0.6681,6.6,-0.0076,-0.0476,-0.0833,-0.1076,-612.75,-1073.55,1076.56,-0.084,-0.0786,-0.0888
0.1,0.2,3.0,288,8266,7599,439,228,5.311,2.76,-1.1067,1.8,-0.006,-0.046,-0.0784,-0.106,-380.18,-648.17,655.12,-0.0779,-0.0745,-0.085
0.1,0.25,0.5,0,22794,14914,7880,0,34.571,0.0,,,-0.0093,-0.0493,-0.0896,-0.1093,-1123.26,-2043.48,2046.78,-0.0901,-0.0881,-0.0911
0.1,0.25,0.5,1,39320,4823,1516,32981,3.856,83.88,-0.018,47.5,-0.0037,-0.0437,-0.1001,-0.1037,-1720.22,-3934.73,3934.73,-0.1008,-0.1002,-0.0987
0.1,0.25,0.5,2,35362,8090,2661,24611,7.525,69.6,-0.0319,44.4,-0.0026,-0.0426,-0.0958,-0.1026,-1507.36,-3386.38,3386.38,-0.0954,-0.0957,-0.0964
0.1,0.25,0.5,3,32846,9886,3575,19385,10.884,59.02,-0.0416,41.9,-0.0037,-0.0437,-0.0947,-0.1037,-1435.72,-3109.9,3109.9,-0.0954,-0.0935,-0.0951
0.1,0.25,0.5,4,31073,10964,4217,15892,13.571,51.14,-0.0493,40.5,-0.0048,-0.0448,-0.0942,-0.1048,-1393.14,-2928.6,2928.74,-0.095,-0.0938,-0.0935
0.1,0.25,0.5,6,28650,12307,5049,11294,17.623,39.42,-0.0644,36.9,-0.0061,-0.0461,-0.0932,-0.1061,-1320.64,-2670.43,2672.19,-0.094,-0.0915,-0.0942
0.1,0.25,0.5,12,25623,13775,6399,5449,24.974,21.27,-0.0819,33.4,-0.0079,-0.0479,-0.0918,-0.1079,-1227.2,-2351.33,2353.18,-0.0917,-0.0891,-0.0957
0.1,0.25,0.5,24,23790,14510,7318,1962,30.761,8.25,-0.0929,30.8,-0.009,-0.049,-0.0907,-0.109,-1165.36,-2157.46,2160.65,-0.0913,-0.0889,-0.0922
0.1,0.25,0.5,48,23046,14774,7707,565,33.442,2.45,-0.102,29.7,-0.0094,-0.0494,-0.0902,-0.1094,-1139.48,-2079.02,2082.11,-0.0906,-0.0886,-0.0917
0.1,0.25,0.5,288,22795,14912,7878,5,34.56,0.02,-0.0509,40.0,-0.0093,-0.0493,-0.0896,-0.1093,-1123.05,-2043.39,2046.69,-0.09,-0.0881,-0.0911
0.1,0.25,1.0,0,14531,11531,3000,0,20.646,0.0,,,-0.0081,-0.0481,-0.0843,-0.1081,-698.49,-1224.42,1227.98,-0.0823,-0.0843,-0.0877
0.1,0.25,1.0,1,38498,4597,206,33695,0.535,87.52,-0.0298,46.2,-0.0016,-0.0416,-0.098,-0.1016,-1601.25,-3773.22,3773.22,-0.0982,-0.0988,-0.0966
0.1,0.25,1.0,2,33907,7539,438,25930,1.292,76.47,-0.0575,41.7,-0.0013,-0.0413,-0.0946,-0.1013,-1400.38,-3208.63,3208.63,-0.094,-0.0946,-0.0957
0.1,0.25,1.0,3,30852,9058,610,21184,1.977,68.66,-0.0796,38.0,-0.001,-0.041,-0.0922,-0.101,-1266.03,-2845.41,2845.41,-0.0936,-0.0904,-0.0924
0.1,0.25,1.0,4,28665,9973,809,17883,2.822,62.39,-0.0973,35.7,-0.002,-0.042,-0.0915,-0.102,-1202.73,-2623.44,2623.59,-0.0924,-0.0912,-0.0905
0.1,0.25,1.0,6,25581,11018,1148,13415,4.488,52.44,-0.1264,31.0,-0.0035,-0.0435,-0.0906,-0.1035,-1112.18,-2316.5,2318.26,-0.0903,-0.0889,-0.0932
0.1,0.25,1.0,12,21063,11808,1689,7566,8.019,35.92,-0.181,24.6,-0.0051,-0.0451,-0.0882,-0.1051,-949.01,-1858.55,1860.18,-0.0871,-0.0848,-0.0949
0.1,0.25,1.0,24,17772,11950,2248,3574,12.649,20.11,-0.241,18.4,-0.0068,-0.0468,-0.0867,-0.1068,-832.56,-1540.38,1542.85,-0.0865,-0.0837,-0.0909
0.1,0.25,1.0,48,15842,11712,2652,1478,16.74,9.33,-0.2721,15.6,-0.008,-0.048,-0.0858,-0.108,-759.8,-1358.96,1361.79,-0.0847,-0.085,-0.0888
0.1,0.25,1.0,288,14552,11533,2990,29,20.547,0.2,-0.361,10.3,-0.0081,-0.0481,-0.0843,-0.1081,-699.3,-1226.43,1229.99,-0.0823,-0.0843,-0.0878
0.1,0.25,1.7999999999999998,0,9381,8219,1162,0,12.387,0.0,,,-0.0039,-0.0439,-0.0776,-0.1039,-412.09,-728.38,736.32,-0.0719,-0.0791,-0.0868
0.1,0.25,1.7999999999999998,1,38388,4556,42,33790,0.109,88.02,-0.0326,46.1,-0.001,-0.041,-0.0975,-0.101,-1574.67,-3741.27,3741.27,-0.0973,-0.0984,-0.0964
0.1,0.25,1.7999999999999998,2,33651,7409,68,26174,0.202,77.78,-0.0665,41.2,-0.0003,-0.0403,-0.0937,-0.1003,-1355.64,-3152.43,3152.43,-0.0922,-0.0943,-0.0952
0.1,0.25,1.7999999999999998,3,30509,8869,100,21540,0.328,70.6,-0.0939,37.3,0.0005,-0.0395,-0.0908,-0.0995,-1206.48,-2770.95,2770.95,-0.0916,-0.09,-0.0906
0.1,0.25,1.7999999999999998,4,28166,9678,133,18355,0.472,65.17,-0.1195,34.8,-0.0005,-0.0405,-0.0902,-0.1005,-1140.15,-2539.77,2539.92,-0.09,-0.0907,-0.0898
0.1,0.25,1.7999999999999998,6,24806,10541,211,14054,0.851,56.66,-0.1635,29.5,-0.0017,-0.0417,-0.089,-0.1017,-1034.82,-2206.95,2208.7,-0.087,-0.0884,-0.0931
0.1,0.25,1.7999999999999998,12,19665,10911,384,8370,1.953,42.56,-0.2512,22.2,-0.0034,-0.0434,-0.0867,-0.1034,-852.76,-1705.33,1706.97,-0.0836,-0.0841,-0.0957
0.1,0.25,1.7999999999999998,24,15507,10498,586,4423,3.779,28.52,-0.3634,14.9,-0.0024,-0.0424,-0.0821,-0.1024,-657.94,-1273.42,1275.89,-0.0775,-0.0826,-0.0893
0.1,0.25,1.7999999999999998,48,12565,9582,797,2186,6.343,17.4,-0.4623,11.0,-0.004,-0.044,-0.0811,-0.104,-552.31,-1018.75,1021.69,-0.0778,-0.0811,-0.0868
0.1,0.25,1.7999999999999998,288,9552,8296,1146,110,11.997,1.15,-0.5492,4.5,-0.0052,-0.0452,-0.0791,-0.1052,-431.3,-755.54,763.48,-0.0729,-0.0808,-0.0887
0.1,0.25,3.0,0,6401,5907,494,0,7.718,0.0,,,-0.0008,-0.0408,-0.0731,-0.1008,-261.29,-468.14,476.3,-0.0697,-0.0676,-0.0876
0.1,0.25,3.0,1,38369,4547,11,33811,0.029,88.12,-0.0332,46.0,-0.0005,-0.0405,-0.0969,-0.1005,-1554.11,-3719.84,3719.84,-0.0967,-0.098,-0.0959
0.1,0.25,3.0,2,33615,7392,23,26200,0.068,77.94,-0.0681,41.2,-0.0001,-0.0401,-0.0935,-0.1001,-1348.75,-3143.89,3143.89,-0.0924,-0.0941,-0.0945
0.1,0.25,3.0,3,30443,8822,27,21594,0.089,70.93,-0.0972,37.3,0.0008,-0.0392,-0.0905,-0.0992,-1193.21,-2755.13,2755.13,-0.0921,-0.089,-0.0899
0.1,0.25,3.0,4,28083,9620,28,18435,0.1,65.64,-0.1253,34.6,0.0004,-0.0396,-0.0893,-0.0996,-1111.78,-2508.16,2508.31,-0.0897,-0.0898,-0.088
0.1,0.25,3.0,6,24658,10433,41,14184,0.166,57.52,-0.1766,29.3,-0.0008,-0.0408,-0.0881,-0.1008,-1005.75,-2172.24,2173.99,-0.0865,-0.0876,-0.0914
0.1,0.25,3.0,12,19288,10619,91,8578,0.472,44.47,-0.2861,21.6,-0.0037,-0.0437,-0.0872,-0.1037,-843.51,-1682.22,1683.86,-0.0853,-0.0837,-0.0952
0.1,0.25,3.0,24,14790,9907,154,4729,1.041,31.97,-0.4424,13.9,-0.0052,-0.0452,-0.0851,-0.1052,-668.88,-1259.07,1261.55,-0.0845,-0.0794,-0.0941
0.1,0.25,3.0,48,11404,8664,230,2510,2.017,22.01,-0.614,9.5,-0.0057,-0.0457,-0.0829,-0.1057,-521.19,-945.51,948.46,-0.0838,-0.0779,-0.0884
0.1,0.25,3.0,288,7045,6346,450,249,6.388,3.53,-1.0641,1.6,-0.004,-0.044,-0.077,-0.104,-310.26,-542.58,551.45,-0.0745,-0.0745,-0.0854
0.1,0.3,0.5,0,20866,12824,8042,0,38.541,0.0,,,-0.0083,-0.0483,-0.0899,-0.1083,-1008.44,-1875.68,1879.63,-0.0913,-0.0867,-0.0918
0.1,0.3,0.5,1,39253,3262,1506,34485,3.837,87.85,-0.0102,49.4,-0.0032,-0.0432,-0.1007,-0.1032,-1695.49,-3952.81,3952.81,-0.1018,-0.1008,-0.0988
0.1,0.3,0.5,2,35060,5989,2684,26387,7.655,75.26,-0.0194,47.4,-0.0016,-0.0416,-0.0965,-0.1016,-1459.11,-3383.04,3383.04,-0.0961,-0.0966,-0.097
0.1,0.3,0.5,3,32317,7571,3592,21154,11.115,65.46,-0.0261,45.7,-0.0024,-0.0424,-0.0954,-0.1024,-1370.09,-3081.98,3082.17,-0.0968,-0.0934,-0.0957
0.1,0.3,0.5,4,30337,8625,4260,17452,14.042,57.53,-0.0331,44.6,-0.004,-0.044,-0.0955,-0.104,-1334.33,-2895.8,2895.94,-0.0966,-0.0947,-0.0945
0.1,0.3,0.5,6,27660,9923,5119,12618,18.507,45.62,-0.0449,41.9,-0.0054,-0.0454,-0.0946,-0.1054,-1255.84,-2617.75,2619.46,-0.0952,-0.0942,-0.0943
0.1,0.3,0.5,12,24194,11458,6489,6247,26.821,25.82,-0.0597,39.0,-0.0074,-0.0474,-0.0932,-0.1074,-1147.86,-2255.76,2257.98,-0.0932,-0.0897,-0.0981
0.1,0.3,0.5,24,22117,12306,7420,2391,33.549,10.81,-0.0654,37.7,-0.0079,-0.0479,-0.0912,-0.1079,-1059.19,-2017.03,2020.51,-0.0921,-0.0883,-0.0935
0.1,0.3,0.5,48,21234,12674,7845,715,36.945,3.37,-0.0747,37.1,-0.0082,-0.0482,-0.0903,-0.1082,-1023.09,-1916.91,1920.55,-0.0914,-0.0872,-0.0925
0.1,0.3,0.5,288,20868,12822,8039,7,38.523,0.03,-0.0382,42.9,-0.0083,-0.0483,-0.0899,-0.1083,-1007.89,-1875.31,1879.26,-0.0912,-0.0867,-0.0917
0.1,0.3,1.0,0,12881,9815,3066,0,23.802,0.0,,,-0.0094,-0.0494,-0.0866,-0.1094,-636.74,-1115.15,1121.67,-0.0867,-0.0837,-0.0903
0.1,0.3,1.0,1,38423,3065,203,35155,0.528,91.49,-0.022,48.1,-0.0015,-0.0415,-0.0991,-0.1015,-1595.54,-3808.97,3808.97,-0.0997,-0.0996,-0.0975
0.1,0.3,1.0,2,33594,5487,443,27664,1.319,82.35,-0.0446,44.6,-0.0009,-0.0409,-0.096,-0.1009,-1375.26,-3226.29,3226.29,-0.0949,-0.0964,-0.0974
0.1,0.3,1.0,3,30361,6880,614,22867,2.022,75.32,-0.0633,41.7,0.0001,-0.0399,-0.0931,-0.0999,-1211.82,-2827.08,2827.28,-0.0946,-0.0911,-0.0936
0.1,0.3,1.0,4,27982,7769,813,19400,2.905,69.33,-0.0801,39.7,-0.0013,-0.0413,-0.093,-0.1013,-1156.29,-2602.14,2602.29,-0.0934,-0.0928,-0.0925
0.1,0.3,1.0,6,24663,8791,1161,14711,4.707,59.65,-0.106,35.5,-0.0034,-0.0434,-0.0927,-0.1034,-1069.51,-2285.56,2287.12,-0.0922,-0.0921,-0.0943
0.1,0.3,1.0,12,19848,9779,1704,8365,8.585,42.15,-0.1569,29.4,-0.0042,-0.0442,-0.0894,-0.1042,-877.03,-1774.54,1776.49,-0.0898,-0.0847,-0.0952
0.1,0.3,1.0,24,16348,10055,2268,4025,13.873,24.62,-0.2112,23.4,-0.0062,-0.0462,-0.0878,-0.1062,-755.53,-1434.76,1437.15,-0.0872,-0.0838,-0.0942
0.1,0.3,1.0,48,14300,9922,2685,1693,18.776,11.84,-0.2447,19.7,-0.0086,-0.0486,-0.0878,-0.1086,-694.7,-1255.04,1258.33,-0.0863,-0.0857,-0.0931
0.1,0.3,1.0,288,12905,9816,3056,33,23.681,0.26,-0.287,18.2,-0.0094,-0.0494,-0.0865,-0.1094,-636.87,-1116.69,1123.21,-0.0867,-0.0836,-0.0904
0.1,0.3,1.7999999999999998,0,8173,6986,1187,0,14.523,0.0,,,-0.005,-0.045,-0.0793,-0.105,-367.72,-648.52,660.06,-0.0724,-0.0841,-0.0862
0.1,0.3,1.7999999999999998,1,38313,3021,42,35250,0.11,92.01,-0.0248,47.9,-0.0011,-0.0411,-0.0988,-0.1011,-1576.45,-3784.6,3784.6,-0.0991,-0.0994,-0.0974
0.1,0.3,1.7999999999999998,2,33346,5373,69,27904,0.207,83.68,-0.0533,44.1,0.0,-0.04,-0.0952,-0.1,-1333.75,-3173.32,3173.32,-0.0933,-0.0963,-0.0968
0.1,0.3,1.7999999999999998,3,30030,6707,102,23221,0.34,77.33,-0.077,41.1,0.0014,-0.0386,-0.0919,-0.0986,-1160.24,-2760.83,2761.02,-0.0933,-0.0906,-0.0915
0.1,0.3,1.7999999999999998,4,27496,7493,131,19872,0.476,72.27,-0.1013,38.6,-0.0,-0.04,-0.0919,-0.1,-1101.01,-2525.98,2526.13,-0.0919,-0.0921,-0.0915
0.1,0.3,1.7999999999999998,6,23940,8382,216,15342,0.902,64.09,-0.1409,34.0,-0.0015,-0.0415,-0.091,-0.1015,-993.66,-2178.6,2180.16,-0.0887,-0.0919,-0.0936
0.1,0.3,1.7999999999999998,12,18549,9005,387,9157,2.086,49.37,-0.2235,26.7,-0.0023,-0.0423,-0.0877,-0.1023,-783.7,-1626.49,1628.43,-0.0851,-0.0839,-0.0972
0.1,0.3,1.7999999999999998,24,14338,8880,603,4855,4.206,33.86,-0.3279,19.3,-0.0009,-0.0409,-0.0823,-0.1009,-586.69,-1180.57,1182.96,-0.0775,-0.0817,-0.0913
0.1,0.3,1.7999999999999998,48,11300,8081,805,2414,7.124,21.36,-0.4268,14.3,-0.0049,-0.0449,-0.0834,-0.1049,-506.92,-942.49,945.9,-0.077,-0.0843,-0.0932
0.1,0.3,1.7999999999999998,288,8340,7052,1168,120,14.005,1.44,-0.5279,5.0,-0.006,-0.046,-0.0806,-0.106,-383.74,-672.58,683.52,-0.0733,-0.0851,-0.0884
0.1,0.3,3.0,0,5491,4988,503,0,9.16,0.0,,,-0.0023,-0.0423,-0.075,-0.1023,-232.24,-412.06,423.55,-0.0694,-0.076,-0.0846
0.1,0.3,3.0,1,38292,3008,11,35273,0.029,92.12,-0.0255,47.9,-0.0008,-0.0408,-0.0984,-0.1008,-1562.52,-3769.8,3769.8,-0.0987,-0.0993,-0.0969
0.1,0.3,3.0,2,33310,5355,24,27931,0.072,83.85,-0.0549,44.1,0.0001,-0.0399,-0.0951,-0.0999,-1330.68,-3168.63,3168.63,-0.0935,-0.0964,-0.0962
0.1,0.3,3.0,3,29965,6661,29,23275,0.097,77.67,-0.0802,41.0,0.0015,-0.0385,-0.0918,-0.0985,-1153.95,-2752.02,2752.21,-0.0937,-0.09,-0.0913
0.1,0.3,3.0,4,27412,7435,28,19949,0.102,72.77,-0.1067,38.5,0.0007,-0.0393,-0.0912,-0.0993,-1077.97,-2499.64,2499.79,-0.0916,-0.0917,-0.0898
0.1,0.3,3.0,6,23798,8282,45,15471,0.189,65.01,-0.1533,33.7,-0.0009,-0.0409,-0.0905,-0.1009,-973.85,-2153.27,2154.83,-0.0887,-0.0916,-0.0919
0.1,0.3,3.0,12,18214,8760,89,9365,0.489,51.42,-0.2567,26.1,-0.0023,-0.0423,-0.0879,-0.1023,-771.26,-1601.3,1603.25,-0.0871,-0.0837,-0.0952
0.1,0.3,3.0,24,13693,8375,158,5160,1.154,37.68,-0.4046,18.1,-0.0036,-0.0436,-0.0853,-0.1036,-597.14,-1167.47,1169.86,-0.0848,-0.0789,-0.0949
0.1,0.3,3.0,48,10289,7327,230,2732,2.235,26.55,-0.5712,12.7,-0.0051,-0.0451,-0.0837,-0.1051,-464.02,-861.55,864.95,-0.0832,-0.0791,-0.091
0.1,0.3,3.0,288,6099,5373,456,270,7.477,4.43,-1.0075,3.7,-0.0046,-0.0446,-0.0782,-0.1046,-272.09,-476.84,486.79,-0.0741,-0.08,-0.0835
0.1,0.5,0.5,0,15798,7912,7886,0,49.918,0.0,,,0.0008,-0.0392,-0.0842,-0.0992,-618.92,-1329.44,1335.24,-0.0847,-0.0863,-0.0803
0.1,0.5,0.5,1,39188,926,1494,36768,3.812,93.82,0.0059,52.2,-0.0017,-0.0417,-0.101,-0.1017,-1634.14,-3957.64,3957.64,-0.1019,-0.1014,-0.0988
0.1,0.5,0.5,2,34554,2100,2688,29766,7.779,86.14,0.0114,52.9,0.0013,-0.0387,-0.0968,-0.0987,-1336.31,-3346.55,3346.55,-0.0964,-0.0979,-0.0961
0.1,0.5,0.5,3,31303,2968,3562,24773,11.379,79.14,0.0129,52.8,0.0007,-0.0393,-0.0964,-0.0993,-1229.09,-3018.23,3018.88,-0.0975,-0.096,-0.0952
0.1,0.5,0.5,4,28956,3660,4233,21063,14.619,72.74,0.0143,53.3,0.0005,-0.0395,-0.0957,-0.0995,-1143.97,-2771.53,2772.49,-0.0959,-0.0966,-0.0942
0.1,0.5,0.5,6,25620,4659,5069,15892,19.785,62.03,0.0134,52.7,0.0003,-0.0397,-0.0943,-0.0997,-1017.26,-2414.69,2417.81,-0.0962,-0.0938,-0.0916
0.1,0.5,0.5,12,21091,6148,6386,8557,30.278,40.57,0.0127,52.7,-0.0005,-0.0405,-0.0917,-0.1005,-853.58,-1934.6,1937.88,-0.0896,-0.0915,-0.0957
0.1,0.5,0.5,24,18067,7116,7213,3738,39.924,20.69,0.0195,53.6,0.0013,-0.0387,-0.0868,-0.0987,-698.38,-1568.92,1573.67,-0.086,-0.0884,-0.0862
0.1,0.5,0.5,48,16543,7625,7642,1276,46.195,7.71,0.0096,53.1,0.0002,-0.0398,-0.0859,-0.0998,-658.02,-1421.85,1426.68,-0.0859,-0.0871,-0.0844
0.1,0.5,0.5,288,15806,7906,7883,17,49.873,0.11,0.0597,70.6,0.0008,-0.0392,-0.0842,-0.0992,-619.73,-1330.91,1336.71,-0.0848,-0.0863,-0.0803
0.1,0.5,1.0,0,9250,6176,3074,0,33.232,0.0,,,0.0015,-0.0385,-0.0785,-0.0985,-356.0,-725.72,737.5,-0.072,-0.0845,-0.0826
0.1,0.5,1.0,1,38348,844,202,37302,0.527,97.27,-0.0066,50.7,-0.0006,-0.0406,-0.1,-0.1006,-1558.33,-3833.89,3833.89,-0.1004,-0.1011,-0.0977
0.1,0.5,1.0,2,33145,1877,444,30824,1.34,93.0,-0.0144,49.8,0.0016,-0.0384,-0.0967,-0.0984,-1273.9,-3206.29,3206.29,-0.0954,-0.0982,-0.0969
0.1,0.5,1.0,3,29468,2593,615,26260,2.087,89.11,-0.0239,48.5,0.0018,-0.0382,-0.0955,-0.0982,-1124.67,-2814.96,2815.61,-0.0964,-0.0946,-0.0953
0.1,0.5,1.0,4,26818,3210,818,22790,3.05,84.98,-0.031,48.0,0.003,-0.037,-0.0934,-0.097,-991.48,-2504.26,2505.22,-0.0933,-0.0938,-0.0929
0.1,0.5,1.0,6,22985,3992,1160,17833,5.047,77.59,-0.0451,45.9,0.0014,-0.0386,-0.0934,-0.0986,-887.07,-2146.41,2149.1,-0.0941,-0.0925,-0.0934
0.1,0.5,1.0,12,17393,5156,1709,10528,9.826,60.53,-0.0797,42.1,0.0017,-0.0383,-0.0894,-0.0983,-665.97,-1554.87,1557.81,-0.0855,-0.0898,-0.0952
0.1,0.5,1.0,24,13386,5844,2241,5301,16.741,39.6,-0.1168,37.9,0.0046,-0.0354,-0.0823,-0.0954,-473.74,-1101.58,1104.77,-0.078,-0.0856,-0.085
0.1,0.5,1.0,48,11005,6096,2659,2250,24.162,20.45,-0.1603,32.4,0.0026,-0.0374,-0.0808,-0.0974,-411.82,-889.24,894.37,-0.0737,-0.088,-0.0836
0.1,0.5,1.0,288,9289,6165,3061,63,32.953,0.68,-0.1891,30.2,0.001,-0.039,-0.0791,-0.099,-361.97,-734.36,745.38,-0.072,-0.0855,-0.0836
0.1,0.5,1.7999999999999998,0,5648,4447,1201,0,21.264,0.0,,,0.0109,-0.0291,-0.0655,-0.0891,-164.22,-369.69,392.87,-0.0552,-0.0724,-0.0756
0.1,0.5,1.7999999999999998,1,38239,819,38,37382,0.099,97.76,-0.0094,50.6,-0.0003,-0.0403,-0.0997,-0.1003,-1540.8,-3810.57,3810.57,-0.0996,-0.1007,-0.0982
0.1,0.5,1.7999999999999998,2,32905,1788,70,31047,0.213,94.35,-0.0224,49.4,0.0023,-0.0377,-0.0961,-0.0977,-1242.13,-3162.79,3162.79,-0.0943,-0.098,-0.0966
0.1,0.5,1.7999999999999998,3,29167,2478,101,26588,0.346,91.16,-0.0366,47.8,0.0029,-0.0371,-0.0946,-0.0971,-1082.92,-2758.6,2759.26,-0.0954,-0.0938,-0.0942
0.1,0.5,1.7999999999999998,4,26381,3017,132,23232,0.5,88.06,-0.0501,47.0,0.0041,-0.0359,-0.0925,-0.0959,-947.54,-2439.89,2440.84,-0.0923,-0.093,-0.0921
0.1,0.5,1.7999999999999998,6,22356,3711,216,18429,0.966,82.43,-0.0759,44.3,0.003,-0.037,-0.092,-0.097,-826.76,-2056.79,2059.48,-0.0915,-0.091,-0.0942
0.1,0.5,1.7999999999999998,12,16324,4647,395,11282,2.42,69.11,-0.1382,39.1,0.0033,-0.0367,-0.0882,-0.0967,-599.13,-1439.16,1442.1,-0.0832,-0.0885,-0.0957
0.1,0.5,1.7999999999999998,24,11773,5079,582,6112,4.944,51.92,-0.2247,32.2,0.0101,-0.0299,-0.077,-0.0899,-352.4,-906.41,909.6,-0.0711,-0.0813,-0.0808
0.1,0.5,1.7999999999999998,48,8659,4903,795,2961,9.181,34.2,-0.3253,23.7,0.0066,-0.0334,-0.0764,-0.0934,-288.96,-661.41,669.43,-0.0646,-0.0829,-0.0872
0.1,0.5,1.7999999999999998,288,5841,4499,1176,166,20.134,2.84,-0.4932,13.3,0.0087,-0.0313,-0.0682,-0.0913,-182.81,-398.3,416.69,-0.0575,-0.0743,-0.0798
0.1,0.5,3.0,0,3668,3162,506,0,13.795,0.0,,,0.0172,-0.0228,-0.057,-0.0828,-83.72,-208.94,247.1,-0.0473,-0.0681,-0.061
0.1,0.5,3.0,1,38221,811,11,37399,0.029,97.85,-0.01,50.5,-0.0001,-0.0401,-0.0994,-0.1001,-1532.09,-3801.02,3801.02,-0.0995,-0.1007,-0.0977
0.1,0.5,3.0,2,32870,1773,22,31075,0.067,94.54,-0.0239,49.3,0.0024,-0.0376,-0.096,-0.0976,-1236.24,-3155.25,3155.25,-0.0942,-0.0982,-0.0959
0.1,0.5,3.0,3,29111,2447,27,26637,0.093,91.5,-0.0395,47.7,0.0031,-0.0369,-0.0944,-0.0969,-1074.34,-2747.59,2748.24,-0.0958,-0.0931,-0.0939
0.1,0.5,3.0,4,26314,2982,29,23303,0.11,88.56,-0.0552,46.8,0.0044,-0.0356,-0.0922,-0.0956,-935.64,-2425.02,2425.97,-0.0925,-0.0925,-0.091
0.1,0.5,3.0,6,22222,3632,42,18548,0.189,83.47,-0.0865,44.0,0.0039,-0.0361,-0.0912,-0.0961,-802.81,-2027.17,2029.86,-0.0912,-0.091,-0.0915
0.1,0.5,3.0,12,16064,4494,93,11477,0.579,71.45,-0.1669,38.4,0.0033,-0.0367,-0.0883,-0.0967,-589.64,-1418.66,1421.6,-0.0855,-0.0879,-0.0934
0.1,0.5,3.0,24,11329,4789,156,6384,1.377,56.35,-0.2885,30.9,0.0075,-0.0325,-0.0798,-0.0925,-368.35,-904.42,908.31,-0.0777,-0.0797,-0.0834
0.1,0.5,3.0,48,7956,4467,231,3258,2.903,40.95,-0.4592,21.6,0.0056,-0.0344,-0.0776,-0.0944,-273.69,-617.04,625.33,-0.0724,-0.0797,-0.083
0.1,0.5,3.0,288,4189,3422,452,315,10.79,7.52,-0.9339,7.6,0.0145,-0.0255,-0.061,-0.0855,-106.73,-255.41,276.81,-0.0572,-0.0682,-0.0578
0.16,0.1,0.5,0,20275,16404,3871,0,19.092,0.0,,,-0.0146,-0.0546,-0.0903,-0.1146,-1106.1,-1830.48,1830.66,-0.0947,-0.0867,-0.0869
0.16,0.1,0.5,1,22039,11480,1372,9187,6.225,41.69,-0.0818,25.7,-0.0132,-0.0532,-0.0975,-0.1132,-1171.48,-2149.42,2149.48,-0.0997,-0.0977,-0.0933
0.16,0.1,0.5,2,21439,13594,1985,5860,9.259,27.33,-0.1134,18.7,-0.0139,-0.0539,-0.0949,-0.1139,-1155.19,-2033.71,2033.77,-0.0974,-0.0932,-0.0924
0.16,0.1,0.5,3,21126,14556,2436,4134,11.531,19.57,-0.1282,15.4,-0.0138,-0.0538,-0.0932,-0.1138,-1137.38,-1968.26,1968.32,-0.0966,-0.0908,-0.09
0.16,0.1,0.5,4,20912,15036,2718,3158,12.997,15.1,-0.1402,13.9,-0.0143,-0.0543,-0.0927,-0.1143,-1134.56,-1938.2,1938.26,-0.0964,-0.0898,-0.0896
0.16,0.1,0.5,6,20658,15572,3083,2003,14.924,9.7,-0.1527,12.1,-0.014,-0.054,-0.0914,-0.114,-1116.41,-1888.73,1888.79,-0.0944,-0.0892,-0.0889
0.16,0.1,0.5,12,20399,16096,3556,747,17.432,3.66,-0.1729,7.6,-0.0146,-0.0546,-0.0909,-0.1146,-1113.53,-1854.59,1854.65,-0.0948,-0.0878,-0.0879
0.16,0.1,0.5,24,20299,16309,3793,197,18.686,0.97,-0.1736,8.6,-0.0148,-0.0548,-0.0907,-0.1148,-1111.77,-1840.44,1840.62,-0.0949,-0.0869,-0.0879
0.16,0.1,0.5,48,20280,16390,3855,35,19.009,0.17,-0.1796,0.0,-0.0145,-0.0545,-0.0903,-0.1145,-1105.99,-1831.09,1831.27,-0.0946,-0.0866,-0.0874
0.16,0.1,0.5,288,20275,16404,3871,0,19.092,0.0,,,-0.0146,-0.0546,-0.0903,-0.1146,-1106.1,-1830.48,1830.66,-0.0947,-0.0867,-0.0869
0.16,0.1,1.0,0,16646,15006,1640,0,9.852,0.0,,,-0.0084,-0.0484,-0.0813,-0.1084,-805.24,-1353.82,1354.81,-0.0851,-0.0774,-0.0797
0.16,0.1,1.0,1,21431,11433,212,9786,0.989,45.66,-0.1064,24.1,-0.0051,-0.0451,-0.0891,-0.1051,-967.6,-1910.47,1910.53,-0.0899,-0.0908,-0.0856
0.16,0.1,1.0,2,20477,13313,361,6803,1.763,33.22,-0.1598,16.2,-0.0057,-0.0457,-0.0862,-0.1057,-935.7,-1764.93,1764.99,-0.0876,-0.0852,-0.085
0.16,0.1,1.0,3,19853,14107,477,5269,2.403,26.54,-0.1962,12.3,-0.005,-0.045,-0.0837,-0.105,-894.18,-1662.15,1662.21,-0.0869,-0.082,-0.0802
0.16,0.1,1.0,4,19410,14467,588,4355,3.029,22.44,-0.2218,10.4,-0.0055,-0.0455,-0.0832,-0.1055,-883.72,-1614.31,1614.37,-0.0869,-0.0803,-0.0802
0.16,0.1,1.0,6,18738,14800,763,3175,4.072,16.94,-0.2606,8.0,-0.0059,-0.0459,-0.0822,-0.1059,-859.88,-1540.16,1540.22,-0.0833,-0.081,-0.0817
0.16,0.1,1.0,12,17817,15029,1071,1717,6.011,9.64,-0.3181,4.0,-0.0064,-0.0464,-0.0811,-0.1064,-827.03,-1445.18,1445.24,-0.0829,-0.0783,-0.0816
0.16,0.1,1.0,24,17177,15051,1342,784,7.813,4.56,-0.3524,3.1,-0.0066,-0.0466,-0.0803,-0.1066,-800.22,-1379.31,1379.94,-0.0837,-0.0753,-0.0808
0.16,0.1,1.0,48,16815,15000,1507,308,8.962,1.83,-0.4052,1.0,-0.0078,-0.0478,-0.0811,-0.1078,-804.4,-1363.3,1363.9,-0.0844,-0.0765,-0.081
0.16,0.1,1.0,288,16647,15004,1637,6,9.834,0.04,-0.366,0.0,-0.0083,-0.0483,-0.0813,-0.1083,-804.68,-1353.38,1354.37,-0.085,-0.0774,-0.0798
0.16,0.1,1.7999999999999998,0,13331,12610,721,0,5.408,0.0,,,-0.0028,-0.0428,-0.0744,-0.1028,-570.04,-991.6,992.86,-0.077,-0.0719,-0.0729
0.16,0.1,1.7999999999999998,1,21345,11433,42,9870,0.197,46.24,-0.1128,23.9,-0.0022,-0.0422,-0.0861,-0.1022,-899.86,-1837.57,1837.63,-0.0853,-0.089,-0.0836
0.16,0.1,1.7999999999999998,2,20294,13245,62,6987,0.306,34.43,-0.1788,15.8,-0.0018,-0.0418,-0.0822,-0.1018,-847.89,-1668.18,1668.24,-0.0819,-0.0823,-0.0826
0.16,0.1,1.7999999999999998,3,19581,13968,81,5532,0.414,28.25,-0.2281,11.8,-0.0006,-0.0406,-0.0792,-0.1006,-794.08,-1549.9,1549.96,-0.0808,-0.0777,-0.0781
0.16,0.1,1.7999999999999998,4,19035,14252,105,4678,0.552,24.58,-0.268,9.7,-0.0009,-0.0409,-0.0785,-0.1009,-778.99,-1493.53,1493.59,-0.0808,-0.0755,-0.0782
0.16,0.1,1.7999999999999998,6,18166,14431,155,3580,0.853,19.71,-0.3312,7.1,-0.0012,-0.0412,-0.0774,-0.1012,-748.34,-1405.37,1405.43,-0.0771,-0.0768,-0.0786
0.16,0.1,1.7999999999999998,12,16721,14231,261,2229,1.561,13.33,-0.4439,3.1,-0.0022,-0.0422,-0.0766,-0.1022,-704.94,-1281.27,1281.33,-0.0786,-0.0739,-0.0767
0.16,0.1,1.7999999999999998,24,15443,13773,408,1262,2.642,8.17,-0.5341,2.1,-0.002,-0.042,-0.0753,-0.102,-648.9,-1162.29,1162.92,-0.0775,-0.0723,-0.0752
0.16,0.1,1.7999999999999998,48,14440,13252,525,663,3.636,4.59,-0.6436,0.8,-0.0032,-0.0432,-0.0757,-0.1032,-624.09,-1092.93,1093.53,-0.0788,-0.0742,-0.072
0.16,0.1,1.7999999999999998,288,13359,12609,711,39,5.322,0.29,-0.6157,0.0,-0.0032,-0.0432,-0.0749,-0.1032,-577.27,-1000.54,1001.8,-0.0773,-0.0728,-0.0732
0.16,0.1,3.0,0,10458,10102,356,0,3.404,0.0,,,-0.0055,-0.0455,-0.0765,-0.1055,-476.12,-800.54,802.37,-0.0791,-0.0725,-0.0771
0.16,0.1,3.0,1,21333,11438,13,9882,0.061,46.32,-0.114,23.8,-0.001,-0.041,-0.0849,-0.101,-875.32,-1812.16,1812.22,-0.0842,-0.0882,-0.0819
0.16,0.1,3.0,2,20267,13239,20,7008,0.099,34.58,-0.1826,15.7,-0.0008,-0.0408,-0.0812,-0.1008,-826.26,-1645.11,1645.17,-0.0814,-0.0813,-0.0806
0.16,0.1,3.0,3,19535,13944,24,5567,0.123,28.5,-0.2358,11.7,0.0005,-0.0395,-0.0781,-0.0995,-771.67,-1525.45,1525.51,-0.0804,-0.0763,-0.0764
0.16,0.1,3.0,4,18961,14204,26,4731,0.137,24.95,-0.2832,9.6,0.0001,-0.0399,-0.0774,-0.0999,-755.69,-1467.23,1467.29,-0.0802,-0.0742,-0.0766
0.16,0.1,3.0,6,18026,14319,33,3674,0.183,20.38,-0.3642,6.9,-0.0003,-0.0403,-0.0765,-0.1003,-726.39,-1378.38,1378.44,-0.0766,-0.076,-0.0768
0.16,0.1,3.0,12,16403,13962,63,2378,0.384,14.5,-0.5185,2.9,-0.0016,-0.0416,-0.076,-0.1016,-681.85,-1247.17,1247.23,-0.0781,-0.0728,-0.0766
0.16,0.1,3.0,24,14767,13178,109,1480,0.738,10.02,-0.6889,1.7,-0.002,-0.042,-0.0752,-0.102,-619.5,-1110.18,1110.81,-0.0789,-0.0708,-0.0744
0.16,0.1,3.0,48,13167,12115,166,886,1.261,6.73,-0.864,0.6,-0.004,-0.044,-0.0763,-0.104,-578.7,-1005.27,1005.87,-0.0813,-0.0745,-0.0699
0.16,0.1,3.0,288,10799,10352,325,122,3.01,1.13,-1.1149,0.0,-0.007,-0.047,-0.0783,-0.107,-507.78,-845.16,846.18,-0.0814,-0.0724,-0.0802
0.16,0.16,0.5,0,18684,13836,4848,0,25.947,0.0,,,-0.0113,-0.0513,-0.089,-0.1113,-957.6,-1663.56,1664.76,-0.092,-0.0877,-0.0852
0.16,0.16,0.5,1,21703,7205,1338,13160,6.165,60.64,-0.0529,37.7,-0.0098,-0.0498,-0.0998,-0.1098,-1080.03,-2166.06,2166.14,-0.101,-0.1,-0.0973
0.16,0.16,0.5,2,20794,9797,2090,8907,10.051,42.83,-0.0787,31.4,-0.0086,-0.0486,-0.0945,-0.1086,-1010.28,-1964.01,1964.28,-0.0957,-0.0931,-0.0939
0.16,0.16,0.5,3,20261,11028,2695,6538,13.301,32.27,-0.0937,27.5,-0.0097,-0.0497,-0.0933,-0.1097,-1006.14,-1890.96,1891.53,-0.0956,-0.0925,-0.0903
0.16,0.16,0.5,4,19927,11703,3097,5127,15.542,25.73,-0.1035,25.9,-0.0104,-0.0504,-0.0927,-0.1104,-1003.66,-1848.19,1848.87,-0.0959,-0.0916,-0.0885
0.16,0.16,0.5,6,19506,12436,3590,3480,18.405,17.84,-0.1152,23.3,-0.0106,-0.0506,-0.0914,-0.1106,-986.33,-1783.61,1784.54,-0.0942,-0.0902,-0.0879
0.16,0.16,0.5,12,18987,13276,4268,1443,22.479,7.6,-0.1365,18.9,-0.0109,-0.0509,-0.0899,-0.1109,-966.28,-1707.22,1707.8,-0.0926,-0.089,-0.0861
0.16,0.16,0.5,24,18757,13657,4671,429,24.903,2.29,-0.1448,17.5,-0.0113,-0.0513,-0.0895,-0.1113,-962.77,-1678.48,1679.45,-0.0928,-0.0881,-0.0852
0.16,0.16,0.5,48,18695,13793,4802,100,25.686,0.53,-0.1601,8.0,-0.0112,-0.0512,-0.0891,-0.1112,-957.93,-1665.84,1667.04,-0.092,-0.0877,-0.0856
0.16,0.16,0.5,288,18684,13836,4848,0,25.947,0.0,,,-0.0113,-0.0513,-0.089,-0.1113,-957.6,-1663.56,1664.76,-0.092,-0.0877,-0.0852
0.16,0.16,1.0,0,14316,12260,2056,0,14.362,0.0,,,-0.0066,-0.0466,-0.0809,-0.1066,-667.04,-1158.2,1160.0,-0.0845,-0.0782,-0.0777
0.16,0.16,1.0,1,21010,6999,204,13807,0.971,65.72,-0.0745,35.8,-0.0054,-0.0454,-0.0954,-0.1054,-953.44,-2004.07,2004.15,-0.0958,-0.0969,-0.0926
0.16,0.16,1.0,2,19710,9343,386,9981,1.958,50.64,-0.1194,28.0,-0.0042,-0.0442,-0.09,-0.1042,-870.89,-1773.2,1773.48,-0.0905,-0.0887,-0.0907
0.16,0.16,1.0,3,18801,10390,524,7887,2.787,41.95,-0.1554,22.9,-0.0046,-0.0446,-0.0881,-0.1046,-839.25,-1655.61,1656.19,-0.0912,-0.0874,-0.0833
0.16,0.16,1.0,4,18171,10909,654,6608,3.599,36.37,-0.1805,20.4,-0.0056,-0.0456,-0.0876,-0.1056,-828.35,-1591.34,1592.03,-0.0915,-0.0856,-0.0831
0.16,0.16,1.0,6,17269,11429,893,4947,5.171,28.65,-0.2128,16.8,-0.0068,-0.0468,-0.0869,-0.1068,-808.07,-1501.34,1502.28,-0.0886,-0.0861,-0.085
0.16,0.16,1.0,12,15975,11976,1283,2716,8.031,17.0,-0.2686,11.7,-0.006,-0.046,-0.0835,-0.106,-735.36,-1334.58,1335.13,-0.0844,-0.0822,-0.0838
0.16,0.16,1.0,24,15075,12162,1650,1263,10.945,8.38,-0.3203,8.0,-0.0072,-0.0472,-0.083,-0.1072,-711.63,-1251.27,1252.75,-0.0854,-0.0814,-0.0808
0.16,0.16,1.0,48,14562,12175,1875,512,12.876,3.52,-0.3515,4.5,-0.0073,-0.0473,-0.0823,-0.1073,-689.44,-1197.91,1199.53,-0.0848,-0.0796,-0.0811
0.16,0.16,1.0,288,14317,12255,2052,10,14.333,0.07,-0.362,0.0,-0.0066,-0.0466,-0.0809,-0.1066,-667.5,-1158.87,1160.67,-0.0843,-0.0786,-0.0779
0.16,0.16,1.7999999999999998,0,10676,9786,890,0,8.336,0.0,,,-0.0034,-0.0434,-0.0759,-0.1034,-463.28,-810.26,813.41,-0.0792,-0.0705,-0.0771
0.16,0.16,1.7999999999999998,1,20913,6975,41,13897,0.196,66.45,-0.08,35.5,-0.0034,-0.0434,-0.0933,-0.1034,-906.68,-1952.21,1952.29,-0.0932,-0.0953,-0.091
0.16,0.16,1.7999999999999998,2,19497,9228,68,10201,0.349,52.32,-0.1361,27.4,-0.0018,-0.0418,-0.0876,-0.1018,-814.27,-1707.25,1707.52,-0.0873,-0.0869,-0.0889
0.16,0.16,1.7999999999999998,3,18488,10204,91,8193,0.492,44.32,-0.1827,22.0,-0.0015,-0.0415,-0.085,-0.1015,-767.67,-1570.83,1571.4,-0.0877,-0.0842,-0.0812
0.16,0.16,1.7999999999999998,4,17741,10641,119,6981,0.671,39.35,-0.2197,19.3,-0.0026,-0.0426,-0.0846,-0.1026,-755.13,-1500.36,1501.04,-0.0869,-0.0826,-0.083
0.16,0.16,1.7999999999999998,6,16623,11002,181,5440,1.089,32.73,-0.2754,15.3,-0.0038,-0.0438,-0.084,-0.1038,-728.64,-1395.96,1396.87,-0.0842,-0.0836,-0.0841
0.16,0.16,1.7999999999999998,12,14788,11150,309,3329,2.09,22.51,-0.3787,9.5,-0.0022,-0.0422,-0.0796,-0.1022,-624.35,-1177.13,1177.68,-0.0819,-0.0768,-0.0793
0.16,0.16,1.7999999999999998,24,13187,10860,481,1846,3.648,14.0,-0.479,5.8,-0.0009,-0.0409,-0.0762,-0.1009,-540.0,-1005.42,1006.96,-0.0796,-0.0748,-0.0722
0.16,0.16,1.7999999999999998,48,11947,10337,631,979,5.282,8.19,-0.5741,3.1,-0.0037,-0.0437,-0.0777,-0.1037,-521.78,-928.49,930.27,-0.0805,-0.0755,-0.0755
0.16,0.16,1.7999999999999998,288,10719,9793,875,51,8.163,0.48,-0.6551,2.0,-0.0039,-0.0439,-0.0765,-0.1039,-470.29,-819.64,822.79,-0.0803,-0.0708,-0.0771
0.16,0.16,3.0,0,7916,7495,421,0,5.318,0.0,,,-0.0081,-0.0481,-0.0797,-0.1081,-380.44,-630.55,632.89,-0.0824,-0.0695,-0.0884
0.16,0.16,3.0,1,20897,6971,12,13914,0.057,66.58,-0.0812,35.5,-0.0024,-0.0424,-0.0924,-0.1024,-885.75,-1930.44,1930.53,-0.092,-0.0946,-0.09
0.16,0.16,3.0,2,19464,9216,22,10226,0.113,52.54,-0.1396,27.3,-0.001,-0.041,-0.0868,-0.101,-797.36,-1688.72,1689.0,-0.0865,-0.0863,-0.088
0.16,0.16,3.0,3,18434,10174,23,8237,0.125,44.68,-0.19,21.9,-0.0003,-0.0403,-0.0838,-0.1003,-743.76,-1544.58,1545.16,-0.0872,-0.0825,-0.0795
0.16,0.16,3.0,4,17663,10591,30,7042,0.17,39.87,-0.2315,19.1,-0.0014,-0.0414,-0.0835,-0.1014,-732.07,-1474.12,1474.81,-0.0865,-0.0814,-0.0808
0.16,0.16,3.0,6,16484,10899,39,5546,0.237,33.64,-0.3008,15.0,-0.0025,-0.0425,-0.0827,-0.1025,-700.69,-1362.76,1363.67,-0.0834,-0.0823,-0.0819
0.16,0.16,3.0,12,14456,10875,74,3507,0.512,24.26,-0.4419,9.0,-0.0022,-0.0422,-0.0796,-0.1022,-609.98,-1151.09,1151.64,-0.0812,-0.0771,-0.0801
0.16,0.16,3.0,24,12534,10305,142,2087,1.133,16.65,-0.6071,5.0,-0.0035,-0.0435,-0.0789,-0.1035,-545.68,-988.57,990.1,-0.0831,-0.0758,-0.0756
0.16,0.16,3.0,48,10800,9366,205,1229,1.898,11.38,-0.7813,2.3,-0.0071,-0.0471,-0.0811,-0.1071,-508.61,-875.63,877.4,-0.0853,-0.0784,-0.0771
0.16,0.16,3.0,288,8249,7707,385,157,4.667,1.9,-1.123,0.6,-0.0119,-0.0519,-0.0839,-0.1119,-428.15,-691.88,694.31,-0.0866,-0.0764,-0.0894
0.16,0.2,0.5,0,17754,12407,5347,0,30.117,0.0,,,-0.0108,-0.0508,-0.0899,-0.1108,-902.26,-1595.29,1597.16,-0.0917,-0.0884,-0.0884
0.16,0.2,0.5,1,21593,5354,1317,14922,6.099,69.11,-0.0394,42.2,-0.0081,-0.0481,-0.1007,-0.1081,-1039.16,-2174.12,2174.16,-0.1017,-0.1008,-0.0987
0.16,0.2,0.5,2,20488,7788,2137,10563,10.43,51.56,-0.0606,37.3,-0.0074,-0.0474,-0.096,-0.1074,-970.95,-1966.59,1967.0,-0.0971,-0.095,-0.0954
0.16,0.2,0.5,3,19832,9047,2806,7979,14.149,40.23,-0.0731,34.1,-0.0089,-0.0489,-0.0952,-0.1089,-969.84,-1888.35,1889.16,-0.0973,-0.0939,-0.0932
0.16,0.2,0.5,4,19437,9830,3265,6342,16.798,32.63,-0.0799,33.0,-0.0089,-0.0489,-0.0937,-0.1089,-950.69,-1822.01,1823.06,-0.0954,-0.0936,-0.091
0.16,0.2,0.5,6,18889,10693,3828,4368,20.266,23.12,-0.0942,29.3,-0.0099,-0.0499,-0.0929,-0.1099,-942.5,-1755.05,1756.52,-0.0941,-0.0931,-0.0905
0.16,0.2,0.5,12,18202,11683,4613,1906,25.343,10.47,-0.1141,25.4,-0.0103,-0.0503,-0.091,-0.1103,-915.46,-1657.09,1658.07,-0.0926,-0.0904,-0.0889
0.16,0.2,0.5,24,17876,12158,5116,602,28.619,3.37,-0.1222,22.9,-0.0112,-0.0512,-0.0908,-0.1112,-914.99,-1622.81,1624.49,-0.0931,-0.0898,-0.0879
0.16,0.2,0.5,48,17776,12352,5280,144,29.703,0.81,-0.1563,12.5,-0.0108,-0.0508,-0.09,-0.1108,-903.15,-1599.15,1601.02,-0.0919,-0.0882,-0.0888
0.16,0.2,0.5,288,17754,12406,5347,1,30.117,0.01,-0.234,0.0,-0.0108,-0.0508,-0.0899,-0.1108,-902.69,-1595.75,1597.62,-0.0917,-0.0884,-0.0885
0.16,0.2,1.0,0,13107,10846,2261,0,17.25,0.0,,,-0.007,-0.047,-0.0822,-0.107,-616.08,-1077.12,1082.12,-0.0849,-0.0817,-0.0776
0.16,0.2,1.0,1,20896,5152,199,15545,0.952,74.39,-0.0594,40.3,-0.0044,-0.0444,-0.097,-0.1044,-928.34,-2027.54,2027.58,-0.0974,-0.0986,-0.0941
0.16,0.2,1.0,2,19376,7348,383,11645,1.977,60.1,-0.0996,33.6,-0.0038,-0.0438,-0.0924,-0.1038,-847.79,-1789.91,1790.31,-0.0927,-0.0918,-0.0925
0.16,0.2,1.0,3,18333,8433,540,9360,2.946,51.06,-0.1319,29.0,-0.0048,-0.0448,-0.091,-0.1048,-821.23,-1668.22,1669.03,-0.0948,-0.0897,-0.0858
0.16,0.2,1.0,4,17624,9056,688,7880,3.904,44.71,-0.153,26.6,-0.0047,-0.0447,-0.0893,-0.1047,-787.22,-1572.98,1574.04,-0.0918,-0.0884,-0.0859
0.16,0.2,1.0,6,16604,9735,946,5923,5.697,35.67,-0.1876,22.1,-0.0066,-0.0466,-0.0891,-0.1066,-774.43,-1478.62,1480.09,-0.0895,-0.0896,-0.0875
0.16,0.2,1.0,12,15084,10417,1380,3287,9.149,21.79,-0.2412,16.4,-0.0059,-0.0459,-0.0852,-0.1059,-692.63,-1285.16,1286.07,-0.0861,-0.0841,-0.0851
0.16,0.2,1.0,24,14042,10690,1782,1570,12.69,11.18,-0.2933,11.3,-0.0074,-0.0474,-0.0846,-0.1074,-666.12,-1187.94,1190.06,-0.0867,-0.0836,-0.0821
0.16,0.2,1.0,48,13430,10747,2031,652,15.123,4.85,-0.3364,6.6,-0.0075,-0.0475,-0.0835,-0.1075,-638.14,-1121.53,1123.74,-0.0864,-0.0817,-0.0807
0.16,0.2,1.0,288,13108,10842,2257,9,17.218,0.07,-0.3768,11.1,-0.007,-0.047,-0.0822,-0.107,-616.31,-1077.53,1082.53,-0.0848,-0.082,-0.0776
0.16,0.2,1.7999999999999998,0,9447,8494,953,0,10.088,0.0,,,-0.0018,-0.0418,-0.0748,-0.1018,-394.48,-706.48,712.84,-0.0751,-0.0744,-0.0746
0.16,0.2,1.7999999999999998,1,20799,5125,41,15633,0.197,75.16,-0.0645,40.1,-0.0028,-0.0428,-0.0954,-0.1028,-889.45,-1983.64,1983.68,-0.0955,-0.0971,-0.0928
0.16,0.2,1.7999999999999998,2,19162,7235,68,11859,0.355,61.89,-0.1148,32.9,-0.0019,-0.0419,-0.0906,-0.1019,-803.52,-1736.19,1736.6,-0.0905,-0.0903,-0.0913
0.16,0.2,1.7999999999999998,3,18020,8252,94,9674,0.522,53.68,-0.1575,28.0,-0.0023,-0.0423,-0.0886,-0.1023,-762.82,-1596.46,1597.28,-0.0918,-0.0875,-0.0844
0.16,0.2,1.7999999999999998,4,17192,8792,128,8272,0.745,48.12,-0.1898,25.4,-0.0024,-0.0424,-0.0871,-0.1024,-729.61,-1497.37,1498.42,-0.088,-0.0862,-0.0867
0.16,0.2,1.7999999999999998,6,15963,9318,196,6449,1.228,40.4,-0.2443,20.3,-0.004,-0.044,-0.0865,-0.104,-702.98,-1381.22,1382.58,-0.0853,-0.0873,-0.0876
0.16,0.2,1.7999999999999998,12,13892,9608,325,3959,2.339,28.5,-0.3465,13.7,-0.0025,-0.0425,-0.0818,-0.1025,-590.73,-1136.01,1136.92,-0.0837,-0.0798,-0.0809
0.16,0.2,1.7999999999999998,24,12145,9436,501,2208,4.125,18.18,-0.447,8.2,-0.0001,-0.0401,-0.0768,-0.1001,-487.27,-932.89,935.39,-0.0784,-0.0776,-0.0729
0.16,0.2,1.7999999999999998,48,10800,8975,662,1163,6.13,10.77,-0.5445,4.6,-0.0028,-0.0428,-0.0778,-0.1028,-461.8,-840.55,843.19,-0.0782,-0.0789,-0.0756
0.16,0.2,1.7999999999999998,288,9496,8498,938,60,9.878,0.63,-0.6598,5.0,-0.003,-0.043,-0.0761,-0.103,-408.23,-723.05,729.2,-0.0764,-0.0755,-0.0765
0.16,0.2,3.0,0,6815,6371,444,0,6.515,0.0,,,-0.0085,-0.0485,-0.0804,-0.1085,-330.4,-548.17,551.59,-0.0806,-0.0724,-0.0906
0.16,0.2,3.0,1,20783,5121,12,15650,0.058,75.3,-0.0655,40.0,-0.0018,-0.0418,-0.0944,-0.1018,-868.68,-1962.03,1962.07,-0.0943,-0.0964,-0.0918
0.16,0.2,3.0,2,19129,7222,22,11885,0.115,62.13,-0.118,32.9,-0.0013,-0.0413,-0.0899,-0.1013,-789.36,-1720.44,1720.84,-0.0899,-0.0897,-0.0904
0.16,0.2,3.0,3,17962,8217,24,9721,0.134,54.12,-0.1642,27.9,-0.0014,-0.0414,-0.0877,-0.1014,-743.56,-1574.77,1575.59,-0.0919,-0.0859,-0.0824
0.16,0.2,3.0,4,17111,8738,30,8343,0.175,48.76,-0.2009,25.2,-0.0011,-0.0411,-0.0858,-0.1011,-703.11,-1467.63,1468.69,-0.0874,-0.0848,-0.0841
0.16,0.2,3.0,6,15815,9209,41,6565,0.259,41.51,-0.2674,19.9,-0.0023,-0.0423,-0.0849,-0.1023,-669.32,-1341.95,1343.31,-0.0835,-0.0865,-0.085
0.16,0.2,3.0,12,13554,9330,77,4147,0.568,30.6,-0.4062,13.1,-0.0037,-0.0437,-0.083,-0.1037,-591.84,-1125.18,1126.09,-0.0838,-0.0824,-0.0825
0.16,0.2,3.0,24,11511,8906,144,2461,1.251,21.38,-0.5661,7.3,-0.0038,-0.0438,-0.0806,-0.1038,-504.47,-927.95,930.45,-0.084,-0.0783,-0.0777
0.16,0.2,3.0,48,9730,8097,209,1424,2.148,14.64,-0.7402,3.4,-0.0063,-0.0463,-0.0814,-0.1063,-450.88,-791.77,794.42,-0.084,-0.08,-0.0785
0.16,0.2,3.0,288,7124,6544,402,178,5.643,2.5,-1.1541,1.1,-0.0144,-0.0544,-0.0868,-0.1144,-387.59,-618.71,622.22,-0.085,-0.0827,-0.096
0.16,0.25,0.5,0,16669,10866,5803,0,34.813,0.0,,,-0.0111,-0.0511,-0.0915,-0.1111,-851.76,-1525.92,1528.02,-0.0934,-0.0897,-0.0905
0.16,0.25,0.5,1,21531,3776,1311,16444,6.089,76.37,-0.0257,46.2,-0.0063,-0.0463,-0.101,-0.1063,-996.16,-2174.74,2175.03,-0.1019,-0.1009,-0.0994
0.16,0.25,0.5,2,20244,5967,2173,12104,10.734,59.79,-0.0418,42.7,-0.005,-0.045,-0.0961,-0.105,-910.06,-1945.69,1946.55,-0.0967,-0.0953,-0.0962
0.16,0.25,0.5,3,19448,7151,2892,9405,14.87,48.36,-0.0512,40.3,-0.0072,-0.0472,-0.0962,-0.1072,-918.07,-1870.42,1871.51,-0.0978,-0.0948,-0.095
0.16,0.25,0.5,4,18937,7933,3363,7641,17.759,40.35,-0.0571,39.6,-0.0071,-0.0471,-0.0945,-0.1071,-891.78,-1790.01,1791.0,-0.0966,-0.0943,-0.0912
0.16,0.25,0.5,6,18246,8862,3968,5416,21.747,29.68,-0.0715,36.1,-0.0085,-0.0485,-0.094,-0.1085,-885.71,-1714.61,1715.49,-0.0955,-0.0934,-0.0919
0.16,0.25,0.5,12,17337,9937,4888,2512,28.194,14.49,-0.0869,32.3,-0.0103,-0.0503,-0.0931,-0.1103,-871.6,-1613.71,1614.42,-0.0944,-0.0923,-0.0917
0.16,0.25,0.5,24,16864,10517,5481,866,32.501,5.14,-0.095,31.1,-0.0115,-0.0515,-0.0928,-0.1115,-868.06,-1564.39,1566.26,-0.0948,-0.0921,-0.09
0.16,0.25,0.5,48,16704,10772,5700,232,34.124,1.39,-0.1108,25.4,-0.0109,-0.0509,-0.0916,-0.1109,-850.87,-1529.95,1532.05,-0.0936,-0.0897,-0.0904
0.16,0.25,0.5,288,16669,10865,5802,2,34.807,0.01,-0.1632,0.0,-0.0111,-0.0511,-0.0915,-0.1111,-851.84,-1526.03,1528.13,-0.0934,-0.0898,-0.0904
0.16,0.25,1.0,0,11858,9407,2451,0,20.67,0.0,,,-0.0084,-0.0484,-0.0846,-0.1084,-573.57,-1002.84,1009.4,-0.0858,-0.0828,-0.0845
0.16,0.25,1.0,1,20820,3574,195,17051,0.937,81.9,-0.0452,44.2,-0.0035,-0.0435,-0.0983,-0.1035,-905.42,-2047.4,2047.69,-0.0987,-0.0993,-0.0963
0.16,0.25,1.0,2,19116,5555,391,13170,2.045,68.9,-0.079,38.7,-0.0022,-0.0422,-0.0935,-0.1022,-807.01,-1787.32,1788.18,-0.0936,-0.0926,-0.0946
0.16,0.25,1.0,3,17932,6567,554,10811,3.089,60.29,-0.1064,34.9,-0.0035,-0.0435,-0.0925,-0.1035,-780.12,-1659.03,1660.13,-0.0957,-0.0907,-0.0892
0.16,0.25,1.0,4,17107,7201,704,9202,4.115,53.79,-0.1257,32.8,-0.0035,-0.0435,-0.0909,-0.1035,-744.47,-1554.86,1555.85,-0.0942,-0.0896,-0.0867
0.16,0.25,1.0,6,15943,7964,992,6987,6.222,43.82,-0.1578,28.3,-0.0065,-0.0465,-0.0915,-0.1065,-740.99,-1458.65,1459.53,-0.0925,-0.0908,-0.0907
0.16,0.25,1.0,12,14202,8766,1449,3987,10.203,28.07,-0.2098,21.7,-0.0066,-0.0466,-0.0881,-0.1066,-661.96,-1251.1,1251.87,-0.088,-0.0872,-0.0896
0.16,0.25,1.0,24,12940,9098,1894,1948,14.637,15.05,-0.2571,16.6,-0.0093,-0.0493,-0.0882,-0.1093,-637.98,-1141.44,1143.92,-0.0892,-0.087,-0.088
0.16,0.25,1.0,48,12248,9243,2179,826,17.791,6.74,-0.2983,12.2,-0.0094,-0.0494,-0.0867,-0.1094,-604.58,-1062.17,1064.69,-0.0888,-0.0844,-0.086
0.16,0.25,1.0,288,11865,9406,2445,14,20.607,0.12,-0.3041,28.6,-0.0082,-0.0482,-0.0845,-0.1082,-572.36,-1002.08,1008.64,-0.0857,-0.0829,-0.0843
0.16,0.25,1.7999999999999998,0,8210,7203,1007,0,12.266,0.0,,,-0.0014,-0.0414,-0.0751,-0.1014,-340.25,-616.76,624.44,-0.0721,-0.0766,-0.079
0.16,0.25,1.7999999999999998,1,20719,3539,40,17140,0.193,82.73,-0.0502,43.9,-0.0023,-0.0423,-0.0972,-0.1023,-876.77,-2013.74,2014.03,-0.0975,-0.0978,-0.0959
0.16,0.25,1.7999999999999998,2,18894,5442,65,13387,0.344,70.85,-0.0938,38.1,-0.0006,-0.0406,-0.092,-0.1006,-767.47,-1737.85,1738.71,-0.0914,-0.0916,-0.0935
0.16,0.25,1.7999999999999998,3,17626,6413,97,11116,0.55,63.07,-0.1299,33.9,-0.0009,-0.0409,-0.09,-0.1009,-720.74,-1585.91,1587.0,-0.0926,-0.0886,-0.0871
0.16,0.25,1.7999999999999998,4,16670,6951,125,9594,0.75,57.55,-0.1603,31.4,-0.0015,-0.0415,-0.089,-0.1015,-692.01,-1483.68,1484.67,-0.0904,-0.0881,-0.0876
0.16,0.25,1.7999999999999998,6,15300,7576,199,7525,1.301,49.18,-0.212,26.2,-0.0039,-0.0439,-0.089,-0.1039,-671.13,-1361.85,1362.73,-0.0877,-0.0895,-0.0908
0.16,0.25,1.7999999999999998,12,13043,8027,328,4688,2.515,35.94,-0.3085,18.5,-0.0023,-0.0423,-0.0838,-0.1023,-551.73,-1093.5,1094.26,-0.0827,-0.0847,-0.0847
0.16,0.25,1.7999999999999998,24,11118,7961,513,2644,4.614,23.78,-0.4079,12.3,-0.001,-0.041,-0.0796,-0.101,-456.35,-884.6,887.07,-0.0776,-0.0833,-0.0781
0.16,0.25,1.7999999999999998,48,9694,7621,691,1382,7.128,14.26,-0.5019,8.2,-0.0033,-0.0433,-0.0797,-0.1033,-419.9,-772.91,775.43,-0.0773,-0.083,-0.0798
0.16,0.25,1.7999999999999998,288,8275,7207,991,77,11.976,0.93,-0.6107,9.1,-0.0035,-0.0435,-0.0774,-0.1035,-360.08,-640.37,647.58,-0.074,-0.0777,-0.0837
0.16,0.25,3.0,0,5878,5414,464,0,7.894,0.0,,,-0.0065,-0.0465,-0.0789,-0.1065,-273.62,-463.88,469.74,-0.0768,-0.071,-0.0931
0.16,0.25,3.0,1,20702,3532,11,17159,0.053,82.89,-0.0512,43.9,-0.0014,-0.0414,-0.0963,-0.1014,-856.69,-1992.85,1993.14,-0.0964,-0.0972,-0.0948
0.16,0.25,3.0,2,18863,5430,22,13411,0.117,71.1,-0.0966,38.0,-0.0002,-0.0402,-0.0915,-0.1002,-758.02,-1726.9,1727.76,-0.0915,-0.0911,-0.0922
0.16,0.25,3.0,3,17568,6375,27,11166,0.154,63.56,-0.1361,33.7,-0.0004,-0.0404,-0.0895,-0.1004,-709.91,-1572.74,1573.83,-0.0937,-0.0872,-0.0852
0.16,0.25,3.0,4,16590,6895,29,9666,0.175,58.26,-0.1702,31.2,-0.0005,-0.0405,-0.088,-0.1005,-671.53,-1460.08,1461.07,-0.0907,-0.0869,-0.0848
0.16,0.25,3.0,6,15162,7475,42,7645,0.277,50.42,-0.2328,25.8,-0.0025,-0.0425,-0.0877,-0.1025,-643.83,-1329.3,1330.17,-0.0876,-0.0883,-0.0869
0.16,0.25,3.0,12,12721,7774,80,4867,0.629,38.26,-0.3592,17.8,-0.0035,-0.0435,-0.0852,-0.1035,-553.66,-1083.7,1084.46,-0.0843,-0.086,-0.0857
0.16,0.25,3.0,24,10509,7468,149,2892,1.418,27.52,-0.5138,11.1,-0.0063,-0.0463,-0.085,-0.1063,-486.28,-892.78,895.25,-0.0874,-0.0829,-0.0834
0.16,0.25,3.0,48,8716,6857,215,1644,2.467,18.86,-0.6849,6.6,-0.0065,-0.0465,-0.0829,-0.1065,-405.3,-722.55,725.07,-0.0852,-0.0799,-0.0827
0.16,0.25,3.0,288,6218,5600,418,200,6.722,3.22,-1.1161,1.5,-0.0124,-0.0524,-0.0854,-0.1124,-325.94,-531.02,536.96,-0.0809,-0.0821,-0.0983
0.16,0.3,0.5,0,15744,9603,6141,0,39.005,0.0,,,-0.012,-0.052,-0.0937,-0.112,-819.36,-1475.91,1478.62,-0.0964,-0.0906,-0.093
0.16,0.3,0.5,1,21494,2616,1302,17576,6.058,81.77,-0.0145,48.9,-0.0056,-0.0456,-0.102,-0.1056,-980.65,-2191.81,2191.91,-0.1035,-0.1018,-0.0995
0.16,0.3,0.5,2,20069,4542,2202,13325,10.972,66.4,-0.0259,46.5,-0.0041,-0.0441,-0.0974,-0.1041,-886.0,-1953.88,1954.68,-0.0975,-0.0968,-0.0979
0.16,0.3,0.5,3,19166,5653,2932,10581,15.298,55.21,-0.0333,44.7,-0.0064,-0.0464,-0.0975,-0.1064,-888.79,-1869.16,1870.72,-0.0989,-0.0966,-0.0964
0.16,0.3,0.5,4,18564,6440,3438,8686,18.52,46.79,-0.0386,44.2,-0.0066,-0.0466,-0.0962,-0.1066,-864.96,-1785.6,1787.09,-0.0982,-0.0966,-0.092
0.16,0.3,0.5,6,17750,7374,4082,6294,22.997,35.46,-0.0494,41.5,-0.0079,-0.0479,-0.0954,-0.1079,-849.89,-1693.67,1695.0,-0.0965,-0.0961,-0.0926
0.16,0.3,0.5,12,16644,8535,5081,3028,30.528,18.19,-0.0626,38.0,-0.0102,-0.0502,-0.0948,-0.1102,-835.3,-1577.89,1579.34,-0.0972,-0.0923,-0.0938
0.16,0.3,0.5,24,16032,9176,5731,1125,35.747,7.02,-0.0721,37.1,-0.0121,-0.0521,-0.0949,-0.1121,-835.11,-1521.75,1523.92,-0.0976,-0.0926,-0.0931
0.16,0.3,0.5,48,15811,9487,6000,324,37.948,2.05,-0.0778,35.8,-0.0113,-0.0513,-0.0933,-0.1113,-811.54,-1475.59,1478.3,-0.0961,-0.0896,-0.0931
0.16,0.3,0.5,288,15744,9602,6140,2,38.999,0.01,-0.1632,0.0,-0.0121,-0.0521,-0.0938,-0.1121,-819.49,-1476.07,1478.78,-0.0964,-0.0907,-0.093
0.16,0.3,1.0,0,10741,8156,2585,0,24.067,0.0,,,-0.0129,-0.0529,-0.0901,-0.1129,-567.84,-967.62,974.35,-0.0933,-0.0868,-0.0885
0.16,0.3,1.0,1,20771,2446,192,18133,0.924,87.3,-0.034,46.8,-0.0036,-0.0436,-0.1001,-0.1036,-905.8,-2078.68,2078.78,-0.101,-0.1006,-0.0978
0.16,0.3,1.0,2,18922,4165,400,14357,2.114,75.87,-0.0622,42.4,-0.0023,-0.0423,-0.0957,-0.1023,-799.89,-1810.26,1811.05,-0.0946,-0.0954,-0.0979
0.16,0.3,1.0,3,17644,5137,555,11952,3.146,67.74,-0.0873,39.1,-0.0032,-0.0432,-0.0945,-0.1032,-762.64,-1667.17,1668.73,-0.0968,-0.0932,-0.0921
0.16,0.3,1.0,4,16737,5782,715,10240,4.272,61.18,-0.1052,37.2,-0.0034,-0.0434,-0.0931,-0.1034,-726.68,-1557.44,1558.94,-0.0951,-0.0937,-0.0884
0.16,0.3,1.0,6,15440,6528,1006,7906,6.516,51.2,-0.1337,33.1,-0.0068,-0.0468,-0.0941,-0.1068,-722.28,-1452.84,1454.17,-0.0939,-0.0957,-0.0923
0.16,0.3,1.0,12,13497,7421,1492,4584,11.054,33.96,-0.1821,26.4,-0.0074,-0.0474,-0.0909,-0.1074,-640.21,-1227.4,1228.92,-0.0939,-0.0873,-0.0905
0.16,0.3,1.0,24,12049,7819,1955,2275,16.225,18.88,-0.2305,20.6,-0.0111,-0.0511,-0.0916,-0.1111,-615.66,-1104.03,1106.7,-0.0939,-0.088,-0.0923
0.16,0.3,1.0,48,11237,7974,2266,997,20.166,8.87,-0.2672,17.5,-0.0125,-0.0525,-0.0912,-0.1125,-589.67,-1024.67,1027.66,-0.0944,-0.087,-0.0909
0.16,0.3,1.0,288,10748,8151,2579,18,23.995,0.17,-0.2908,27.8,-0.0129,-0.0529,-0.0902,-0.1129,-568.85,-969.2,975.93,-0.0931,-0.0869,-0.089
0.16,0.3,1.7999999999999998,0,7234,6178,1056,0,14.598,0.0,,,-0.0066,-0.0466,-0.0809,-0.1066,-336.76,-585.46,594.93,-0.0753,-0.0869,-0.0837
0.16,0.3,1.7999999999999998,1,20669,2406,40,18223,0.194,88.17,-0.0388,46.5,-0.0028,-0.0428,-0.0993,-0.1028,-884.48,-2052.44,2052.55,-0.1002,-0.0995,-0.0975
0.16,0.3,1.7999999999999998,2,18700,4054,66,14580,0.353,77.97,-0.0766,41.7,-0.001,-0.041,-0.0945,-0.101,-766.71,-1767.09,1767.89,-0.0929,-0.0949,-0.0969
0.16,0.3,1.7999999999999998,3,17347,4994,99,12254,0.571,70.64,-0.1092,38.1,-0.0011,-0.0411,-0.0924,-0.1011,-712.43,-1603.43,1604.99,-0.0949,-0.0916,-0.0893
0.16,0.3,1.7999999999999998,4,16307,5544,126,10637,0.773,65.23,-0.1382,35.6,-0.0021,-0.0421,-0.0919,-0.1021,-686.07,-1498.17,1499.66,-0.0934,-0.0919,-0.0891
0.16,0.3,1.7999999999999998,6,14824,6179,205,8440,1.383,56.93,-0.1839,30.9,-0.0046,-0.0446,-0.0921,-0.1046,-660.49,-1364.56,1365.85,-0.0896,-0.0948,-0.0927
0.16,0.3,1.7999999999999998,12,12379,6742,342,5295,2.763,42.77,-0.2749,22.9,-0.0039,-0.0439,-0.0876,-0.1039,-543.59,-1084.07,1085.59,-0.0888,-0.0858,-0.0877
0.16,0.3,1.7999999999999998,24,10297,6782,531,2984,5.157,28.98,-0.3758,15.7,-0.0041,-0.0441,-0.0844,-0.1041,-454.53,-868.89,871.56,-0.0817,-0.0865,-0.0864
0.16,0.3,1.7999999999999998,48,8792,6508,718,1566,8.167,17.81,-0.4649,11.7,-0.0077,-0.0477,-0.0855,-0.1077,-419.66,-751.94,755.7,-0.0806,-0.0883,-0.0909
0.16,0.3,1.7999999999999998,288,7316,6190,1037,89,14.174,1.22,-0.5683,10.1,-0.0082,-0.0482,-0.0828,-0.1082,-352.82,-606.08,615.55,-0.0767,-0.088,-0.0877
0.16,0.3,3.0,0,5093,4616,477,0,9.366,0.0,,,-0.0091,-0.0491,-0.0819,-0.1091,-249.92,-417.02,424.85,-0.077,-0.0831,-0.0898
0.16,0.3,3.0,1,20649,2393,11,18245,0.053,88.36,-0.04,46.5,-0.0022,-0.0422,-0.0987,-0.1022,-871.13,-2038.28,2038.38,-0.0996,-0.0993,-0.0965
0.16,0.3,3.0,2,18666,4036,22,14608,0.118,78.26,-0.0794,41.6,-0.0008,-0.0408,-0.0943,-0.1008,-762.06,-1760.94,1761.73,-0.093,-0.0945,-0.0965
0.16,0.3,3.0,3,17288,4954,27,12307,0.156,71.19,-0.1152,37.9,-0.0007,-0.0407,-0.0921,-0.1007,-703.47,-1592.13,1593.69,-0.0959,-0.0902,-0.0879
0.16,0.3,3.0,4,16222,5485,28,10709,0.173,66.02,-0.1476,35.4,-0.0012,-0.0412,-0.091,-0.1012,-667.77,-1476.54,1478.03,-0.0935,-0.0909,-0.0867
0.16,0.3,3.0,6,14690,6083,44,8563,0.3,58.29,-0.2032,30.5,-0.0032,-0.0432,-0.0908,-0.1032,-635.0,-1333.91,1335.19,-0.0898,-0.0934,-0.089
0.16,0.3,3.0,12,12083,6528,80,5475,0.662,45.31,-0.3228,22.1,-0.0041,-0.0441,-0.0879,-0.1041,-532.44,-1061.58,1063.09,-0.0907,-0.0862,-0.0851
0.16,0.3,3.0,24,9752,6370,152,3230,1.559,33.12,-0.4741,14.4,-0.0078,-0.0478,-0.0882,-0.1078,-466.49,-860.51,863.18,-0.0902,-0.0864,-0.0872
0.16,0.3,3.0,48,7967,5917,221,1829,2.774,22.96,-0.6401,10.1,-0.0074,-0.0474,-0.0851,-0.1074,-377.27,-677.78,682.85,-0.0863,-0.0818,-0.0874
0.16,0.3,3.0,288,5473,4816,428,229,7.82,4.18,-1.0361,3.1,-0.014,-0.054,-0.0876,-0.114,-295.38,-479.28,486.83,-0.0812,-0.0911,-0.0949
0.16,0.5,0.5,0,13020,6489,6531,0,50.161,0.0,,,-0.0016,-0.0416,-0.0867,-0.1016,-541.8,-1128.33,1132.46,-0.0858,-0.0884,-0.086
0.16,0.5,0.5,1,21454,804,1294,19356,6.032,90.22,0.0091,53.0,-0.0032,-0.0432,-0.1021,-0.1032,-926.39,-2189.51,2189.8,-0.1029,-0.1028,-0.0996
0.16,0.5,0.5,2,19774,1728,2221,15825,11.232,80.03,0.0152,53.7,-0.0003,-0.0403,-0.0977,-0.1003,-796.63,-1931.23,1932.1,-0.0978,-0.0986,-0.0963
0.16,0.5,0.5,3,18584,2412,2965,13207,15.955,71.07,0.0177,54.0,-0.0023,-0.0423,-0.0984,-0.1023,-786.18,-1828.86,1830.53,-0.0989,-0.1006,-0.0946
0.16,0.5,0.5,4,17744,2989,3476,11279,19.59,63.57,0.0209,55.0,-0.0004,-0.0404,-0.0954,-0.1004,-717.5,-1692.47,1694.48,-0.0962,-0.0976,-0.0909
0.16,0.5,0.5,6,16575,3758,4161,8656,25.104,52.22,0.0222,54.7,-0.0006,-0.0406,-0.0938,-0.1006,-672.24,-1554.0,1555.6,-0.0952,-0.0964,-0.0875
0.16,0.5,0.5,12,14909,4983,5225,4701,35.046,31.53,0.0221,54.4,-0.0011,-0.0411,-0.0911,-0.1011,-613.36,-1358.41,1360.17,-0.0904,-0.0931,-0.0898
0.16,0.5,0.5,24,13798,5771,5930,2097,42.977,15.2,0.0298,55.7,-0.0012,-0.0412,-0.0887,-0.1012,-569.01,-1223.76,1227.09,-0.0888,-0.0901,-0.0867
0.16,0.5,0.5,48,13235,6223,6272,740,47.389,5.59,0.0178,54.3,-0.0009,-0.0409,-0.0867,-0.1009,-540.69,-1148.1,1152.04,-0.0877,-0.0839,-0.0888
0.16,0.5,0.5,288,13022,6487,6528,7,50.131,0.05,-0.061,42.9,-0.0016,-0.0416,-0.0867,-0.1016,-541.81,-1128.52,1132.65,-0.0858,-0.0883,-0.0861
0.16,0.5,1.0,0,8144,5404,2740,0,33.644,0.0,,,-0.0047,-0.0447,-0.0848,-0.1047,-363.76,-690.28,699.77,-0.0779,-0.092,-0.0883
0.16,0.5,1.0,1,20721,734,192,19795,0.927,95.53,-0.0111,50.7,-0.0021,-0.0421,-0.1011,-0.1021,-872.75,-2093.99,2094.28,-0.1013,-0.103,-0.0981
0.16,0.5,1.0,2,18645,1538,404,16703,2.167,89.58,-0.0213,49.4,0.0005,-0.0395,-0.0971,-0.0995,-737.28,-1809.84,1810.71,-0.0962,-0.0984,-0.0969
0.16,0.5,1.0,3,17117,2104,568,14445,3.318,84.39,-0.0347,48.0,-0.001,-0.041,-0.0973,-0.101,-701.98,-1665.88,1667.5,-0.0992,-0.0975,-0.0938
0.16,0.5,1.0,4,16036,2589,727,12720,4.534,79.32,-0.0422,47.6,0.0019,-0.0381,-0.0933,-0.0981,-610.9,-1495.39,1497.4,-0.0941,-0.0951,-0.0893
0.16,0.5,1.0,6,14436,3209,1013,10214,7.017,70.75,-0.0576,45.6,0.0002,-0.0398,-0.0931,-0.0998,-574.01,-1343.9,1345.5,-0.0928,-0.0986,-0.0864
0.16,0.5,1.0,12,11977,4182,1516,6279,12.658,52.43,-0.094,40.7,-0.0013,-0.0413,-0.0908,-0.1013,-494.09,-1087.25,1089.07,-0.0885,-0.092,-0.0933
0.16,0.5,1.0,24,10141,4817,2002,3322,19.742,32.76,-0.1259,36.3,-0.0012,-0.0412,-0.0869,-0.1012,-417.46,-881.41,885.66,-0.0849,-0.0897,-0.0869
0.16,0.5,1.0,48,9002,5161,2337,1504,25.961,16.71,-0.1717,32.1,-0.0016,-0.0416,-0.0844,-0.1016,-374.86,-760.15,764.69,-0.0839,-0.0865,-0.0826
0.16,0.5,1.0,288,8154,5382,2729,43,33.468,0.53,-0.1388,37.2,-0.0054,-0.0454,-0.0856,-0.1054,-370.13,-697.91,707.4,-0.0778,-0.0941,-0.0893
0.16,0.5,1.7999999999999998,0,5211,4098,1113,0,21.359,0.0,,,0.0088,-0.0312,-0.0677,-0.0912,-162.84,-352.56,371.85,-0.0592,-0.0764,-0.0721
0.16,0.5,1.7999999999999998,1,20616,709,36,19871,0.175,96.39,-0.016,50.4,-0.0014,-0.0414,-0.1003,-0.1014,-852.61,-2068.3,2068.6,-0.1003,-0.1015,-0.0989
0.16,0.5,1.7999999999999998,2,18432,1467,66,16899,0.358,91.68,-0.0341,48.7,0.0021,-0.0379,-0.0956,-0.0979,-699.45,-1761.36,1762.22,-0.0941,-0.0969,-0.0963
0.16,0.5,1.7999999999999998,3,16835,1998,92,14745,0.546,87.59,-0.0551,46.9,0.0012,-0.0388,-0.0952,-0.0988,-652.75,-1602.91,1604.54,-0.0969,-0.0955,-0.0917
0.16,0.5,1.7999999999999998,4,15640,2427,130,13083,0.831,83.65,-0.0716,46.0,0.0028,-0.0372,-0.0926,-0.0972,-582.41,-1448.0,1450.01,-0.0934,-0.0937,-0.0897
0.16,0.5,1.7999999999999998,6,13899,2982,210,10707,1.511,77.03,-0.1009,43.3,0.0023,-0.0377,-0.0912,-0.0977,-523.74,-1268.22,1269.57,-0.0903,-0.0954,-0.0874
0.16,0.5,1.7999999999999998,12,11048,3742,347,6959,3.141,62.99,-0.1756,36.5,0.0022,-0.0378,-0.0876,-0.0978,-417.65,-968.27,970.09,-0.0841,-0.0894,-0.0915
0.16,0.5,1.7999999999999998,24,8707,4143,535,4029,6.144,46.27,-0.2588,29.7,0.0075,-0.0325,-0.0782,-0.0925,-282.58,-680.71,687.09,-0.0723,-0.0838,-0.0809
0.16,0.5,1.7999999999999998,48,7028,4205,739,2084,10.515,29.65,-0.3548,22.6,0.0047,-0.0353,-0.0774,-0.0953,-248.23,-543.76,553.38,-0.0712,-0.0854,-0.0775
0.16,0.5,1.7999999999999998,288,5337,4113,1085,139,20.33,2.6,-0.5174,15.1,0.0059,-0.0341,-0.071,-0.0941,-181.89,-378.72,395.24,-0.0611,-0.0793,-0.0785
0.16,0.5,3.0,0,3543,3051,492,0,13.887,0.0,,,0.014,-0.026,-0.0602,-0.086,-92.22,-213.27,239.39,-0.0498,-0.0714,-0.066
0.16,0.5,3.0,1,20599,701,11,19887,0.053,96.54,-0.017,50.3,-0.001,-0.041,-0.1,-0.101,-844.49,-2059.4,2059.69,-0.1002,-0.1013,-0.0978
0.16,0.5,3.0,2,18401,1452,20,16929,0.109,92.0,-0.0368,48.6,0.0023,-0.0377,-0.0953,-0.0977,-692.91,-1753.41,1754.27,-0.0939,-0.0966,-0.0959
0.16,0.5,3.0,3,16786,1972,25,14789,0.149,88.1,-0.0598,46.8,0.0016,-0.0384,-0.0949,-0.0984,-645.17,-1593.17,1594.79,-0.0984,-0.0938,-0.0903
0.16,0.5,3.0,4,15567,2386,29,13152,0.186,84.49,-0.0803,45.7,0.0032,-0.0368,-0.0922,-0.0968,-572.65,-1435.09,1437.1,-0.0938,-0.0928,-0.0885
0.16,0.5,3.0,6,13766,2896,41,10829,0.298,78.66,-0.1175,42.8,0.0038,-0.0362,-0.0899,-0.0962,-498.43,-1237.51,1238.86,-0.0904,-0.0953,-0.0819
0.16,0.5,3.0,12,10805,3592,81,7132,0.75,66.01,-0.2151,35.5,0.0018,-0.0382,-0.0883,-0.0982,-413.17,-953.71,955.52,-0.0864,-0.0891,-0.0903
0.16,0.5,3.0,24,8288,3871,153,4264,1.846,51.45,-0.3399,28.1,0.0033,-0.0367,-0.0827,-0.0967,-304.14,-685.29,689.9,-0.0798,-0.085,-0.0845
0.16,0.5,3.0,48,6332,3756,220,2356,3.474,37.21,-0.5156,19.7,0.0005,-0.0395,-0.0817,-0.0995,-250.11,-517.35,527.75,-0.0804,-0.0893,-0.0741
0.16,0.5,3.0,288,3912,3197,437,278,11.171,7.11,-0.9429,8.6,0.0065,-0.0335,-0.069,-0.0935,-131.1,-269.91,284.93,-0.0622,-0.0778,-0.0697
0.25,0.1,0.5,0,9742,7756,1986,0,20.386,0.0,,,-0.0223,-0.0623,-0.0984,-0.1223,-607.08,-958.92,959.19,-0.1024,-0.0955,-0.0943
0.25,0.1,0.5,1,9908,6115,1028,2765,10.375,27.91,-0.1113,19.6,-0.0212,-0.0612,-0.1027,-0.1212,-606.47,-1017.5,1017.74,-0.1054,-0.1024,-0.0978
0.25,0.1,0.5,2,9835,6881,1369,1585,13.92,16.12,-0.1358,15.8,-0.0215,-0.0615,-0.1005,-0.1215,-605.1,-988.77,989.01,-0.1041,-0.0982,-0.0967
0.25,0.1,0.5,3,9796,7211,1563,1022,15.955,10.43,-0.1459,11.9,-0.0214,-0.0614,-0.0993,-0.1214,-601.38,-972.81,973.05,-0.1033,-0.0969,-0.0945
0.25,0.1,0.5,4,9780,7381,1677,722,17.147,7.38,-0.1533,12.7,-0.0216,-0.0616,-0.0989,-0.1216,-602.3,-967.67,967.94,-0.103,-0.0968,-0.0937
0.25,0.1,0.5,6,9756,7544,1803,409,18.481,4.19,-0.1588,12.0,-0.0217,-0.0617,-0.0985,-0.1217,-602.28,-961.32,961.59,-0.1032,-0.0951,-0.0937
0.25,0.1,0.5,12,9746,7702,1933,111,19.834,1.14,-0.1595,9.0,-0.022,-0.062,-0.0983,-0.122,-603.85,-957.55,957.82,-0.1024,-0.095,-0.0943
0.25,0.1,0.5,24,9742,7740,1966,36,20.181,0.37,-0.2149,5.6,-0.0222,-0.0622,-0.0984,-0.1222,-606.42,-958.74,959.01,-0.1023,-0.0954,-0.0948
0.25,0.1,0.5,48,9742,7754,1982,6,20.345,0.06,-0.208,0.0,-0.0223,-0.0623,-0.0984,-0.1223,-606.53,-958.43,958.7,-0.1023,-0.0955,-0.0944
0.25,0.1,0.5,288,9742,7756,1986,0,20.386,0.0,,,-0.0223,-0.0623,-0.0984,-0.1223,-607.08,-958.92,959.19,-0.1024,-0.0955,-0.0943
0.25,0.1,1.0,0,8701,7822,879,0,10.102,0.0,,,-0.0111,-0.0511,-0.0842,-0.1111,-444.84,-732.24,732.63,-0.0895,-0.0797,-0.0794
0.25,0.1,1.0,1,9528,6172,182,3174,1.91,33.31,-0.1592,16.9,-0.0074,-0.0474,-0.0879,-0.1074,-451.23,-837.75,837.96,-0.0891,-0.089,-0.0842
0.25,0.1,1.0,2,9308,6861,295,2152,3.169,23.12,-0.2167,12.0,-0.0081,-0.0481,-0.086,-0.1081,-447.65,-800.3,800.51,-0.0877,-0.0848,-0.0841
0.25,0.1,1.0,3,9160,7158,370,1632,4.039,17.82,-0.2561,8.1,-0.0079,-0.0479,-0.0844,-0.1079,-438.57,-773.43,773.61,-0.089,-0.083,-0.0773
0.25,0.1,1.0,4,9067,7311,435,1321,4.798,14.57,-0.2806,7.5,-0.0082,-0.0482,-0.084,-0.1082,-437.3,-761.99,762.2,-0.0878,-0.0828,-0.0781
0.25,0.1,1.0,6,8923,7446,534,943,5.985,10.57,-0.3113,5.6,-0.0093,-0.0493,-0.0843,-0.1093,-439.88,-751.88,752.09,-0.0873,-0.0834,-0.0793
0.25,0.1,1.0,12,8807,7660,688,459,7.812,5.21,-0.3612,2.8,-0.01,-0.05,-0.0839,-0.11,-440.08,-738.7,738.91,-0.0875,-0.0817,-0.0796
0.25,0.1,1.0,24,8733,7737,785,211,8.989,2.42,-0.3695,1.9,-0.0102,-0.0502,-0.0836,-0.1102,-438.58,-730.45,730.92,-0.0882,-0.0804,-0.0788
0.25,0.1,1.0,48,8710,7798,843,69,9.679,0.79,-0.4253,0.0,-0.0106,-0.0506,-0.0838,-0.1106,-440.95,-729.61,730.0,-0.089,-0.08,-0.0781
0.25,0.1,1.0,288,8701,7820,878,3,10.091,0.03,-0.3901,0.0,-0.0112,-0.0512,-0.0842,-0.1112,-445.21,-732.67,733.06,-0.0895,-0.0797,-0.0794
0.25,0.1,1.7999999999999998,0,7662,7233,429,0,5.599,0.0,,,-0.0064,-0.0464,-0.0781,-0.1064,-355.38,-598.11,599.1,-0.0817,-0.0751,-0.0748
0.25,0.1,1.7999999999999998,1,9460,6179,41,3240,0.433,34.25,-0.1728,16.6,-0.0017,-0.0417,-0.0821,-0.1017,-394.23,-776.46,776.67,-0.0809,-0.0848,-0.0809
0.25,0.1,1.7999999999999998,2,9171,6816,56,2299,0.611,25.07,-0.2583,11.2,-0.0014,-0.0414,-0.0791,-0.1014,-379.85,-725.63,725.84,-0.0777,-0.0795,-0.0815
0.25,0.1,1.7999999999999998,3,8979,7084,73,1822,0.813,20.29,-0.3175,7.3,-0.0002,-0.0402,-0.0765,-0.1002,-360.64,-686.86,687.04,-0.0779,-0.0762,-0.0741
0.25,0.1,1.7999999999999998,4,8839,7212,87,1540,0.984,17.42,-0.3638,6.4,0.0005,-0.0395,-0.075,-0.0995,-349.22,-663.2,663.41,-0.0766,-0.0744,-0.0727
0.25,0.1,1.7999999999999998,6,8598,7280,130,1188,1.512,13.82,-0.4244,4.5,-0.0012,-0.0412,-0.0758,-0.1012,-354.07,-651.55,651.76,-0.0759,-0.0764,-0.0749
0.25,0.1,1.7999999999999998,12,8264,7328,203,733,2.456,8.87,-0.5384,1.9,-0.0033,-0.0433,-0.0767,-0.1033,-357.82,-633.82,634.03,-0.0801,-0.0723,-0.0759
0.25,0.1,1.7999999999999998,24,8003,7291,281,431,3.511,5.39,-0.5955,1.4,-0.0042,-0.0442,-0.0768,-0.1042,-353.49,-614.94,615.47,-0.0809,-0.0748,-0.0715
0.25,0.1,1.7999999999999998,48,7822,7248,340,234,4.347,2.99,-0.7225,0.0,-0.0072,-0.0472,-0.0794,-0.1072,-369.15,-621.03,621.42,-0.0843,-0.0792,-0.07
0.25,0.1,1.7999999999999998,288,7666,7229,427,10,5.57,0.13,-0.7251,0.0,-0.0069,-0.0469,-0.0786,-0.1069,-359.59,-602.68,603.67,-0.0824,-0.0758,-0.0748
0.25,0.1,3.0,0,6569,6350,219,0,3.334,0.0,,,-0.0033,-0.0433,-0.0743,-0.1033,-284.76,-488.4,488.91,-0.0804,-0.0683,-0.0706
0.25,0.1,3.0,1,9451,6189,12,3250,0.127,34.39,-0.1758,16.6,0.0012,-0.0388,-0.0791,-0.0988,-366.45,-747.84,748.05,-0.0776,-0.083,-0.077
0.25,0.1,3.0,2,9150,6817,16,2317,0.175,25.32,-0.2679,11.1,0.0014,-0.0386,-0.0762,-0.0986,-353.01,-697.5,697.71,-0.0753,-0.0772,-0.0769
0.25,0.1,3.0,3,8946,7074,22,1850,0.246,20.68,-0.3347,7.2,0.0025,-0.0375,-0.0738,-0.0975,-335.59,-660.13,660.31,-0.0765,-0.0728,-0.0698
0.25,0.1,3.0,4,8781,7180,22,1579,0.251,17.98,-0.397,6.3,0.0029,-0.0371,-0.0726,-0.0971,-326.07,-637.53,637.74,-0.0751,-0.0712,-0.0695
0.25,0.1,3.0,6,8492,7199,29,1264,0.341,14.88,-0.4989,4.2,0.0003,-0.0397,-0.0743,-0.0997,-337.37,-630.92,631.13,-0.0747,-0.0751,-0.0724
0.25,0.1,3.0,12,8037,7137,52,848,0.647,10.55,-0.6813,1.7,-0.0025,-0.0425,-0.0759,-0.1025,-341.52,-609.63,609.84,-0.0804,-0.0696,-0.0752
0.25,0.1,3.0,24,7582,6926,82,574,1.082,7.57,-0.8334,0.9,-0.0042,-0.0442,-0.0768,-0.1042,-335.05,-582.19,582.72,-0.0842,-0.0695,-0.072
0.25,0.1,3.0,48,7170,6683,113,374,1.576,5.22,-0.9944,0.0,-0.0059,-0.0459,-0.078,-0.1059,-329.42,-559.13,559.52,-0.0872,-0.0747,-0.0646
0.25,0.1,3.0,288,6655,6394,200,61,3.005,0.92,-1.2197,0.0,-0.0053,-0.0453,-0.0764,-0.1053,-301.2,-508.68,509.61,-0.0828,-0.0701,-0.0725
0.25,0.16,0.5,0,9468,6956,2512,0,26.531,0.0,,,-0.0151,-0.0551,-0.0931,-0.1151,-521.76,-881.16,881.88,-0.0946,-0.0928,-0.0905
0.25,0.16,0.5,1,9804,4337,1022,4445,10.424,45.34,-0.0747,32.5,-0.0152,-0.0552,-0.1019,-0.1152,-541.13,-999.26,999.81,-0.1041,-0.1003,-0.0998
0.25,0.16,0.5,2,9673,5449,1478,2746,15.28,28.39,-0.0976,28.4,-0.014,-0.054,-0.0971,-0.114,-522.14,-939.05,939.62,-0.099,-0.0946,-0.0965
0.25,0.16,0.5,3,9596,5946,1778,1872,18.529,19.51,-0.1089,24.3,-0.0147,-0.0547,-0.0962,-0.1147,-525.28,-922.66,923.29,-0.0984,-0.0947,-0.0935
0.25,0.16,0.5,4,9557,6228,1961,1368,20.519,14.31,-0.116,24.0,-0.0149,-0.0549,-0.0954,-0.1149,-524.98,-911.56,912.28,-0.0974,-0.0954,-0.0913
0.25,0.16,0.5,6,9510,6495,2157,858,22.681,9.02,-0.122,22.0,-0.0151,-0.0551,-0.0947,-0.1151,-524.4,-900.15,900.87,-0.0971,-0.0945,-0.0901
0.25,0.16,0.5,12,9481,6807,2381,293,25.113,3.09,-0.1382,18.8,-0.015,-0.055,-0.0934,-0.115,-521.11,-885.76,886.48,-0.0951,-0.0927,-0.0912
0.25,0.16,0.5,24,9471,6921,2476,74,26.143,0.78,-0.144,20.3,-0.0149,-0.0549,-0.093,-0.1149,-520.14,-880.77,881.49,-0.0946,-0.0924,-0.0906
0.25,0.16,0.5,48,9468,6953,2502,13,26.426,0.14,-0.2086,0.0,-0.0149,-0.0549,-0.0929,-0.1149,-519.95,-879.44,880.16,-0.0942,-0.0928,-0.0903
0.25,0.16,0.5,288,9468,6956,2512,0,26.531,0.0,,,-0.0151,-0.0551,-0.0931,-0.1151,-521.76,-881.16,881.88,-0.0946,-0.0928,-0.0905
0.25,0.16,1.0,0,8030,6844,1186,0,14.77,0.0,,,-0.0113,-0.0513,-0.0858,-0.1113,-412.16,-688.64,689.81,-0.0865,-0.0846,-0.0858
0.25,0.16,1.0,1,9349,4256,178,4915,1.904,52.57,-0.1155,29.2,-0.0069,-0.0469,-0.0932,-0.1069,-438.47,-871.73,872.28,-0.0948,-0.0921,-0.0917
0.25,0.16,1.0,2,9032,5251,318,3463,3.521,38.34,-0.1679,22.9,-0.0065,-0.0465,-0.0891,-0.1065,-420.4,-804.79,805.37,-0.0899,-0.0854,-0.0924
0.25,0.16,1.0,3,8800,5694,418,2688,4.75,30.55,-0.2061,17.5,-0.0069,-0.0469,-0.0875,-0.1069,-413.07,-770.25,770.79,-0.0912,-0.0848,-0.0838
0.25,0.16,1.0,4,8651,5948,492,2211,5.687,25.56,-0.2336,16.0,-0.0066,-0.0466,-0.0859,-0.1066,-402.85,-743.47,744.24,-0.089,-0.0842,-0.0822
0.25,0.16,1.0,6,8434,6171,648,1615,7.683,19.15,-0.2622,12.6,-0.01,-0.05,-0.088,-0.11,-421.51,-742.42,743.1,-0.0886,-0.0898,-0.0846
0.25,0.16,1.0,12,8242,6556,864,822,10.483,9.97,-0.3097,9.5,-0.0084,-0.0484,-0.0846,-0.1084,-399.25,-697.09,697.72,-0.0834,-0.086,-0.085
0.25,0.16,1.0,24,8108,6718,1029,361,12.691,4.45,-0.3339,8.6,-0.0092,-0.0492,-0.0844,-0.1092,-398.98,-683.92,685.18,-0.0832,-0.0854,-0.0852
0.25,0.16,1.0,48,8054,6805,1130,119,14.03,1.48,-0.372,1.7,-0.0106,-0.0506,-0.0853,-0.1106,-407.63,-686.72,687.89,-0.0855,-0.086,-0.0838
0.25,0.16,1.0,288,8030,6842,1185,3,14.757,0.04,-0.3901,0.0,-0.0114,-0.0514,-0.0858,-0.1114,-412.65,-689.19,690.36,-0.0866,-0.0846,-0.0859
0.25,0.16,1.7999999999999998,0,6704,6148,556,0,8.294,0.0,,,-0.0026,-0.0426,-0.075,-0.1026,-285.28,-503.08,504.61,-0.0772,-0.0709,-0.0764
0.25,0.16,1.7999999999999998,1,9270,4240,40,4990,0.431,53.83,-0.1271,28.8,-0.003,-0.043,-0.0893,-0.103,-398.68,-827.68,828.23,-0.09,-0.0885,-0.0889
0.25,0.16,1.7999999999999998,2,8871,5170,61,3640,0.688,41.03,-0.2026,21.8,-0.0023,-0.0423,-0.0848,-0.1023,-374.92,-752.08,752.65,-0.0839,-0.0825,-0.0897
0.25,0.16,1.7999999999999998,3,8585,5582,86,2917,1.002,33.98,-0.2573,16.2,-0.0014,-0.0414,-0.0819,-0.1014,-355.55,-703.19,703.73,-0.0846,-0.0799,-0.0793
0.25,0.16,1.7999999999999998,4,8377,5804,103,2470,1.23,29.49,-0.3018,14.4,-0.0003,-0.0403,-0.0795,-0.1003,-337.21,-665.71,666.48,-0.0813,-0.0787,-0.0769
0.25,0.16,1.7999999999999998,6,8041,5948,157,1936,1.952,24.08,-0.3647,10.6,-0.0046,-0.0446,-0.0824,-0.1046,-358.69,-662.71,663.38,-0.0807,-0.087,-0.08
0.25,0.16,1.7999999999999998,12,7593,6164,241,1188,3.174,15.65,-0.4707,6.7,-0.0009,-0.0409,-0.0765,-0.1009,-310.45,-581.11,581.74,-0.0756,-0.0756,-0.0796
0.25,0.16,1.7999999999999998,24,7219,6200,346,673,4.793,9.32,-0.5472,4.8,0.0001,-0.0399,-0.0741,-0.0999,-287.81,-534.95,536.25,-0.074,-0.0753,-0.0726
0.25,0.16,1.7999999999999998,48,6953,6162,434,357,6.242,5.13,-0.6407,1.7,-0.0035,-0.0435,-0.0769,-0.1035,-302.14,-534.46,535.63,-0.0779,-0.0789,-0.072
0.25,0.16,1.7999999999999998,288,6711,6141,551,19,8.21,0.28,-0.7053,0.0,-0.0034,-0.0434,-0.0759,-0.1034,-291.08,-509.51,511.04,-0.0782,-0.0717,-0.0769
0.25,0.16,3.0,0,5463,5181,282,0,5.162,0.0,,,-0.0031,-0.0431,-0.0747,-0.1031,-235.56,-407.91,409.44,-0.0784,-0.0563,-0.0934
0.25,0.16,3.0,1,9257,4241,11,5005,0.119,54.07,-0.1298,28.7,-0.0004,-0.0404,-0.0867,-0.1004,-374.21,-802.4,802.95,-0.0866,-0.087,-0.0863
0.25,0.16,3.0,2,8844,5165,17,3662,0.192,41.41,-0.2108,21.6,0.0004,-0.0396,-0.0821,-0.0996,-350.14,-725.83,726.4,-0.0801,-0.0809,-0.0874
0.25,0.16,3.0,3,8540,5562,22,2956,0.258,34.61,-0.2749,16.0,0.0013,-0.0387,-0.0791,-0.0987,-330.16,-675.7,676.24,-0.0826,-0.0766,-0.0756
0.25,0.16,3.0,4,8310,5765,26,2519,0.313,30.31,-0.3286,14.1,0.002,-0.038,-0.0772,-0.098,-315.83,-641.48,642.25,-0.0787,-0.0767,-0.0748
0.25,0.16,3.0,6,7922,5858,36,2028,0.454,25.6,-0.422,10.2,-0.0033,-0.0433,-0.0812,-0.1033,-343.33,-642.91,643.59,-0.0783,-0.086,-0.0804
0.25,0.16,3.0,12,7342,5961,64,1317,0.872,17.94,-0.5856,6.1,-0.0013,-0.0413,-0.0769,-0.1013,-303.14,-564.83,565.46,-0.076,-0.0763,-0.0797
0.25,0.16,3.0,24,6781,5837,104,840,1.534,12.39,-0.7498,3.7,-0.0012,-0.0412,-0.0753,-0.1012,-279.12,-510.87,512.17,-0.0793,-0.0677,-0.0776
0.25,0.16,3.0,48,6264,5590,144,530,2.299,8.46,-0.9342,0.9,-0.0052,-0.0452,-0.0785,-0.1052,-283.29,-491.43,492.6,-0.0855,-0.0744,-0.07
0.25,0.16,3.0,288,5557,5221,256,80,4.607,1.44,-1.2198,0.0,-0.0054,-0.0454,-0.0773,-0.1054,-252.51,-429.3,432.18,-0.0793,-0.0639,-0.0921
0.25,0.2,0.5,0,9268,6412,2856,0,30.816,0.0,,,-0.0157,-0.0557,-0.095,-0.1157,-516.32,-880.04,881.08,-0.0943,-0.096,-0.0949
0.25,0.2,0.5,1,9771,3434,1018,5319,10.419,54.44,-0.0565,38.4,-0.0126,-0.0526,-0.102,-0.1126,-513.51,-996.75,997.38,-0.1032,-0.1013,-0.1007
0.25,0.2,0.5,2,9573,4555,1528,3490,15.962,36.46,-0.0761,35.1,-0.0124,-0.0524,-0.0981,-0.1124,-501.39,-939.12,939.93,-0.0987,-0.0968,-0.0986
0.25,0.2,0.5,3,9476,5144,1887,2445,19.913,25.8,-0.0849,31.9,-0.0129,-0.0529,-0.0966,-0.1129,-501.3,-915.54,916.45,-0.0977,-0.0954,-0.096
0.25,0.2,0.5,4,9425,5476,2101,1848,22.292,19.61,-0.089,31.2,-0.0127,-0.0527,-0.0953,-0.1127,-496.8,-898.02,899.01,-0.0952,-0.0965,-0.0938
0.25,0.2,0.5,6,9355,5801,2344,1210,25.056,12.93,-0.0984,28.8,-0.014,-0.054,-0.0954,-0.114,-505.05,-892.32,893.31,-0.0956,-0.0958,-0.0944
0.25,0.2,0.5,12,9299,6207,2639,453,28.379,4.87,-0.1118,25.8,-0.0138,-0.0538,-0.0938,-0.1138,-500.72,-872.45,873.49,-0.0932,-0.0932,-0.0958
0.25,0.2,0.5,24,9279,6361,2791,127,30.079,1.37,-0.115,27.6,-0.0149,-0.0549,-0.0943,-0.1149,-509.06,-874.97,876.01,-0.0941,-0.0939,-0.0952
0.25,0.2,0.5,48,9269,6405,2834,30,30.575,0.32,-0.1764,10.0,-0.0152,-0.0552,-0.0945,-0.1152,-512.05,-876.04,877.08,-0.0939,-0.0953,-0.0948
0.25,0.2,0.5,288,9268,6412,2856,0,30.816,0.0,,,-0.0157,-0.0557,-0.095,-0.1157,-516.32,-880.04,881.08,-0.0943,-0.096,-0.0949
0.25,0.2,1.0,0,7663,6299,1364,0,17.8,0.0,,,-0.0136,-0.0536,-0.0889,-0.1136,-410.72,-681.53,683.29,-0.0887,-0.0895,-0.0886
0.25,0.2,1.0,1,9295,3325,177,5793,1.904,62.32,-0.0941,35.0,-0.0062,-0.0462,-0.0954,-0.1062,-429.19,-887.14,887.76,-0.0956,-0.0965,-0.0937
0.25,0.2,1.0,2,8891,4335,321,4235,3.61,47.63,-0.1432,28.9,-0.0068,-0.0468,-0.0922,-0.1068,-416.22,-819.63,820.44,-0.0912,-0.0911,-0.0955
0.25,0.2,1.0,3,8626,4859,437,3330,5.066,38.6,-0.1779,24.1,-0.0067,-0.0467,-0.0898,-0.1067,-402.79,-774.58,775.36,-0.0931,-0.0879,-0.0858
0.25,0.2,1.0,4,8452,5160,522,2770,6.176,32.77,-0.2007,21.7,-0.0054,-0.0454,-0.0871,-0.1054,-384.1,-736.42,737.28,-0.0886,-0.0871,-0.0844
0.25,0.2,1.0,6,8189,5430,699,2060,8.536,25.16,-0.2317,18.1,-0.011,-0.051,-0.0911,-0.111,-417.9,-746.34,747.4,-0.0891,-0.0952,-0.0898
0.25,0.2,1.0,12,7949,5916,954,1079,12.002,13.57,-0.2778,13.8,-0.0089,-0.0489,-0.0865,-0.1089,-388.48,-687.94,689.03,-0.0843,-0.0887,-0.0883
0.25,0.2,1.0,24,7774,6128,1155,491,14.857,6.32,-0.3103,11.8,-0.0105,-0.0505,-0.0869,-0.1105,-392.71,-675.31,677.42,-0.0852,-0.0877,-0.0892
0.25,0.2,1.0,48,7696,6232,1279,185,16.619,2.4,-0.335,7.0,-0.0123,-0.0523,-0.088,-0.1123,-402.42,-677.22,678.98,-0.0874,-0.0894,-0.0875
0.25,0.2,1.0,288,7663,6297,1363,3,17.787,0.04,-0.2628,0.0,-0.0136,-0.0536,-0.089,-0.1136,-410.91,-681.78,683.54,-0.0888,-0.0897,-0.0883
0.25,0.2,1.7999999999999998,0,6181,5543,638,0,10.322,0.0,,,-0.0064,-0.0464,-0.0795,-0.1064,-287.04,-491.61,493.82,-0.0803,-0.076,-0.0827
0.25,0.2,1.7999999999999998,1,9213,3307,40,5866,0.434,63.67,-0.105,34.5,-0.0029,-0.0429,-0.0921,-0.1029,-395.26,-848.83,849.45,-0.0922,-0.093,-0.0908
0.25,0.2,1.7999999999999998,2,8724,4250,61,4413,0.699,50.58,-0.1743,27.7,-0.0033,-0.0433,-0.0887,-0.1033,-377.76,-773.7,774.51,-0.0868,-0.088,-0.0932
0.25,0.2,1.7999999999999998,3,8404,4746,89,3569,1.059,42.47,-0.2248,22.6,-0.0016,-0.0416,-0.0846,-0.1016,-349.42,-711.28,712.06,-0.0864,-0.0834,-0.0827
0.25,0.2,1.7999999999999998,4,8167,5012,114,3041,1.396,37.24,-0.2618,19.8,0.0001,-0.0399,-0.0815,-0.0999,-325.65,-665.31,666.17,-0.0813,-0.082,-0.081
0.25,0.2,1.7999999999999998,6,7786,5210,171,2405,2.196,30.89,-0.3224,15.5,-0.0053,-0.0453,-0.0852,-0.1053,-352.55,-663.41,664.47,-0.0806,-0.0916,-0.086
0.25,0.2,1.7999999999999998,12,7262,5510,265,1487,3.649,20.48,-0.4272,10.6,-0.0014,-0.0414,-0.0787,-0.1014,-300.74,-571.16,572.26,-0.0761,-0.0803,-0.0815
0.25,0.2,1.7999999999999998,24,6807,5571,382,854,5.612,12.55,-0.5133,6.9,-0.0017,-0.0417,-0.0772,-0.1017,-284.08,-525.37,527.74,-0.0747,-0.0838,-0.0734
0.25,0.2,1.7999999999999998,48,6507,5554,484,469,7.438,7.21,-0.5931,3.8,-0.0059,-0.0459,-0.0803,-0.1059,-298.82,-522.62,524.83,-0.0776,-0.0875,-0.0763
0.25,0.2,1.7999999999999998,288,6188,5533,633,22,10.229,0.36,-0.7428,0.0,-0.0079,-0.0479,-0.0811,-0.1079,-296.66,-501.95,504.16,-0.0814,-0.0778,-0.0851
0.25,0.2,3.0,0,4879,4556,323,0,6.62,0.0,,,-0.0118,-0.0518,-0.0838,-0.1118,-252.96,-409.02,412.42,-0.0942,-0.0589,-0.0981
0.25,0.2,3.0,1,9199,3306,11,5882,0.12,63.94,-0.1075,34.5,-0.0004,-0.0404,-0.0896,-0.1004,-371.9,-824.66,825.29,-0.089,-0.0915,-0.0884
0.25,0.2,3.0,2,8696,4241,17,4438,0.195,51.03,-0.1814,27.6,-0.0009,-0.0409,-0.0863,-0.1009,-355.85,-750.38,751.19,-0.0836,-0.0867,-0.091
0.25,0.2,3.0,3,8357,4725,23,3609,0.275,43.19,-0.2404,22.3,0.001,-0.039,-0.082,-0.099,-325.97,-685.64,686.42,-0.0853,-0.08,-0.0784
0.25,0.2,3.0,4,8098,4971,27,3100,0.333,38.28,-0.2869,19.4,0.003,-0.037,-0.0786,-0.097,-300.0,-636.75,637.61,-0.0782,-0.0795,-0.0783
0.25,0.2,3.0,6,7660,5116,39,2505,0.509,32.7,-0.3736,14.9,-0.0039,-0.0439,-0.0838,-0.1039,-336.03,-642.15,643.21,-0.0772,-0.0921,-0.086
0.25,0.2,3.0,12,7006,5309,73,1624,1.042,23.18,-0.5327,9.7,-0.0032,-0.0432,-0.0804,-0.1032,-302.47,-563.56,564.65,-0.0765,-0.0846,-0.0827
0.25,0.2,3.0,24,6371,5217,117,1037,1.836,16.28,-0.6999,5.6,-0.0052,-0.0452,-0.0807,-0.1052,-288.26,-514.01,516.38,-0.0843,-0.0761,-0.0796
0.25,0.2,3.0,48,5810,4995,158,657,2.719,11.31,-0.8691,2.7,-0.0079,-0.0479,-0.0821,-0.1079,-278.39,-477.14,479.34,-0.0857,-0.081,-0.0765
0.25,0.2,3.0,288,4990,4605,290,95,5.812,1.9,-1.2554,1.1,-0.0137,-0.0537,-0.086,-0.1137,-267.86,-429.11,434.14,-0.0906,-0.0726,-0.0955
0.25,0.25,0.5,0,9041,5829,3212,0,35.527,0.0,,,-0.0165,-0.0565,-0.0971,-0.1165,-510.39,-877.98,879.42,-0.0968,-0.0982,-0.0962
0.25,0.25,0.5,1,9746,2546,1014,6186,10.404,63.47,-0.0373,43.9,-0.0104,-0.0504,-0.1025,-0.1104,-490.95,-999.33,1000.2,-0.1037,-0.1007,-0.1026
0.25,0.25,0.5,2,9497,3656,1576,4265,16.595,44.91,-0.052,41.8,-0.0101,-0.0501,-0.0985,-0.1101,-475.46,-935.6,936.72,-0.0988,-0.0964,-0.1006
0.25,0.25,0.5,3,9372,4252,1975,3145,21.073,33.56,-0.0569,39.6,-0.011,-0.051,-0.0974,-0.111,-478.34,-913.1,914.36,-0.099,-0.0948,-0.0979
0.25,0.25,0.5,4,9285,4623,2218,2444,23.888,26.32,-0.0647,38.2,-0.012,-0.052,-0.0971,-0.112,-482.78,-901.19,902.53,-0.0983,-0.0965,-0.0954
0.25,0.25,0.5,6,9178,5021,2515,1642,27.402,17.89,-0.0775,35.0,-0.0141,-0.0541,-0.0977,-0.1141,-496.58,-896.63,897.97,-0.0999,-0.0963,-0.0951
0.25,0.25,0.5,12,9097,5533,2906,658,31.945,7.23,-0.0825,32.5,-0.0136,-0.0536,-0.0954,-0.1136,-487.9,-867.73,869.17,-0.0945,-0.0949,-0.0977
0.25,0.25,0.5,24,9059,5745,3120,194,34.441,2.14,-0.0922,35.1,-0.0156,-0.0556,-0.0966,-0.1156,-504.0,-875.19,876.63,-0.0961,-0.0965,-0.0977
0.25,0.25,0.5,48,9043,5812,3184,47,35.21,0.52,-0.1327,17.0,-0.0161,-0.0561,-0.0968,-0.1161,-506.95,-875.17,876.61,-0.0964,-0.0978,-0.0962
0.25,0.25,0.5,288,9041,5829,3212,0,35.527,0.0,,,-0.0165,-0.0565,-0.0971,-0.1165,-510.39,-877.98,879.42,-0.0968,-0.0982,-0.0962
0.25,0.25,1.0,0,7232,5684,1548,0,21.405,0.0,,,-0.0176,-0.0576,-0.094,-0.1176,-416.28,-679.68,683.28,-0.0928,-0.0932,-0.0974
0.25,0.25,1.0,1,9254,2428,174,6652,1.88,71.88,-0.0731,40.3,-0.0057,-0.0457,-0.0979,-0.1057,-423.21,-905.61,906.49,-0.098,-0.0976,-0.0978
0.25,0.25,1.0,2,8787,3431,330,5026,3.756,57.2,-0.1152,35.2,-0.0058,-0.0458,-0.0941,-0.1058,-402.82,-827.11,828.25,-0.0927,-0.0924,-0.0993
0.25,0.25,1.0,3,8471,3936,451,4084,5.324,48.21,-0.1424,31.3,-0.0057,-0.0457,-0.0918,-0.1057,-387.29,-777.47,778.55,-0.0949,-0.0881,-0.0903
0.25,0.25,1.0,4,8247,4276,545,3426,6.608,41.54,-0.1681,28.1,-0.0063,-0.0463,-0.0907,-0.1063,-381.68,-748.22,749.38,-0.0927,-0.0892,-0.0887
0.25,0.25,1.0,6,7921,4603,748,2570,9.443,32.45,-0.2007,23.5,-0.0143,-0.0543,-0.0968,-0.1143,-429.91,-767.08,768.74,-0.0963,-0.0986,-0.0956
0.25,0.25,1.0,12,7605,5175,1035,1395,13.609,18.34,-0.2436,18.9,-0.0107,-0.0507,-0.0902,-0.1107,-385.24,-686.29,687.98,-0.0882,-0.0905,-0.0939
0.25,0.25,1.0,24,7390,5477,1282,631,17.348,8.54,-0.2817,16.5,-0.0122,-0.0522,-0.09,-0.1122,-386.12,-665.21,668.29,-0.0867,-0.0921,-0.0938
0.25,0.25,1.0,48,7282,5599,1433,250,19.679,3.43,-0.3118,10.4,-0.0153,-0.0553,-0.0922,-0.1153,-402.48,-671.43,674.11,-0.0917,-0.0932,-0.0919
0.25,0.25,1.0,288,7232,5683,1546,3,21.377,0.04,-0.4402,0.0,-0.0175,-0.0575,-0.0939,-0.1175,-415.85,-679.28,682.88,-0.0928,-0.0934,-0.0969
0.25,0.25,1.7999999999999998,0,5610,4904,706,0,12.585,0.0,,,-0.008,-0.048,-0.0818,-0.108,-269.2,-458.68,463.24,-0.0809,-0.0774,-0.0896
0.25,0.25,1.7999999999999998,1,9166,2399,39,6728,0.425,73.4,-0.0835,39.8,-0.0035,-0.0435,-0.0957,-0.1035,-399.01,-877.0,877.87,-0.0963,-0.0944,-0.0963
0.25,0.25,1.7999999999999998,2,8607,3338,58,5211,0.674,60.54,-0.1443,33.9,-0.0025,-0.0425,-0.0909,-0.1025,-366.05,-782.33,783.47,-0.0888,-0.0899,-0.0964
0.25,0.25,1.7999999999999998,3,8248,3836,90,4322,1.091,52.4,-0.1849,29.5,-0.0002,-0.0402,-0.0863,-0.1002,-331.85,-711.65,712.73,-0.0886,-0.0826,-0.0865
0.25,0.25,1.7999999999999998,4,7955,4133,113,3709,1.42,46.62,-0.2248,25.9,-0.0005,-0.0405,-0.0849,-0.1005,-322.31,-675.62,676.78,-0.0854,-0.0841,-0.0852
0.25,0.25,1.7999999999999998,6,7499,4385,175,2939,2.334,39.19,-0.2867,20.5,-0.0082,-0.0482,-0.0907,-0.1082,-361.4,-679.79,681.46,-0.088,-0.0946,-0.0907
0.25,0.25,1.7999999999999998,12,6910,4790,277,1843,4.009,26.67,-0.3827,15.0,-0.0009,-0.0409,-0.0801,-0.1009,-282.88,-553.78,555.65,-0.0758,-0.0832,-0.0847
0.25,0.25,1.7999999999999998,24,6376,4918,403,1055,6.321,16.55,-0.4858,9.8,-0.0013,-0.0413,-0.0782,-0.1013,-263.47,-498.49,501.66,-0.0727,-0.0907,-0.0724
0.25,0.25,1.7999999999999998,48,6004,4895,523,586,8.711,9.76,-0.5556,5.6,-0.0072,-0.0472,-0.0827,-0.1072,-283.36,-496.75,500.75,-0.082,-0.0886,-0.0763
0.25,0.25,1.7999999999999998,288,5621,4891,696,34,12.382,0.6,-0.6921,5.9,-0.0095,-0.0495,-0.0834,-0.1095,-278.42,-468.95,473.51,-0.0823,-0.0792,-0.0917
0.25,0.25,3.0,0,4314,3969,345,0,7.997,0.0,,,-0.0099,-0.0499,-0.0823,-0.1099,-215.31,-355.08,360.26,-0.0909,-0.0538,-0.1051
0.25,0.25,3.0,1,9151,2395,10,6746,0.109,73.72,-0.0858,39.8,-0.0011,-0.0411,-0.0933,-0.1011,-376.18,-853.39,854.27,-0.0932,-0.0929,-0.0939
0.25,0.25,3.0,2,8581,3330,17,5234,0.198,61.0,-0.1503,33.7,-0.0006,-0.0406,-0.089,-0.1006,-348.66,-763.62,764.76,-0.0869,-0.0887,-0.0935
0.25,0.25,3.0,3,8197,3809,23,4365,0.281,53.25,-0.1989,29.2,0.0018,-0.0382,-0.0842,-0.0982,-312.87,-690.42,691.5,-0.0881,-0.0798,-0.0824
0.25,0.25,3.0,4,7885,4089,25,3771,0.317,47.82,-0.2463,25.5,0.0023,-0.0377,-0.0821,-0.0977,-297.08,-647.51,648.67,-0.0829,-0.0822,-0.0805
0.25,0.25,3.0,6,7379,4298,38,3043,0.515,41.24,-0.3297,19.8,-0.0058,-0.0458,-0.0883,-0.1058,-338.02,-651.82,653.49,-0.0859,-0.0929,-0.0871
0.25,0.25,3.0,12,6654,4596,76,1982,1.142,29.79,-0.4764,13.9,-0.0035,-0.0435,-0.0828,-0.1035,-289.33,-550.69,553.12,-0.079,-0.0868,-0.0849
0.25,0.25,3.0,24,5938,4577,122,1239,2.055,20.87,-0.6559,8.2,-0.0058,-0.0458,-0.0827,-0.1058,-271.91,-490.88,494.67,-0.0846,-0.0823,-0.0793
0.25,0.25,3.0,48,5335,4385,166,784,3.112,14.7,-0.8165,4.1,-0.0079,-0.0479,-0.0832,-0.1079,-255.31,-443.86,447.9,-0.0887,-0.0796,-0.077
0.25,0.25,3.0,288,4439,4020,308,111,6.938,2.5,-1.1816,0.9,-0.0113,-0.0513,-0.0841,-0.1113,-227.72,-373.46,381.29,-0.0861,-0.0721,-0.0967
0.25,0.3,0.5,0,8805,5307,3498,0,39.727,0.0,,,-0.0178,-0.0578,-0.0997,-0.1178,-509.1,-878.19,880.21,-0.099,-0.1023,-0.0978
0.25,0.3,0.5,1,9728,1852,1007,6869,10.352,70.61,-0.0213,47.8,-0.0097,-0.0497,-0.104,-0.1097,-483.29,-1011.41,1012.1,-0.1059,-0.1019,-0.1029
0.25,0.3,0.5,2,9418,2911,1612,4895,17.116,51.97,-0.0323,46.4,-0.0097,-0.0497,-0.1004,-0.1097,-467.62,-945.37,946.32,-0.101,-0.0989,-0.101
0.25,0.3,0.5,3,9255,3475,2033,3747,21.967,40.49,-0.0352,44.9,-0.0114,-0.0514,-0.1002,-0.1114,-476.08,-927.13,928.65,-0.1015,-0.0988,-0.0994
0.25,0.3,0.5,4,9148,3872,2317,2959,25.328,32.35,-0.0408,44.2,-0.0129,-0.0529,-0.1002,-0.1129,-483.69,-916.41,918.01,-0.1015,-0.101,-0.0965
0.25,0.3,0.5,6,9014,4331,2650,2033,29.399,22.55,-0.0525,41.2,-0.0147,-0.0547,-0.1003,-0.1147,-493.06,-903.97,905.58,-0.1017,-0.1026,-0.0943
0.25,0.3,0.5,12,8894,4901,3111,882,34.979,9.92,-0.0544,40.1,-0.015,-0.055,-0.0984,-0.115,-488.94,-875.55,877.42,-0.0976,-0.0988,-0.0996
0.25,0.3,0.5,24,8832,5169,3374,289,38.202,3.27,-0.0592,41.9,-0.0174,-0.0574,-0.0998,-0.1174,-506.68,-881.53,883.55,-0.0993,-0.1003,-0.1003
0.25,0.3,0.5,48,8808,5276,3458,74,39.26,0.84,-0.0846,35.1,-0.0173,-0.0573,-0.0993,-0.1173,-504.78,-874.98,877.0,-0.0985,-0.1021,-0.0974
0.25,0.3,0.5,288,8805,5307,3498,0,39.727,0.0,,,-0.0178,-0.0578,-0.0997,-0.1178,-509.1,-878.19,880.21,-0.099,-0.1023,-0.0978
0.25,0.3,1.0,0,6830,5138,1692,0,24.773,0.0,,,-0.022,-0.062,-0.0995,-0.122,-423.8,-679.46,683.19,-0.0971,-0.0974,-0.1071
0.25,0.3,1.0,1,9228,1750,171,7307,1.853,79.18,-0.0563,44.1,-0.0062,-0.0462,-0.1005,-0.1062,-426.14,-927.32,928.01,-0.1015,-0.0994,-0.1
0.25,0.3,1.0,2,8685,2695,341,5649,3.926,65.04,-0.0935,39.5,-0.007,-0.047,-0.0977,-0.107,-407.92,-848.17,849.12,-0.096,-0.0966,-0.1024
0.25,0.3,1.0,3,8329,3169,461,4699,5.535,56.42,-0.1179,36.2,-0.0077,-0.0477,-0.0963,-0.1077,-397.63,-802.3,803.59,-0.0997,-0.0942,-0.0923
0.25,0.3,1.0,4,8080,3531,565,3984,6.993,49.31,-0.1413,33.3,-0.0085,-0.0485,-0.0954,-0.1085,-391.91,-770.78,772.26,-0.0966,-0.0976,-0.0901
0.25,0.3,1.0,6,7717,3917,777,3023,10.069,39.17,-0.1725,28.6,-0.016,-0.056,-0.1008,-0.116,-432.13,-777.64,780.1,-0.0994,-0.108,-0.094
0.25,0.3,1.0,12,7320,4503,1088,1729,14.863,23.62,-0.2089,24.7,-0.0134,-0.0534,-0.095,-0.1134,-391.04,-695.15,697.62,-0.0938,-0.0951,-0.097
0.25,0.3,1.0,24,7042,4843,1368,831,19.426,11.8,-0.2393,22.0,-0.0162,-0.0562,-0.0956,-0.1162,-395.63,-672.86,676.6,-0.0925,-0.0956,-0.1016
0.25,0.3,1.0,48,6894,5015,1548,331,22.454,4.8,-0.2783,17.2,-0.0197,-0.0597,-0.0978,-0.1197,-411.37,-674.56,678.29,-0.0966,-0.0991,-0.0987
0.25,0.3,1.0,288,6830,5134,1690,6,24.744,0.09,-0.3485,0.0,-0.0222,-0.0622,-0.0997,-0.1222,-425.09,-680.87,684.6,-0.0971,-0.0984,-0.1066
0.25,0.3,1.7999999999999998,0,5134,4366,768,0,14.959,0.0,,,-0.0141,-0.0541,-0.0886,-0.1141,-277.96,-455.02,460.04,-0.0788,-0.0928,-0.1036
0.25,0.3,1.7999999999999998,1,9139,1718,39,7382,0.427,80.77,-0.0661,43.6,-0.0047,-0.0447,-0.099,-0.1047,-408.06,-904.86,905.55,-0.1004,-0.0972,-0.0987
0.25,0.3,1.7999999999999998,2,8499,2598,60,5841,0.706,68.73,-0.122,38.1,-0.0048,-0.0448,-0.0957,-0.1048,-381.1,-813.1,814.05,-0.0936,-0.0949,-0.1007
0.25,0.3,1.7999999999999998,3,8103,3068,93,4942,1.148,60.99,-0.1576,34.4,-0.0032,-0.0432,-0.0918,-0.1032,-349.92,-744.06,745.35,-0.095,-0.0888,-0.0895
0.25,0.3,1.7999999999999998,4,7778,3383,115,4280,1.479,55.03,-0.1954,30.9,-0.0037,-0.0437,-0.0906,-0.1037,-339.72,-704.91,706.39,-0.0907,-0.0929,-0.0876
0.25,0.3,1.7999999999999998,6,7285,3695,182,3408,2.498,46.78,-0.2525,25.4,-0.0109,-0.0509,-0.0957,-0.1109,-370.98,-697.23,699.39,-0.0924,-0.1047,-0.0903
0.25,0.3,1.7999999999999998,12,6618,4139,290,2189,4.382,33.08,-0.3402,20.1,-0.0038,-0.0438,-0.085,-0.1038,-289.83,-562.74,565.46,-0.0815,-0.0864,-0.0901
0.25,0.3,1.7999999999999998,24,5988,4278,427,1283,7.131,21.43,-0.4352,14.2,-0.0073,-0.0473,-0.0858,-0.1073,-283.12,-514.06,517.38,-0.078,-0.0945,-0.09
0.25,0.3,1.7999999999999998,48,5558,4312,559,687,10.058,12.36,-0.5222,9.2,-0.0128,-0.0528,-0.0896,-0.1128,-293.7,-497.82,501.51,-0.0843,-0.095,-0.0927
0.25,0.3,1.7999999999999998,288,5148,4348,751,49,14.588,0.95,-0.6402,4.1,-0.0153,-0.0553,-0.09,-0.1153,-284.69,-463.13,466.35,-0.0813,-0.0917,-0.1059
0.25,0.3,3.0,0,3872,3498,374,0,9.659,0.0,,,-0.0187,-0.0587,-0.0916,-0.1187,-227.48,-354.86,365.93,-0.0863,-0.0866,-0.1094
0.25,0.3,3.0,1,9121,1708,10,7403,0.11,81.16,-0.0688,43.5,-0.003,-0.043,-0.0973,-0.103,-391.82,-887.84,888.53,-0.0983,-0.0966,-0.0963
0.25,0.3,3.0,2,8468,2581,17,5870,0.201,69.32,-0.1283,37.9,-0.0036,-0.0436,-0.0944,-0.1036,-368.8,-799.45,800.4,-0.0921,-0.0939,-0.0997
0.25,0.3,3.0,3,8052,3040,23,4989,0.286,61.96,-0.1704,34.1,-0.0009,-0.0409,-0.0896,-0.1009,-329.43,-721.35,722.64,-0.0946,-0.0863,-0.0842
0.25,0.3,3.0,4,7704,3337,25,4342,0.325,56.36,-0.215,30.4,-0.0009,-0.0409,-0.0879,-0.1009,-315.38,-677.51,678.98,-0.0886,-0.0914,-0.0822
0.25,0.3,3.0,6,7166,3615,39,3512,0.544,49.01,-0.2923,24.7,-0.0082,-0.0482,-0.0931,-0.1082,-345.76,-667.27,670.39,-0.0904,-0.1022,-0.0866
0.25,0.3,3.0,12,6372,3964,78,2330,1.224,36.57,-0.4251,18.8,-0.0055,-0.0455,-0.0869,-0.1055,-290.23,-553.63,557.21,-0.085,-0.0897,-0.0869
0.25,0.3,3.0,24,5579,3979,129,1471,2.312,26.37,-0.5923,12.4,-0.0116,-0.0516,-0.0902,-0.1116,-287.79,-503.16,506.78,-0.0896,-0.0931,-0.0876
0.25,0.3,3.0,48,4926,3850,175,901,3.553,18.29,-0.7749,7.0,-0.0138,-0.0538,-0.0904,-0.1138,-265.19,-445.25,449.03,-0.0916,-0.0912,-0.087
0.25,0.3,3.0,288,3988,3518,330,140,8.275,3.51,-1.0858,0.7,-0.0217,-0.0617,-0.0953,-0.1217,-246.14,-379.88,384.57,-0.0876,-0.0973,-0.1077
0.25,0.5,0.5,0,8024,3958,4066,0,50.673,0.0,,,-0.0067,-0.0467,-0.0919,-0.1067,-374.96,-737.66,740.24,-0.0883,-0.0948,-0.0952
0.25,0.5,0.5,1,9711,616,1005,8090,10.349,83.31,0.0158,54.5,-0.0068,-0.0468,-0.1049,-0.1068,-454.73,-1018.91,1019.47,-0.1062,-0.1039,-0.1037
0.25,0.5,0.5,2,9278,1223,1649,6406,17.773,69.05,0.0243,56.2,-0.0062,-0.0462,-0.1022,-0.1062,-428.58,-948.57,948.97,-0.1023,-0.1019,-0.1026
0.25,0.5,0.5,3,9012,1662,2111,5239,23.424,58.13,0.0294,56.6,-0.0078,-0.0478,-0.1023,-0.1078,-430.93,-921.79,922.9,-0.1019,-0.104,-0.1009
0.25,0.5,0.5,4,8836,2006,2441,4389,27.626,49.67,0.0343,57.7,-0.0076,-0.0476,-0.1008,-0.1076,-420.3,-890.28,891.9,-0.0998,-0.1027,-0.1001
0.25,0.5,0.5,6,8577,2502,2837,3238,33.077,37.75,0.0318,56.5,-0.0075,-0.0475,-0.0988,-0.1075,-407.65,-847.21,848.55,-0.1004,-0.1004,-0.0934
0.25,0.5,0.5,12,8290,3183,3419,1688,41.242,20.36,0.0381,57.9,-0.0065,-0.0465,-0.095,-0.1065,-385.23,-787.14,788.67,-0.0921,-0.0961,-0.099
0.25,0.5,0.5,24,8129,3616,3798,715,46.722,8.8,0.0476,58.7,-0.007,-0.047,-0.0937,-0.107,-382.15,-761.41,763.56,-0.0927,-0.0926,-0.097
0.25,0.5,0.5,48,8048,3864,3961,223,49.217,2.77,0.0136,53.4,-0.0057,-0.0457,-0.0912,-0.1057,-367.39,-734.35,736.93,-0.0885,-0.0918,-0.096
0.25,0.5,0.5,288,8024,3958,4065,1,50.661,0.01,0.0486,100.0,-0.0067,-0.0467,-0.0919,-0.1067,-374.41,-737.11,739.69,-0.0883,-0.0948,-0.0949
0.25,0.5,1.0,0,5732,3778,1954,0,34.089,0.0,,,-0.0113,-0.0513,-0.0916,-0.1113,-294.28,-524.86,531.27,-0.0844,-0.0905,-0.1076
0.25,0.5,1.0,1,9195,573,171,8451,1.86,91.91,-0.0191,50.4,-0.005,-0.045,-0.1031,-0.105,-413.84,-948.35,948.9,-0.1038,-0.1028,-0.1022
0.25,0.5,1.0,2,8524,1112,348,7064,4.083,82.87,-0.0367,48.9,-0.006,-0.046,-0.1021,-0.106,-392.51,-870.59,871.12,-0.1009,-0.1019,-0.1049
0.25,0.5,1.0,3,8072,1457,479,6136,5.934,76.02,-0.0504,47.1,-0.0074,-0.0474,-0.102,-0.1074,-382.85,-823.46,824.32,-0.1031,-0.1028,-0.0988
0.25,0.5,1.0,4,7761,1750,587,5424,7.563,69.89,-0.0604,46.2,-0.0051,-0.0451,-0.0984,-0.1051,-350.14,-763.3,764.98,-0.0977,-0.0985,-0.0995
0.25,0.5,1.0,6,7260,2173,806,4281,11.102,58.97,-0.0833,42.9,-0.0105,-0.0505,-0.1015,-0.1105,-366.67,-737.08,739.17,-0.1012,-0.1065,-0.0956
0.25,0.5,1.0,12,6644,2797,1154,2693,17.369,40.53,-0.1068,40.5,-0.0065,-0.0465,-0.0939,-0.1065,-308.86,-623.59,627.65,-0.0894,-0.0939,-0.1027
0.25,0.5,1.0,24,6196,3259,1482,1455,23.919,23.48,-0.1247,38.4,-0.0055,-0.0455,-0.0897,-0.1055,-281.82,-555.81,560.3,-0.0864,-0.0875,-0.0992
0.25,0.5,1.0,48,5916,3555,1738,623,29.378,10.53,-0.1715,32.9,-0.0114,-0.0514,-0.0934,-0.1114,-303.97,-552.28,555.81,-0.0862,-0.0959,-0.1043
0.25,0.5,1.0,288,5734,3765,1950,19,34.008,0.33,-0.1393,31.6,-0.0122,-0.0522,-0.0925,-0.1122,-299.51,-530.6,537.3,-0.0847,-0.0934,-0.1074
0.25,0.5,1.7999999999999998,0,4023,3137,886,0,22.023,0.0,,,-0.0065,-0.0465,-0.0831,-0.1065,-187.22,-334.49,352.56,-0.0721,-0.0941,-0.0912
0.25,0.5,1.7999999999999998,1,9098,547,36,8515,0.396,93.59,-0.029,49.8,-0.0042,-0.0442,-0.1024,-0.1042,-402.04,-931.51,932.07,-0.1031,-0.1006,-0.1033
0.25,0.5,1.7999999999999998,2,8340,1042,62,7236,0.743,86.76,-0.0616,47.5,-0.0044,-0.0444,-0.1006,-0.1044,-370.03,-839.17,839.7,-0.0985,-0.101,-0.1043
0.25,0.5,1.7999999999999998,3,7841,1371,88,6382,1.122,81.39,-0.087,45.2,-0.0036,-0.0436,-0.0983,-0.1036,-341.59,-770.92,771.79,-0.0982,-0.0989,-0.0977
0.25,0.5,1.7999999999999998,4,7461,1632,118,5711,1.582,76.54,-0.1073,43.6,-0.0013,-0.0413,-0.0947,-0.1013,-307.78,-706.48,708.16,-0.0923,-0.0962,-0.0974
0.25,0.5,1.7999999999999998,6,6849,1996,189,4664,2.76,68.1,-0.1516,39.3,-0.0072,-0.0472,-0.0984,-0.1072,-323.07,-674.13,675.56,-0.0964,-0.1057,-0.0929
0.25,0.5,1.7999999999999998,12,5996,2526,301,3169,5.02,52.85,-0.223,34.4,0.0024,-0.0376,-0.0849,-0.0976,-225.23,-509.21,515.27,-0.0761,-0.0876,-0.0985
0.25,0.5,1.7999999999999998,24,5220,2816,452,1952,8.659,37.39,-0.2993,28.6,0.0019,-0.0381,-0.0819,-0.0981,-198.67,-427.39,435.61,-0.07,-0.0925,-0.0907
0.25,0.5,1.7999999999999998,48,4629,2969,608,1052,13.135,22.73,-0.4061,19.8,-0.008,-0.048,-0.0888,-0.108,-222.31,-410.98,420.23,-0.0717,-0.1006,-0.1066
0.25,0.5,1.7999999999999998,288,4054,3101,859,94,21.189,2.32,-0.5047,18.1,-0.0106,-0.0506,-0.0877,-0.1106,-205.3,-355.51,369.51,-0.0773,-0.0935,-0.1013
0.25,0.5,3.0,0,2872,2448,424,0,14.763,0.0,,,-0.0167,-0.0567,-0.0911,-0.1167,-162.88,-261.76,278.0,-0.0636,-0.1191,-0.1122
0.25,0.5,3.0,1,9081,539,10,8532,0.11,93.95,-0.0316,49.7,-0.0033,-0.0433,-0.1015,-0.1033,-393.13,-921.82,922.38,-0.1028,-0.1001,-0.1009
0.25,0.5,3.0,2,8309,1025,16,7268,0.193,87.47,-0.0672,47.2,-0.0029,-0.0429,-0.0992,-0.1029,-356.63,-824.42,824.95,-0.0965,-0.1,-0.1034
0.25,0.5,3.0,3,7799,1353,22,6424,0.282,82.37,-0.0965,44.9,-0.0012,-0.0412,-0.096,-0.1012,-321.29,-748.64,749.5,-0.0979,-0.0952,-0.0933
0.25,0.5,3.0,4,7395,1599,26,5770,0.352,78.03,-0.1245,43.1,0.0004,-0.0396,-0.0931,-0.0996,-292.78,-688.51,690.19,-0.0913,-0.0948,-0.0944
0.25,0.5,3.0,6,6739,1932,40,4767,0.594,70.74,-0.1846,38.3,-0.0051,-0.0451,-0.0965,-0.1051,-303.7,-650.08,652.43,-0.0953,-0.1054,-0.0872
0.25,0.5,3.0,12,5796,2413,80,3303,1.38,56.99,-0.2895,32.6,0.0017,-0.0383,-0.0858,-0.0983,-221.7,-497.07,504.34,-0.0782,-0.0905,-0.0941
0.25,0.5,3.0,24,4879,2604,134,2141,2.746,43.88,-0.4273,25.9,-0.0031,-0.0431,-0.0871,-0.1031,-210.12,-424.74,432.57,-0.0793,-0.0925,-0.0945
0.25,0.5,3.0,48,4092,2637,188,1267,4.594,30.96,-0.6262,15.9,-0.0095,-0.0495,-0.0902,-0.1095,-202.52,-368.93,374.82,-0.0785,-0.0972,-0.1034
0.25,0.5,3.0,288,3033,2470,368,195,12.133,6.43,-0.9619,8.2,-0.0187,-0.0587,-0.0942,-0.1187,-177.89,-285.77,301.97,-0.0738,-0.1163,-0.1058
0.4,0.1,0.5,0,3225,2445,780,0,24.186,0.0,,,-0.0451,-0.0851,-0.1224,-0.1451,-274.5,-394.65,395.13,-0.1315,-0.1181,-0.1084
0.4,0.1,0.5,1,3225,2182,587,456,18.202,14.14,-0.1573,12.3,-0.0456,-0.0856,-0.1253,-0.1456,-276.02,-404.06,404.27,-0.1328,-0.1201,-0.1161
0.4,0.1,0.5,2,3225,2325,686,214,21.271,6.64,-0.1606,10.3,-0.0449,-0.0849,-0.1233,-0.1449,-273.87,-397.62,397.89,-0.1312,-0.1192,-0.1118
0.4,0.1,0.5,3,3225,2389,724,112,22.45,3.47,-0.1685,7.1,-0.044,-0.084,-0.1218,-0.144,-270.97,-392.8,393.16,-0.1305,-0.1178,-0.1084
0.4,0.1,0.5,4,3225,2415,738,72,22.884,2.23,-0.1906,9.7,-0.0438,-0.0838,-0.1213,-0.1438,-270.22,-391.27,391.75,-0.1305,-0.1171,-0.1072
0.4,0.1,0.5,6,3225,2430,761,34,23.597,1.05,-0.1896,14.7,-0.0446,-0.0846,-0.122,-0.1446,-272.95,-393.55,394.03,-0.1314,-0.1179,-0.1073
0.4,0.1,0.5,12,3225,2442,775,8,24.031,0.25,-0.1902,0.0,-0.0449,-0.0849,-0.1222,-0.1449,-273.82,-394.06,394.54,-0.1316,-0.1182,-0.1073
0.4,0.1,0.5,24,3225,2445,778,2,24.124,0.06,-0.2822,0.0,-0.045,-0.085,-0.1222,-0.145,-274.06,-394.21,394.69,-0.1313,-0.1181,-0.1082
0.4,0.1,0.5,48,3225,2445,780,0,24.186,0.0,,,-0.0451,-0.0851,-0.1224,-0.1451,-274.5,-394.65,395.13,-0.1315,-0.1181,-0.1084
0.4,0.1,0.5,288,3225,2445,780,0,24.186,0.0,,,-0.0451,-0.0851,-0.1224,-0.1451,-274.5,-394.65,395.13,-0.1315,-0.1181,-0.1084
0.4,0.1,1.0,0,3051,2712,339,0,11.111,0.0,,,-0.0222,-0.0622,-0.0956,-0.1222,-189.84,-291.54,292.17,-0.1035,-0.0936,-0.0806
0.4,0.1,1.0,1,3100,2319,132,649,4.258,20.94,-0.2491,8.3,-0.0199,-0.0599,-0.0975,-0.1199,-185.8,-302.23,302.44,-0.1044,-0.0885,-0.0948
0.4,0.1,1.0,2,3082,2480,189,413,6.132,13.4,-0.2972,6.3,-0.0207,-0.0607,-0.0965,-0.1207,-187.02,-297.54,297.85,-0.1017,-0.0885,-0.0962
0.4,0.1,1.0,3,3071,2563,232,276,7.555,8.99,-0.3359,3.6,-0.0223,-0.0623,-0.0972,-0.1223,-191.25,-298.62,299.13,-0.1054,-0.0908,-0.088
0.4,0.1,1.0,4,3065,2603,254,208,8.287,6.79,-0.3539,3.4,-0.022,-0.062,-0.0965,-0.122,-189.92,-295.73,296.36,-0.1039,-0.0913,-0.0871
0.4,0.1,1.0,6,3057,2636,277,144,9.061,4.71,-0.3777,4.9,-0.0222,-0.0622,-0.0963,-0.1222,-190.07,-294.41,295.04,-0.103,-0.0951,-0.0832
0.4,0.1,1.0,12,3052,2676,310,66,10.157,2.16,-0.3992,1.5,-0.0225,-0.0625,-0.0962,-0.1225,-190.83,-293.67,294.3,-0.1036,-0.0949,-0.0817
0.4,0.1,1.0,24,3051,2700,327,24,10.718,0.79,-0.3349,0.0,-0.0213,-0.0613,-0.0948,-0.1213,-187.08,-289.14,289.77,-0.1039,-0.0923,-0.0779
0.4,0.1,1.0,48,3051,2711,334,6,10.947,0.2,-0.4818,0.0,-0.0216,-0.0616,-0.0949,-0.1216,-187.83,-289.56,290.19,-0.1038,-0.092,-0.0792
0.4,0.1,1.0,288,3051,2712,339,0,11.111,0.0,,,-0.0222,-0.0622,-0.0956,-0.1222,-189.84,-291.54,292.17,-0.1035,-0.0936,-0.0806
0.4,0.1,1.7999999999999998,0,2859,2681,178,0,6.226,0.0,,,-0.0183,-0.0583,-0.0902,-0.1183,-166.66,-257.77,258.37,-0.0954,-0.0883,-0.0813
0.4,0.1,1.7999999999999998,1,3061,2336,37,688,1.209,22.48,-0.2832,8.0,-0.0091,-0.0491,-0.0862,-0.1091,-150.26,-263.84,264.05,-0.0888,-0.0802,-0.0889
0.4,0.1,1.7999999999999998,2,3014,2477,46,491,1.526,16.29,-0.3972,5.5,-0.01,-0.05,-0.0853,-0.11,-150.69,-257.22,257.5,-0.0847,-0.0813,-0.0924
0.4,0.1,1.7999999999999998,3,2982,2547,58,377,1.945,12.64,-0.4806,3.4,-0.0104,-0.0504,-0.0847,-0.1104,-150.17,-252.68,253.16,-0.0888,-0.0782,-0.0849
0.4,0.1,1.7999999999999998,4,2962,2579,65,318,2.194,10.74,-0.5518,2.2,-0.0117,-0.0517,-0.0856,-0.1117,-153.06,-253.41,254.01,-0.091,-0.0782,-0.0838
0.4,0.1,1.7999999999999998,6,2936,2599,87,250,2.963,8.51,-0.5839,2.8,-0.0145,-0.0545,-0.088,-0.1145,-160.1,-258.29,258.89,-0.0908,-0.0872,-0.0827
0.4,0.1,1.7999999999999998,12,2897,2621,119,157,4.108,5.42,-0.6171,1.3,-0.0169,-0.0569,-0.0898,-0.1169,-164.87,-260.06,260.66,-0.0992,-0.0836,-0.0777
0.4,0.1,1.7999999999999998,24,2871,2645,139,87,4.842,3.03,-0.6826,1.1,-0.0157,-0.0557,-0.0881,-0.1157,-159.93,-252.84,253.44,-0.0989,-0.0811,-0.074
0.4,0.1,1.7999999999999998,48,2862,2661,158,43,5.521,1.5,-0.748,0.0,-0.0176,-0.0576,-0.0897,-0.1176,-164.94,-256.83,257.43,-0.0965,-0.086,-0.0801
0.4,0.1,1.7999999999999998,288,2859,2679,177,3,6.191,0.1,-0.9301,0.0,-0.0187,-0.0587,-0.0906,-0.1187,-167.85,-259.02,259.62,-0.0954,-0.0897,-0.0813
0.4,0.1,3.0,0,2631,2532,99,0,3.763,0.0,,,-0.0166,-0.0566,-0.0878,-0.1166,-149.04,-230.94,231.33,-0.0915,-0.0919,-0.0738
0.4,0.1,3.0,1,3051,2343,10,698,0.328,22.88,-0.2976,7.9,-0.0011,-0.0411,-0.0781,-0.1011,-125.47,-238.24,238.45,-0.0812,-0.0747,-0.0759
0.4,0.1,3.0,2,3000,2482,14,504,0.467,16.8,-0.423,5.4,-0.0023,-0.0423,-0.0775,-0.1023,-126.97,-232.51,232.79,-0.0799,-0.0738,-0.0775
0.4,0.1,3.0,3,2962,2546,17,399,0.574,13.47,-0.5301,3.3,-0.0027,-0.0427,-0.0769,-0.1027,-126.41,-227.75,228.23,-0.0846,-0.0687,-0.0712
0.4,0.1,3.0,4,2930,2568,17,345,0.58,11.77,-0.6371,2.0,-0.0048,-0.0448,-0.0785,-0.1048,-131.2,-229.96,230.56,-0.0856,-0.0719,-0.0721
0.4,0.1,3.0,6,2881,2565,24,292,0.833,10.14,-0.7469,2.4,-0.0117,-0.0517,-0.085,-0.1117,-148.84,-244.75,245.35,-0.0885,-0.0845,-0.0778
0.4,0.1,3.0,12,2805,2554,36,215,1.283,7.66,-0.8559,0.9,-0.0131,-0.0531,-0.0857,-0.1131,-148.82,-240.5,241.1,-0.095,-0.0811,-0.0721
0.4,0.1,3.0,24,2743,2549,47,147,1.713,5.36,-0.9624,0.7,-0.0101,-0.0501,-0.0822,-0.1101,-137.29,-225.4,226.0,-0.0896,-0.0807,-0.0681
0.4,0.1,3.0,48,2696,2538,58,100,2.151,3.71,-1.109,0.0,-0.0115,-0.0515,-0.0833,-0.1115,-138.94,-224.56,225.16,-0.0903,-0.0804,-0.0721
0.4,0.1,3.0,288,2642,2530,90,22,3.407,0.83,-1.2589,0.0,-0.0169,-0.0569,-0.0882,-0.1169,-150.38,-233.0,233.51,-0.0927,-0.0897,-0.0763
0.4,0.16,0.5,0,3217,2290,927,0,28.816,0.0,,,-0.0302,-0.0702,-0.1088,-0.1302,-225.78,-350.1,351.18,-0.1203,-0.1026,-0.0925
0.4,0.16,0.5,1,3219,1802,587,830,18.235,25.78,-0.1131,24.0,-0.0308,-0.0708,-0.114,-0.1308,-227.84,-366.92,367.61,-0.1216,-0.1066,-0.1076
0.4,0.16,0.5,2,3219,2044,739,436,22.957,13.54,-0.1109,25.7,-0.0282,-0.0682,-0.1092,-0.1282,-219.55,-351.37,352.12,-0.1168,-0.1044,-0.099
0.4,0.16,0.5,3,3217,2149,809,259,25.148,8.05,-0.1287,19.3,-0.0292,-0.0692,-0.1092,-0.1292,-222.67,-351.22,352.31,-0.1187,-0.1042,-0.0954
0.4,0.16,0.5,4,3217,2197,841,179,26.142,5.56,-0.1264,26.8,-0.0285,-0.0685,-0.108,-0.1285,-220.28,-347.39,348.71,-0.1187,-0.1018,-0.0931
0.4,0.16,0.5,6,3217,2238,882,97,27.417,3.02,-0.1374,21.6,-0.0299,-0.0699,-0.109,-0.1299,-224.93,-350.81,351.89,-0.1209,-0.1029,-0.0915
0.4,0.16,0.5,12,3217,2276,915,26,28.443,0.81,-0.1747,7.7,-0.0304,-0.0704,-0.1092,-0.1304,-226.56,-351.3,352.38,-0.1206,-0.1036,-0.0921
0.4,0.16,0.5,24,3217,2289,925,3,28.753,0.09,-0.1826,33.3,-0.0301,-0.0701,-0.1087,-0.1301,-225.49,-349.84,350.92,-0.1202,-0.1026,-0.0922
0.4,0.16,0.5,48,3217,2290,927,0,28.816,0.0,,,-0.0302,-0.0702,-0.1088,-0.1302,-225.78,-350.1,351.18,-0.1203,-0.1026,-0.0925
0.4,0.16,0.5,288,3217,2290,927,0,28.816,0.0,,,-0.0302,-0.0702,-0.1088,-0.1302,-225.78,-350.1,351.18,-0.1203,-0.1026,-0.0925
0.4,0.16,1.0,0,2968,2520,448,0,15.094,0.0,,,-0.0151,-0.0551,-0.0896,-0.1151,-163.52,-266.0,267.53,-0.0977,-0.0859,-0.0769
0.4,0.16,1.0,1,3057,1860,129,1068,4.22,34.94,-0.195,18.4,-0.013,-0.053,-0.0947,-0.113,-161.99,-289.61,290.42,-0.1023,-0.0848,-0.0917
0.4,0.16,1.0,2,3031,2110,201,720,6.631,23.75,-0.2364,16.4,-0.0111,-0.0511,-0.0902,-0.1111,-154.87,-273.43,274.2,-0.0957,-0.0794,-0.093
0.4,0.16,1.0,3,3013,2235,260,518,8.629,17.19,-0.2708,11.0,-0.0142,-0.0542,-0.0919,-0.1142,-163.22,-276.95,278.24,-0.102,-0.0806,-0.0853
0.4,0.16,1.0,4,2999,2293,289,417,9.637,13.9,-0.2822,15.1,-0.0133,-0.0533,-0.0903,-0.1133,-159.75,-270.9,272.52,-0.101,-0.0778,-0.0838
0.4,0.16,1.0,6,2981,2363,337,281,11.305,9.43,-0.3202,10.0,-0.0164,-0.0564,-0.0926,-0.1164,-168.14,-276.11,277.64,-0.1009,-0.0881,-0.0805
0.4,0.16,1.0,12,2971,2451,389,131,13.093,4.41,-0.3493,6.9,-0.0143,-0.0543,-0.0896,-0.1143,-161.43,-266.16,267.69,-0.0965,-0.0869,-0.0779
0.4,0.16,1.0,24,2970,2500,425,45,14.31,1.52,-0.3473,6.7,-0.0137,-0.0537,-0.0884,-0.1137,-159.43,-262.63,264.16,-0.0963,-0.085,-0.0757
0.4,0.16,1.0,48,2969,2518,439,12,14.786,0.4,-0.4329,0.0,-0.0139,-0.0539,-0.0885,-0.1139,-160.07,-262.67,264.2,-0.0966,-0.0844,-0.0761
0.4,0.16,1.0,288,2968,2520,448,0,15.094,0.0,,,-0.0151,-0.0551,-0.0896,-0.1151,-163.52,-266.0,267.53,-0.0977,-0.0859,-0.0769
0.4,0.16,1.7999999999999998,0,2708,2474,234,0,8.641,0.0,,,-0.0094,-0.0494,-0.082,-0.1094,-133.68,-221.94,223.38,-0.0834,-0.0781,-0.0839
0.4,0.16,1.7999999999999998,1,3011,1862,37,1112,1.229,36.93,-0.2232,17.8,-0.0056,-0.0456,-0.087,-0.1056,-137.29,-262.09,262.9,-0.0926,-0.0774,-0.0881
0.4,0.16,1.7999999999999998,2,2950,2083,51,816,1.729,27.66,-0.314,14.8,-0.005,-0.045,-0.0838,-0.105,-132.78,-247.29,248.04,-0.0845,-0.0757,-0.0938
0.4,0.16,1.7999999999999998,3,2904,2196,67,641,2.307,22.07,-0.3874,9.5,-0.006,-0.046,-0.0834,-0.106,-133.7,-242.06,243.27,-0.0905,-0.0722,-0.0833
0.4,0.16,1.7999999999999998,4,2869,2242,77,550,2.684,19.17,-0.436,11.6,-0.0069,-0.0469,-0.0834,-0.1069,-134.43,-239.31,240.84,-0.0937,-0.0675,-0.083
0.4,0.16,1.7999999999999998,6,2824,2295,106,423,3.754,14.98,-0.5066,7.1,-0.0134,-0.0534,-0.089,-0.1134,-150.85,-251.44,252.88,-0.0944,-0.0833,-0.085
0.4,0.16,1.7999999999999998,12,2771,2366,149,256,5.377,9.24,-0.5498,4.3,-0.011,-0.051,-0.0854,-0.111,-141.23,-236.51,237.95,-0.0937,-0.0753,-0.0808
0.4,0.16,1.7999999999999998,24,2731,2417,176,138,6.445,5.05,-0.6368,3.6,-0.0066,-0.0466,-0.08,-0.1066,-127.2,-218.55,219.99,-0.0865,-0.0726,-0.076
0.4,0.16,1.7999999999999998,48,2718,2445,204,69,7.506,2.54,-0.6653,0.0,-0.0081,-0.0481,-0.0811,-0.1081,-130.62,-220.35,221.79,-0.083,-0.0752,-0.0849
0.4,0.16,1.7999999999999998,288,2708,2471,232,5,8.567,0.18,-0.7421,0.0,-0.0096,-0.0496,-0.0822,-0.1096,-134.27,-222.62,224.06,-0.0834,-0.0789,-0.0839
0.4,0.16,3.0,0,2421,2291,130,0,5.37,0.0,,,-0.0097,-0.0497,-0.0813,-0.1097,-120.28,-196.81,198.94,-0.0842,-0.0761,-0.0821
0.4,0.16,3.0,1,2996,1859,9,1128,0.3,37.65,-0.2367,17.6,0.0012,-0.0388,-0.0802,-0.0988,-116.37,-240.36,241.17,-0.0848,-0.0732,-0.0799
0.4,0.16,3.0,2,2932,2082,16,834,0.546,28.44,-0.3351,14.5,0.0019,-0.0381,-0.0768,-0.0981,-111.67,-225.13,225.87,-0.0799,-0.0678,-0.0825
0.4,0.16,3.0,3,2875,2186,18,671,0.626,23.34,-0.4344,9.1,0.0015,-0.0385,-0.0757,-0.0985,-110.7,-217.62,218.82,-0.0864,-0.0612,-0.0725
0.4,0.16,3.0,4,2830,2223,20,587,0.707,20.74,-0.5078,10.9,-0.0009,-0.0409,-0.0773,-0.1009,-115.62,-218.73,220.26,-0.088,-0.0628,-0.0738
0.4,0.16,3.0,6,2758,2251,28,479,1.015,17.37,-0.6359,6.3,-0.0103,-0.0503,-0.0858,-0.1103,-138.74,-236.69,238.13,-0.0895,-0.0823,-0.0826
0.4,0.16,3.0,12,2653,2277,43,333,1.621,12.55,-0.7654,3.3,-0.0074,-0.0474,-0.0816,-0.1074,-125.67,-216.54,218.21,-0.0878,-0.0758,-0.0763
0.4,0.16,3.0,24,2568,2293,59,216,2.298,8.41,-0.8926,2.3,-0.0011,-0.0411,-0.0743,-0.1011,-105.63,-190.92,192.36,-0.0778,-0.0674,-0.0763
0.4,0.16,3.0,48,2512,2293,75,144,2.986,5.73,-1.0249,0.0,-0.0023,-0.0423,-0.0749,-0.1023,-106.19,-188.12,189.56,-0.0782,-0.0689,-0.0758
0.4,0.16,3.0,288,2433,2287,120,26,4.932,1.07,-1.1669,0.0,-0.01,-0.05,-0.0818,-0.11,-121.74,-199.11,200.65,-0.0861,-0.0711,-0.0873
0.4,0.2,0.5,0,3206,2174,1032,0,32.19,0.0,,,-0.0253,-0.0653,-0.105,-0.1253,-209.44,-336.58,338.14,-0.1154,-0.0952,-0.0957
0.4,0.2,0.5,1,3218,1551,587,1080,18.241,33.56,-0.0875,31.3,-0.0242,-0.0642,-0.1097,-0.1242,-206.53,-353.08,354.01,-0.1174,-0.0991,-0.1074
0.4,0.2,0.5,2,3212,1840,776,596,24.159,18.56,-0.0929,31.7,-0.0235,-0.0635,-0.1063,-0.1235,-203.87,-341.39,342.58,-0.1156,-0.0969,-0.099
0.4,0.2,0.5,3,3208,1971,874,363,27.244,11.32,-0.1047,27.5,-0.0252,-0.0652,-0.1068,-0.1252,-209.12,-342.47,344.12,-0.1174,-0.0972,-0.0968
0.4,0.2,0.5,4,3207,2030,918,259,28.625,8.08,-0.0951,34.4,-0.0242,-0.0642,-0.1052,-0.1242,-205.91,-337.43,339.18,-0.1157,-0.0965,-0.0945
0.4,0.2,0.5,6,3206,2093,966,147,30.131,4.59,-0.1213,25.2,-0.0257,-0.0657,-0.1061,-0.1257,-210.48,-340.05,341.61,-0.1184,-0.0955,-0.0937
0.4,0.2,0.5,12,3206,2144,1014,48,31.628,1.5,-0.1083,27.1,-0.026,-0.066,-0.106,-0.126,-211.64,-339.68,341.24,-0.1168,-0.0955,-0.0968
0.4,0.2,0.5,24,3206,2173,1027,6,32.034,0.19,-0.135,33.3,-0.0249,-0.0649,-0.1045,-0.1249,-207.95,-335.12,336.68,-0.1153,-0.0946,-0.0948
0.4,0.2,0.5,48,3206,2174,1030,2,32.127,0.06,-0.1561,50.0,-0.0251,-0.0651,-0.1048,-0.1251,-208.75,-335.89,337.45,-0.115,-0.095,-0.0957
0.4,0.2,0.5,288,3206,2174,1032,0,32.19,0.0,,,-0.0253,-0.0653,-0.105,-0.1253,-209.44,-336.58,338.14,-0.1154,-0.0952,-0.0957
0.4,0.2,1.0,0,2925,2409,516,0,17.641,0.0,,,-0.0117,-0.0517,-0.087,-0.1117,-151.2,-254.43,256.64,-0.0905,-0.0918,-0.0724
0.4,0.2,1.0,1,3047,1588,128,1331,4.201,43.68,-0.161,25.5,-0.0081,-0.0481,-0.0924,-0.1081,-146.51,-281.69,283.09,-0.1002,-0.0812,-0.0908
0.4,0.2,1.0,2,3004,1886,205,913,6.824,30.39,-0.2141,21.4,-0.0078,-0.0478,-0.0889,-0.1078,-143.45,-267.11,268.56,-0.0942,-0.0784,-0.0917
0.4,0.2,1.0,3,2981,2029,276,676,9.259,22.68,-0.2446,16.7,-0.0119,-0.0519,-0.0915,-0.1119,-154.81,-272.8,274.82,-0.1019,-0.0802,-0.0842
0.4,0.2,1.0,4,2963,2100,311,552,10.496,18.63,-0.2562,20.1,-0.011,-0.051,-0.0897,-0.111,-150.97,-265.75,267.97,-0.0998,-0.0783,-0.0829
0.4,0.2,1.0,6,2941,2192,376,373,12.785,12.68,-0.2874,14.5,-0.0152,-0.0552,-0.0929,-0.1152,-162.45,-273.15,275.36,-0.1003,-0.0893,-0.0814
0.4,0.2,1.0,12,2930,2308,443,179,15.119,6.11,-0.305,11.7,-0.0123,-0.0523,-0.0887,-0.1123,-153.19,-259.75,261.96,-0.0939,-0.0882,-0.0776
0.4,0.2,1.0,24,2929,2376,485,68,16.559,2.32,-0.3166,10.3,-0.0107,-0.0507,-0.0864,-0.1107,-148.49,-252.95,255.16,-0.091,-0.0869,-0.0755
0.4,0.2,1.0,48,2926,2398,502,26,17.157,0.89,-0.3664,7.7,-0.0109,-0.0509,-0.0863,-0.1109,-148.97,-252.59,254.8,-0.0903,-0.0875,-0.0759
0.4,0.2,1.0,288,2925,2409,516,0,17.641,0.0,,,-0.0117,-0.0517,-0.087,-0.1117,-151.2,-254.43,256.64,-0.0905,-0.0918,-0.0724
0.4,0.2,1.7999999999999998,0,2624,2355,269,0,10.252,0.0,,,-0.005,-0.045,-0.0781,-0.105,-118.16,-204.95,207.03,-0.0765,-0.0764,-0.0839
0.4,0.2,1.7999999999999998,1,2998,1587,37,1374,1.234,45.83,-0.1869,24.7,-0.002,-0.042,-0.0861,-0.102,-125.91,-258.18,259.58,-0.0927,-0.0747,-0.0874
0.4,0.2,1.7999999999999998,2,2915,1851,53,1011,1.818,34.68,-0.2842,19.5,-0.0043,-0.0443,-0.0853,-0.1043,-129.17,-248.54,249.86,-0.0885,-0.0739,-0.0941
0.4,0.2,1.7999999999999998,3,2862,1982,72,808,2.516,28.23,-0.3508,14.5,-0.0058,-0.0458,-0.085,-0.1058,-131.1,-243.36,245.25,-0.0938,-0.0714,-0.0847
0.4,0.2,1.7999999999999998,4,2822,2040,84,698,2.977,24.73,-0.3932,16.0,-0.0063,-0.0463,-0.0846,-0.1063,-130.52,-238.64,240.73,-0.0951,-0.067,-0.0858
0.4,0.2,1.7999999999999998,6,2766,2115,118,533,4.266,19.27,-0.4633,10.3,-0.0131,-0.0531,-0.0902,-0.1131,-146.97,-249.48,251.56,-0.0948,-0.0833,-0.0894
0.4,0.2,1.7999999999999998,12,2699,2204,166,329,6.15,12.19,-0.5153,7.6,-0.0102,-0.0502,-0.0857,-0.1102,-135.5,-231.32,233.4,-0.0904,-0.0807,-0.0822
0.4,0.2,1.7999999999999998,24,2655,2279,201,175,7.571,6.59,-0.5859,5.1,-0.0032,-0.0432,-0.0775,-0.1032,-114.73,-205.66,207.74,-0.0793,-0.0774,-0.0736
0.4,0.2,1.7999999999999998,48,2638,2317,235,86,8.908,3.26,-0.6236,2.3,-0.005,-0.045,-0.0787,-0.105,-118.75,-207.52,209.6,-0.077,-0.0769,-0.0847
0.4,0.2,1.7999999999999998,288,2624,2352,268,4,10.213,0.15,-0.6849,0.0,-0.0056,-0.0456,-0.0787,-0.1056,-119.7,-206.58,208.66,-0.0765,-0.0785,-0.0839
0.4,0.2,3.0,0,2304,2149,155,0,6.727,0.0,,,-0.0153,-0.0553,-0.0873,-0.1153,-127.36,-201.13,202.75,-0.0898,-0.08,-0.0919
0.4,0.2,3.0,1,2982,1582,9,1391,0.302,46.65,-0.1987,24.4,0.0044,-0.0356,-0.0797,-0.0956,-106.27,-237.73,239.12,-0.0858,-0.0705,-0.0792
0.4,0.2,3.0,2,2895,1846,16,1033,0.553,35.68,-0.3034,19.2,0.0027,-0.0373,-0.0782,-0.0973,-108.06,-226.38,227.69,-0.0837,-0.0663,-0.0826
0.4,0.2,3.0,3,2831,1971,19,841,0.671,29.71,-0.3931,13.9,0.0023,-0.0377,-0.0768,-0.0977,-106.62,-217.35,219.24,-0.0899,-0.0597,-0.072
0.4,0.2,3.0,4,2780,2021,21,738,0.755,26.55,-0.4583,15.2,0.0011,-0.0389,-0.0771,-0.0989,-108.2,-214.37,216.45,-0.0872,-0.063,-0.0746
0.4,0.2,3.0,6,2693,2067,30,596,1.114,22.13,-0.5841,9.4,-0.0092,-0.0492,-0.0862,-0.1092,-132.45,-232.02,234.1,-0.0877,-0.0846,-0.085
0.4,0.2,3.0,12,2573,2111,49,413,1.904,16.05,-0.717,6.3,-0.0081,-0.0481,-0.0835,-0.1081,-123.85,-214.9,216.98,-0.0821,-0.0881,-0.0804
0.4,0.2,3.0,24,2477,2141,71,265,2.866,10.7,-0.8474,3.8,-0.0038,-0.0438,-0.0778,-0.1038,-108.44,-192.83,194.91,-0.0757,-0.0831,-0.0755
0.4,0.2,3.0,48,2410,2147,91,172,3.776,7.14,-0.9936,1.2,-0.006,-0.046,-0.0793,-0.106,-110.91,-191.1,193.18,-0.0823,-0.0759,-0.0774
0.4,0.2,3.0,288,2316,2145,143,28,6.174,1.21,-1.2527,0.0,-0.0151,-0.0551,-0.0874,-0.1151,-127.72,-202.33,204.5,-0.0879,-0.0817,-0.0939
0.4,0.25,0.5,0,3194,2042,1152,0,36.068,0.0,,,-0.0205,-0.0605,-0.1013,-0.1205,-193.26,-323.64,325.8,-0.111,-0.0943,-0.09
0.4,0.25,0.5,1,3217,1260,587,1370,18.247,42.59,-0.0586,39.6,-0.0183,-0.0583,-0.1065,-0.1183,-187.53,-342.75,343.79,-0.115,-0.0918,-0.1084
0.4,0.25,0.5,2,3205,1594,808,803,25.211,25.05,-0.0646,40.2,-0.0179,-0.0579,-0.103,-0.1179,-185.56,-330.04,331.53,-0.1127,-0.0935,-0.0948
0.4,0.25,0.5,3,3199,1764,926,509,28.947,15.91,-0.0755,35.8,-0.0189,-0.0589,-0.1023,-0.1189,-188.38,-327.4,329.29,-0.1149,-0.0908,-0.0909
0.4,0.25,0.5,4,3198,1845,983,370,30.738,11.57,-0.0656,41.1,-0.017,-0.057,-0.0997,-0.117,-182.44,-318.97,321.06,-0.1115,-0.0905,-0.0868
0.4,0.25,0.5,6,3194,1923,1044,227,32.686,7.11,-0.0904,31.7,-0.0193,-0.0593,-0.1013,-0.1193,-189.54,-323.49,325.65,-0.1141,-0.0913,-0.0872
0.4,0.25,0.5,12,3194,1995,1116,83,34.941,2.6,-0.0776,37.3,-0.0206,-0.0606,-0.1018,-0.1206,-193.45,-325.24,327.4,-0.111,-0.0942,-0.0924
0.4,0.25,0.5,24,3194,2035,1146,13,35.88,0.41,-0.0539,46.2,-0.0203,-0.0603,-0.1012,-0.1203,-192.71,-323.3,325.46,-0.1108,-0.0945,-0.0896
0.4,0.25,0.5,48,3194,2041,1150,3,36.005,0.09,-0.1431,33.3,-0.0204,-0.0604,-0.1012,-0.1204,-192.94,-323.35,325.51,-0.1106,-0.0946,-0.09
0.4,0.25,0.5,288,3194,2042,1152,0,36.068,0.0,,,-0.0205,-0.0605,-0.1013,-0.1205,-193.26,-323.64,325.8,-0.111,-0.0943,-0.09
0.4,0.25,1.0,0,2862,2270,592,0,20.685,0.0,,,-0.0086,-0.0486,-0.0848,-0.1086,-138.98,-242.6,245.12,-0.0856,-0.0928,-0.0719
0.4,0.25,1.0,1,3037,1271,127,1639,4.182,53.97,-0.1263,33.3,-0.0054,-0.0454,-0.0928,-0.1054,-137.81,-281.9,283.14,-0.1021,-0.077,-0.0942
0.4,0.25,1.0,2,2980,1610,209,1161,7.013,38.96,-0.1764,28.9,-0.0038,-0.0438,-0.0876,-0.1038,-130.47,-260.97,262.55,-0.0934,-0.0771,-0.089
0.4,0.25,1.0,3,2948,1793,287,868,9.735,29.44,-0.205,23.5,-0.0057,-0.0457,-0.0874,-0.1057,-134.63,-257.72,259.81,-0.1017,-0.0726,-0.0764
0.4,0.25,1.0,4,2922,1882,329,711,11.259,24.33,-0.2201,25.9,-0.0051,-0.0451,-0.0858,-0.1051,-131.86,-250.72,252.94,-0.0975,-0.0747,-0.0752
0.4,0.25,1.0,6,2892,1987,402,503,13.9,17.39,-0.2458,19.9,-0.01,-0.05,-0.0894,-0.11,-144.57,-258.48,261.0,-0.0962,-0.0882,-0.076
0.4,0.25,1.0,12,2875,2130,479,266,16.661,9.25,-0.2787,16.9,-0.0072,-0.0472,-0.085,-0.1072,-135.64,-244.24,246.76,-0.0885,-0.0884,-0.0725
0.4,0.25,1.0,24,2869,2216,546,107,19.031,3.73,-0.303,14.0,-0.0085,-0.0485,-0.0853,-0.1085,-139.18,-244.84,247.36,-0.086,-0.0907,-0.0766
0.4,0.25,1.0,48,2865,2251,573,41,20.0,1.43,-0.301,17.1,-0.0079,-0.0479,-0.0843,-0.1079,-137.19,-241.56,244.08,-0.0852,-0.0916,-0.0725
0.4,0.25,1.0,288,2862,2270,592,0,20.685,0.0,,,-0.0086,-0.0486,-0.0848,-0.1086,-138.98,-242.6,245.12,-0.0856,-0.0928,-0.0719
0.4,0.25,1.7999999999999998,0,2512,2205,307,0,12.221,0.0,,,-0.0005,-0.0405,-0.0742,-0.1005,-101.83,-186.4,188.92,-0.0717,-0.0835,-0.0674
0.4,0.25,1.7999999999999998,1,2984,1260,37,1687,1.24,56.53,-0.1507,32.3,-0.0019,-0.0419,-0.0893,-0.1019,-125.13,-266.37,267.6,-0.0977,-0.0733,-0.0926
0.4,0.25,1.7999999999999998,2,2886,1572,52,1262,1.802,43.73,-0.2384,26.8,-0.0005,-0.0405,-0.0842,-0.1005,-116.96,-242.96,244.54,-0.0884,-0.0741,-0.0889
0.4,0.25,1.7999999999999998,3,2824,1744,74,1006,2.62,35.62,-0.3004,20.8,0.0002,-0.0398,-0.0813,-0.0998,-112.4,-229.52,231.61,-0.0952,-0.0646,-0.0741
0.4,0.25,1.7999999999999998,4,2774,1821,86,867,3.1,31.25,-0.3479,21.2,-0.0004,-0.0404,-0.0807,-0.1004,-112.1,-223.91,226.13,-0.0918,-0.066,-0.0768
0.4,0.25,1.7999999999999998,6,2706,1906,124,676,4.582,24.98,-0.4111,14.8,-0.0091,-0.0491,-0.0879,-0.1091,-132.81,-237.99,240.51,-0.0903,-0.0876,-0.0834
0.4,0.25,1.7999999999999998,12,2631,2021,177,433,6.727,16.46,-0.4691,11.5,-0.0063,-0.0463,-0.0832,-0.1063,-121.73,-218.96,221.48,-0.0841,-0.0857,-0.078
0.4,0.25,1.7999999999999998,24,2567,2108,219,240,8.531,9.35,-0.55,7.9,0.0003,-0.0397,-0.0751,-0.0997,-101.88,-192.66,195.0,-0.0723,-0.0831,-0.0705
0.4,0.25,1.7999999999999998,48,2538,2152,263,123,10.362,4.85,-0.5705,6.5,-0.0022,-0.0422,-0.0768,-0.1022,-107.1,-194.82,197.16,-0.0731,-0.0852,-0.0737
0.4,0.25,1.7999999999999998,288,2512,2199,305,8,12.142,0.32,-0.6405,0.0,-0.0017,-0.0417,-0.0755,-0.1017,-104.85,-189.6,192.12,-0.0717,-0.0841,-0.0724
0.4,0.25,3.0,0,2174,2003,171,0,7.866,0.0,,,-0.0056,-0.0456,-0.078,-0.1056,-99.21,-169.56,171.38,-0.0747,-0.0826,-0.0793
0.4,0.25,3.0,1,2968,1254,9,1705,0.303,57.45,-0.1607,32.1,0.0042,-0.0358,-0.0831,-0.0958,-106.13,-246.59,247.83,-0.091,-0.0694,-0.0846
0.4,0.25,3.0,2,2865,1566,15,1284,0.524,44.82,-0.2557,26.3,0.0064,-0.0336,-0.0772,-0.0936,-96.37,-221.29,222.87,-0.0849,-0.0664,-0.0755
0.4,0.25,3.0,3,2791,1730,19,1042,0.681,37.33,-0.3374,20.1,0.0086,-0.0314,-0.0728,-0.0914,-87.71,-203.27,205.36,-0.0906,-0.0532,-0.0614
0.4,0.25,3.0,4,2728,1796,20,912,0.733,33.43,-0.4052,20.2,0.0071,-0.0329,-0.0731,-0.0929,-89.7,-199.5,201.71,-0.0836,-0.0629,-0.0643
0.4,0.25,3.0,6,2627,1852,29,746,1.104,28.4,-0.5203,13.5,-0.0046,-0.0446,-0.0835,-0.1046,-117.25,-219.31,221.83,-0.0855,-0.0852,-0.0767
0.4,0.25,3.0,12,2498,1925,52,521,2.082,20.86,-0.6404,9.8,-0.0034,-0.0434,-0.0802,-0.1034,-108.33,-200.46,202.98,-0.0792,-0.086,-0.0749
0.4,0.25,3.0,24,2378,1970,75,333,3.154,14.0,-0.7742,6.3,0.0041,-0.0359,-0.0711,-0.0959,-85.42,-169.0,171.34,-0.0647,-0.0811,-0.0717
0.4,0.25,3.0,48,2301,1986,96,219,4.172,9.52,-0.9287,3.7,0.0022,-0.0378,-0.0719,-0.0978,-86.93,-165.41,167.75,-0.0714,-0.0754,-0.0683
0.4,0.25,3.0,288,2191,1997,156,38,7.12,1.73,-1.2729,0.0,-0.0078,-0.0478,-0.0805,-0.1078,-104.76,-176.31,179.29,-0.0768,-0.0808,-0.0882
0.4,0.3,0.5,0,3169,1889,1280,0,40.391,0.0,,,-0.0231,-0.0631,-0.1052,-0.1231,-200.06,-333.53,335.23,-0.1145,-0.0992,-0.0934
0.4,0.3,0.5,1,3216,1003,586,1627,18.221,50.59,-0.035,45.5,-0.0152,-0.0552,-0.1059,-0.1152,-177.67,-340.54,341.65,-0.1149,-0.0918,-0.1055
0.4,0.3,0.5,2,3196,1345,840,1011,26.283,31.63,-0.0402,45.9,-0.0179,-0.0579,-0.1053,-0.1179,-184.98,-336.39,337.8,-0.1161,-0.0976,-0.0922
0.4,0.3,0.5,3,3182,1523,976,683,30.673,21.46,-0.0464,42.8,-0.0197,-0.0597,-0.1054,-0.1197,-190.04,-335.27,337.04,-0.1196,-0.0955,-0.088
0.4,0.3,0.5,4,3178,1623,1052,503,33.103,15.83,-0.036,48.3,-0.018,-0.058,-0.1027,-0.118,-184.3,-326.29,328.19,-0.1162,-0.095,-0.0838
0.4,0.3,0.5,6,3171,1730,1127,314,35.541,9.9,-0.0624,38.5,-0.0202,-0.0602,-0.1038,-0.1202,-190.95,-329.31,331.01,-0.1165,-0.0973,-0.0851
0.4,0.3,0.5,12,3169,1825,1224,120,38.624,3.79,-0.0452,44.2,-0.0221,-0.0621,-0.1048,-0.1221,-196.68,-332.07,333.77,-0.114,-0.0981,-0.0939
0.4,0.3,0.5,24,3169,1873,1266,30,39.95,0.95,-0.0285,46.7,-0.0227,-0.0627,-0.105,-0.1227,-198.72,-332.67,334.37,-0.1149,-0.0981,-0.0928
0.4,0.3,0.5,48,3169,1886,1275,8,40.234,0.25,-0.084,37.5,-0.0228,-0.0628,-0.105,-0.1228,-199.13,-332.69,334.39,-0.1141,-0.0989,-0.0934
0.4,0.3,0.5,288,3169,1889,1280,0,40.391,0.0,,,-0.0231,-0.0631,-0.1052,-0.1231,-200.06,-333.53,335.23,-0.1145,-0.0992,-0.0934
0.4,0.3,1.0,0,2791,2110,681,0,24.4,0.0,,,-0.0172,-0.0572,-0.0945,-0.1172,-159.64,-263.8,266.79,-0.0959,-0.1029,-0.0801
0.4,0.3,1.0,1,3025,1003,126,1896,4.165,62.68,-0.1013,38.5,-0.0057,-0.0457,-0.0957,-0.1057,-138.14,-289.55,290.92,-0.1056,-0.081,-0.0941
0.4,0.3,1.0,2,2952,1339,219,1394,7.419,47.22,-0.147,34.0,-0.0075,-0.0475,-0.0939,-0.1075,-140.35,-277.3,278.9,-0.101,-0.0845,-0.0913
0.4,0.3,1.0,3,2908,1528,303,1077,10.42,37.04,-0.1718,29.8,-0.0102,-0.0502,-0.0944,-0.1102,-145.97,-274.61,277.14,-0.1111,-0.0823,-0.0744
0.4,0.3,1.0,4,2877,1637,351,889,12.2,30.9,-0.1863,31.6,-0.0089,-0.0489,-0.0918,-0.1089,-140.56,-264.07,266.32,-0.1056,-0.0819,-0.0748
0.4,0.3,1.0,6,2841,1774,435,632,15.312,22.25,-0.2158,24.5,-0.0138,-0.0538,-0.0951,-0.1138,-152.85,-270.09,272.88,-0.1023,-0.0975,-0.0757
0.4,0.3,1.0,12,2809,1928,533,348,18.975,12.39,-0.2407,22.1,-0.0137,-0.0537,-0.0931,-0.1137,-150.73,-261.43,264.7,-0.0983,-0.096,-0.0776
0.4,0.3,1.0,24,2799,2030,617,152,22.044,5.43,-0.2601,19.7,-0.017,-0.057,-0.0952,-0.117,-159.5,-266.54,269.81,-0.0985,-0.0961,-0.0868
0.4,0.3,1.0,48,2795,2077,653,65,23.363,2.33,-0.2724,20.0,-0.017,-0.057,-0.0947,-0.117,-159.41,-264.8,267.79,-0.0975,-0.1004,-0.081
0.4,0.3,1.0,288,2791,2110,681,0,24.4,0.0,,,-0.0172,-0.0572,-0.0945,-0.1172,-159.64,-263.8,266.79,-0.0959,-0.1029,-0.0801
0.4,0.3,1.7999999999999998,0,2391,2034,357,0,14.931,0.0,,,-0.0136,-0.0536,-0.088,-0.1136,-128.04,-210.48,213.47,-0.0927,-0.0877,-0.0783
0.4,0.3,1.7999999999999998,1,2971,990,37,1944,1.245,65.43,-0.1243,37.5,-0.0038,-0.0438,-0.0938,-0.1038,-129.99,-278.55,279.91,-0.1036,-0.0798,-0.0913
0.4,0.3,1.7999999999999998,2,2852,1294,52,1506,1.823,52.81,-0.206,31.7,-0.0055,-0.0455,-0.0918,-0.1055,-129.65,-261.95,263.69,-0.0974,-0.0815,-0.0941
0.4,0.3,1.7999999999999998,3,2778,1474,76,1228,2.736,44.2,-0.2599,26.5,-0.0049,-0.0449,-0.089,-0.1049,-124.85,-247.31,249.37,-0.1049,-0.0738,-0.0754
0.4,0.3,1.7999999999999998,4,2719,1571,87,1061,3.2,39.02,-0.3066,26.4,-0.0039,-0.0439,-0.0865,-0.1039,-119.31,-235.32,237.56,-0.1012,-0.0697,-0.0779
0.4,0.3,1.7999999999999998,6,2639,1686,130,823,4.926,31.19,-0.3723,18.8,-0.0131,-0.0531,-0.094,-0.1131,-140.2,-247.96,250.38,-0.0979,-0.0951,-0.0839
0.4,0.3,1.7999999999999998,12,2540,1807,191,542,7.52,21.34,-0.4259,15.7,-0.0128,-0.0528,-0.0915,-0.1128,-134.16,-232.35,234.85,-0.0966,-0.0878,-0.0854
0.4,0.3,1.7999999999999998,24,2459,1900,242,317,9.841,12.89,-0.5122,11.7,-0.0114,-0.0514,-0.0882,-0.1114,-126.34,-216.88,219.64,-0.093,-0.0826,-0.0851
0.4,0.3,1.7999999999999998,48,2422,1958,297,167,12.263,6.9,-0.5435,9.6,-0.0157,-0.0557,-0.0914,-0.1157,-134.84,-221.42,224.18,-0.0931,-0.0884,-0.0919
0.4,0.3,1.7999999999999998,288,2391,2024,355,12,14.847,0.5,-0.5521,0.0,-0.0161,-0.0561,-0.0907,-0.1161,-134.06,-216.8,219.79,-0.0941,-0.0901,-0.0839
0.4,0.3,3.0,0,2013,1818,195,0,9.687,0.0,,,-0.0197,-0.0597,-0.0926,-0.1197,-120.12,-186.36,190.98,-0.0884,-0.0974,-0.0954
0.4,0.3,3.0,1,2952,978,9,1965,0.305,66.57,-0.1354,37.2,0.0001,-0.0399,-0.0899,-0.0999,-117.67,-265.45,266.82,-0.1,-0.0786,-0.0834
0.4,0.3,3.0,2,2827,1279,15,1533,0.531,54.23,-0.2239,31.1,-0.0016,-0.0416,-0.088,-0.1016,-117.57,-248.82,250.42,-0.0963,-0.0765,-0.0858
0.4,0.3,3.0,3,2742,1453,19,1270,0.693,46.32,-0.2935,25.7,0.0022,-0.0378,-0.0819,-0.0978,-103.57,-224.5,227.09,-0.1019,-0.0655,-0.061
0.4,0.3,3.0,4,2670,1541,20,1109,0.749,41.54,-0.3567,25.2,0.0025,-0.0375,-0.0802,-0.0975,-100.13,-214.1,216.38,-0.0949,-0.0705,-0.0616
0.4,0.3,3.0,6,2560,1632,30,898,1.172,35.08,-0.4736,17.4,-0.01,-0.05,-0.0909,-0.11,-128.1,-232.74,236.09,-0.0973,-0.0933,-0.0739
0.4,0.3,3.0,12,2407,1712,57,638,2.368,26.51,-0.5805,13.5,-0.0115,-0.0515,-0.0902,-0.1115,-124.02,-217.08,221.03,-0.0974,-0.0896,-0.0756
0.4,0.3,3.0,24,2266,1764,82,420,3.619,18.53,-0.7191,9.3,-0.0083,-0.0483,-0.0849,-0.1083,-109.45,-192.49,195.25,-0.0875,-0.0869,-0.077
0.4,0.3,3.0,48,2169,1783,106,280,4.887,12.91,-0.8743,6.1,-0.0129,-0.0529,-0.0882,-0.1129,-114.66,-191.31,194.07,-0.0915,-0.088,-0.0813
0.4,0.3,3.0,288,2037,1806,179,52,8.787,2.55,-1.1515,1.9,-0.027,-0.067,-0.1004,-0.127,-136.56,-204.6,207.36,-0.0979,-0.1037,-0.1017
0.4,0.5,0.5,0,3083,1498,1585,0,51.411,0.0,,,-0.0141,-0.0541,-0.0995,-0.1141,-166.82,-306.86,308.58,-0.1098,-0.1011,-0.0751
0.4,0.5,0.5,1,3212,386,585,2241,18.213,69.77,0.0305,57.4,-0.0097,-0.0497,-0.1061,-0.1097,-159.68,-340.82,341.74,-0.1127,-0.0941,-0.1082
0.4,0.5,0.5,2,3172,668,888,1616,27.995,50.95,0.0405,59.7,-0.014,-0.054,-0.1077,-0.114,-171.44,-341.72,342.66,-0.1157,-0.1056,-0.0934
0.4,0.5,0.5,3,3145,847,1060,1238,33.704,39.36,0.0468,59.5,-0.0154,-0.0554,-0.1074,-0.1154,-174.33,-337.62,338.8,-0.1179,-0.1062,-0.0861
0.4,0.5,0.5,4,3128,980,1166,982,37.276,31.39,0.0557,63.3,-0.0122,-0.0522,-0.1028,-0.1122,-163.41,-321.69,322.68,-0.1138,-0.1013,-0.0813
0.4,0.5,0.5,6,3107,1154,1291,662,41.551,21.31,0.0382,56.3,-0.0139,-0.0539,-0.1028,-0.1139,-167.5,-319.3,320.37,-0.1149,-0.1025,-0.0767
0.4,0.5,0.5,12,3087,1331,1462,294,47.36,9.52,0.0497,61.6,-0.0165,-0.0565,-0.1036,-0.1165,-174.38,-319.67,321.08,-0.1118,-0.1056,-0.0829
0.4,0.5,0.5,24,3085,1431,1540,114,49.919,3.7,0.0642,64.9,-0.0153,-0.0553,-0.1014,-0.1153,-170.59,-312.76,314.48,-0.1123,-0.103,-0.0755
0.4,0.5,0.5,48,3083,1478,1567,38,50.827,1.23,0.0109,47.4,-0.0143,-0.0543,-0.0999,-0.1143,-167.41,-308.05,309.77,-0.1104,-0.1001,-0.0768
0.4,0.5,0.5,288,3083,1498,1584,1,51.379,0.03,0.0486,100.0,-0.0139,-0.0539,-0.0994,-0.1139,-166.27,-306.31,308.03,-0.1098,-0.1011,-0.0743
0.4,0.5,1.0,0,2589,1706,883,0,34.106,0.0,,,-0.0116,-0.0516,-0.0918,-0.1116,-133.56,-237.72,241.25,-0.0927,-0.1045,-0.0729
0.4,0.5,1.0,1,3016,382,126,2508,4.178,83.16,-0.0307,50.2,-0.0039,-0.0439,-0.1001,-0.1039,-132.53,-302.03,303.19,-0.1088,-0.0871,-0.0989
0.4,0.5,1.0,2,2911,660,235,2016,8.073,69.25,-0.0602,47.6,-0.009,-0.049,-0.1022,-0.109,-142.73,-297.59,299.14,-0.1069,-0.1014,-0.0931
0.4,0.5,1.0,3,2846,821,331,1694,11.63,59.52,-0.0668,45.9,-0.0118,-0.0518,-0.1032,-0.1118,-147.54,-293.67,295.97,-0.1168,-0.1008,-0.0768
0.4,0.5,1.0,4,2790,957,390,1443,13.978,51.72,-0.0796,46.6,-0.0094,-0.0494,-0.0991,-0.1094,-137.9,-276.59,278.0,-0.111,-0.0935,-0.0808
0.4,0.5,1.0,6,2729,1153,485,1091,17.772,39.98,-0.1133,39.6,-0.0118,-0.0518,-0.0991,-0.1118,-141.28,-270.43,272.83,-0.1053,-0.1078,-0.0741
0.4,0.5,1.0,12,2646,1366,632,648,23.885,24.49,-0.1369,38.4,-0.0143,-0.0543,-0.0988,-0.1143,-143.55,-261.33,264.99,-0.1015,-0.1093,-0.0788
0.4,0.5,1.0,24,2614,1532,755,327,28.883,12.51,-0.1286,39.4,-0.0119,-0.0519,-0.0943,-0.1119,-135.6,-246.48,250.11,-0.1018,-0.1005,-0.0697
0.4,0.5,1.0,48,2598,1630,822,146,31.64,5.62,-0.1769,32.9,-0.0126,-0.0526,-0.0938,-0.1126,-136.75,-243.73,246.5,-0.1007,-0.1046,-0.0643
0.4,0.5,1.0,288,2589,1705,882,2,34.067,0.08,-0.0767,50.0,-0.0115,-0.0515,-0.0917,-0.1115,-133.21,-237.4,240.45,-0.0927,-0.1045,-0.0723
0.4,0.5,1.7999999999999998,0,2102,1638,464,0,22.074,0.0,,,-0.0077,-0.0477,-0.0843,-0.1077,-100.28,-177.26,180.59,-0.088,-0.0958,-0.0616
0.4,0.5,1.7999999999999998,1,2956,369,36,2551,1.218,86.3,-0.0523,49.0,-0.0046,-0.0446,-0.1009,-0.1046,-131.84,-298.13,299.29,-0.1089,-0.0865,-0.1029
0.4,0.5,1.7999999999999998,2,2800,620,55,2125,1.964,75.89,-0.1097,45.1,-0.0079,-0.0479,-0.1012,-0.1079,-134.1,-283.5,285.4,-0.1038,-0.1,-0.0975
0.4,0.5,1.7999999999999998,3,2702,769,78,1855,2.887,68.65,-0.1443,42.0,-0.0087,-0.0487,-0.1002,-0.1087,-131.65,-270.7,272.74,-0.1113,-0.0961,-0.0817
0.4,0.5,1.7999999999999998,4,2615,888,99,1628,3.786,62.26,-0.1771,41.2,-0.0086,-0.0486,-0.0985,-0.1086,-127.2,-257.46,258.87,-0.1111,-0.0836,-0.0914
0.4,0.5,1.7999999999999998,6,2507,1069,144,1294,5.744,51.62,-0.2345,33.5,-0.0112,-0.0512,-0.0984,-0.1112,-128.45,-246.8,249.11,-0.1022,-0.1034,-0.0837
0.4,0.5,1.7999999999999998,12,2345,1250,215,880,9.168,37.53,-0.3074,29.0,-0.0138,-0.0538,-0.0979,-0.1138,-126.27,-229.47,232.55,-0.1027,-0.1028,-0.0811
0.4,0.5,1.7999999999999998,24,2232,1407,281,544,12.59,24.37,-0.372,25.9,-0.0021,-0.0421,-0.0832,-0.1021,-93.95,-185.66,188.67,-0.0947,-0.0851,-0.0562
0.4,0.5,1.7999999999999998,48,2173,1519,360,294,16.567,13.53,-0.4278,21.1,-0.0066,-0.0466,-0.0856,-0.1066,-101.19,-186.0,188.26,-0.0921,-0.0901,-0.066
0.4,0.5,1.7999999999999998,288,2105,1622,460,23,21.853,1.09,-0.5183,8.7,-0.0137,-0.0537,-0.0906,-0.1137,-113.12,-190.76,193.84,-0.09,-0.1036,-0.075
0.4,0.5,3.0,0,1661,1418,243,0,14.63,0.0,,,-0.012,-0.052,-0.0864,-0.112,-86.44,-143.56,153.43,-0.0626,-0.1375,-0.0729
0.4,0.5,3.0,1,2936,358,8,2570,0.272,87.53,-0.0625,48.7,-0.0019,-0.0419,-0.0983,-0.1019,-123.1,-288.52,289.68,-0.1078,-0.0856,-0.0949
0.4,0.5,3.0,2,2774,605,15,2154,0.541,77.65,-0.1255,44.4,-0.0046,-0.0446,-0.098,-0.1046,-123.69,-271.98,273.45,-0.1037,-0.0949,-0.0902
0.4,0.5,3.0,3,2665,747,20,1898,0.75,71.22,-0.1708,41.1,-0.004,-0.044,-0.0956,-0.104,-117.37,-254.86,256.47,-0.1127,-0.0855,-0.0727
0.4,0.5,3.0,4,2565,859,22,1684,0.858,65.65,-0.2219,39.8,-0.004,-0.044,-0.0939,-0.104,-112.83,-240.96,242.37,-0.1069,-0.0856,-0.0773
0.4,0.5,3.0,6,2425,1017,32,1376,1.32,56.74,-0.3197,31.4,-0.0113,-0.0513,-0.0987,-0.1113,-124.45,-239.44,242.68,-0.1061,-0.1055,-0.0741
0.4,0.5,3.0,12,2228,1190,63,975,2.828,43.76,-0.4364,25.7,-0.0088,-0.0488,-0.0927,-0.1088,-108.62,-206.6,210.67,-0.1018,-0.0939,-0.0722
0.4,0.5,3.0,24,2037,1284,92,661,4.516,32.45,-0.5547,21.2,-0.0003,-0.0403,-0.0814,-0.1003,-82.11,-165.81,170.09,-0.087,-0.0979,-0.0487
0.4,0.5,3.0,48,1911,1365,117,429,6.122,22.45,-0.7286,14.0,0.0099,-0.0301,-0.0687,-0.0901,-57.5,-131.21,133.83,-0.0775,-0.0697,-0.0486
0.4,0.5,3.0,288,1702,1399,217,86,12.75,5.05,-1.0277,4.7,-0.0234,-0.0634,-0.0988,-0.1234,-107.96,-168.11,171.33,-0.0709,-0.143,-0.1028
