drop_pct,tp_pct,sl_pct,trades,trades_per_day,tp_hits,sl_hits,sl_rate_pct,breakeven_winrate_pct,same_bar_both,avg_hold_min,max_hold_hours,sum_maker_pct,per_trade_maker_pct,maxdd_maker_pct,compound_maker_x,sum_taker_pct,per_trade_taker_pct,maxdd_taker_pct,compound_taker_x,gross_sum_pct,gross_per_trade_pct
0.05,0.1,0.3,52413,52.2,37699,14714,28.073,75.0,1817,16.2,17.3,-2740.82,-0.0523,2741.24,0.0,-5885.6,-0.1123,5885.6,0.0,-644.3,-0.0123
0.05,0.1,0.5,41417,41.25,33754,7663,18.502,83.333,614,23.1,32.8,-2112.78,-0.051,2114.04,0.0,-4597.8,-0.111,4597.8,0.0,-456.1,-0.011
0.05,0.1,0.7000000000000001,34607,34.47,29934,4673,13.503,87.5,274,29.9,32.8,-1661.98,-0.048,1663.56,0.0,-3738.4,-0.108,3738.4,0.0,-277.7,-0.008
0.05,0.1,1.0,28295,28.18,25526,2769,9.786,90.909,111,39.2,45.6,-1348.2,-0.0476,1350.64,0.0,-3045.9,-0.1076,3045.9,0.0,-216.4,-0.0076
0.05,0.1,1.25,24572,24.47,22647,1925,7.834,92.593,58,47.1,58.1,-1124.43,-0.0458,1127.82,0.0,-2598.75,-0.1058,2598.75,0.0,-141.55,-0.0058
0.05,0.1,1.5,21836,21.75,20407,1429,6.544,93.75,31,54.5,60.8,-976.24,-0.0447,980.32,0.0,-2286.4,-0.1047,2286.4,0.0,-102.8,-0.0047
0.05,0.1,1.7999999999999998,19591,19.51,18519,1072,5.472,94.737,22,62.3,80.2,-861.34,-0.044,865.58,0.0002,-2036.8,-0.104,2036.8,0.0,-77.7,-0.004
0.05,0.1,2.0,18320,18.25,17410,910,4.967,95.238,21,67.3,80.2,-811.8,-0.0443,815.82,0.0002,-1911.0,-0.1043,1911.0,0.0,-79.0,-0.0043
0.05,0.1,2.5,15808,15.75,15179,629,3.979,96.154,9,79.9,142.2,-686.92,-0.0435,690.88,0.0008,-1635.4,-0.1035,1635.4,0.0,-54.6,-0.0035
0.05,0.1,3.0,13952,13.9,13491,461,3.304,96.774,7,92.2,142.2,-591.98,-0.0424,596.14,0.0022,-1429.1,-0.1024,1429.1,0.0,-33.9,-0.0024
0.05,0.1,4.0,11189,11.14,10918,271,2.422,97.561,3,117.8,167.1,-439.76,-0.0393,444.54,0.0098,-1111.1,-0.0993,1111.1,0.0,7.8,0.0007
0.05,0.1,5.0,9340,9.3,9161,179,1.916,98.039,2,143.4,221.5,-352.5,-0.0377,361.44,0.0232,-912.9,-0.0977,912.9,0.0001,21.1,0.0023
0.05,0.1,7.000000000000001,7271,7.24,7173,98,1.348,98.592,0,186.1,686.3,-259.54,-0.0357,281.48,0.0578,-695.8,-0.0957,695.8,0.0007,31.3,0.0043
0.05,0.1,10.0,5382,5.36,5333,49,0.91,99.01,0,255.4,732.8,-171.98,-0.032,195.06,0.1373,-494.9,-0.092,494.9,0.0054,43.3,0.008
0.05,0.16,0.3,44667,44.49,28401,16266,36.416,65.217,1073,22.2,17.4,-2122.32,-0.0475,2124.5,0.0,-4802.34,-0.1075,4802.52,0.0,-335.64,-0.0075
0.05,0.16,0.5,33477,33.34,24886,8591,25.662,75.758,368,32.4,32.9,-1652.82,-0.0494,1656.48,0.0,-3661.44,-0.1094,3661.8,0.0,-313.74,-0.0094
0.05,0.16,0.7000000000000001,26909,26.8,21682,5227,19.425,81.395,179,42.7,47.5,-1266.14,-0.0471,1270.56,0.0,-2880.68,-0.1071,2881.6,0.0,-189.78,-0.0071
0.05,0.16,1.0,21393,21.31,18303,3090,14.444,86.207,75,56.5,47.5,-1017.24,-0.0476,1022.16,0.0,-2300.82,-0.1076,2302.6,0.0,-161.52,-0.0076
0.05,0.16,1.25,18201,18.13,16060,2141,11.763,88.652,43,68.4,58.1,-834.69,-0.0459,839.79,0.0002,-1926.75,-0.1059,1929.09,0.0,-106.65,-0.0059
0.05,0.16,1.5,15789,15.73,14214,1575,9.975,90.361,21,80.5,60.5,-719.82,-0.0456,725.0,0.0006,-1667.16,-0.1056,1669.56,0.0,-88.26,-0.0056
0.05,0.16,1.7999999999999998,13944,13.89,12771,1173,8.412,91.837,16,92.8,80.2,-625.8,-0.0449,634.4,0.0016,-1462.44,-0.1049,1465.26,0.0,-68.04,-0.0049
0.05,0.16,2.0,12810,12.76,11833,977,7.627,92.593,13,101.9,80.2,-573.12,-0.0447,582.48,0.0026,-1341.72,-0.1047,1344.66,0.0,-60.72,-0.0047
0.05,0.16,2.5,10915,10.87,10243,672,6.157,93.985,6,121.5,148.9,-477.72,-0.0438,486.28,0.0067,-1132.62,-0.1038,1135.56,0.0,-41.12,-0.0038
0.05,0.16,3.0,9572,9.53,9073,499,5.213,94.937,5,140.2,148.9,-428.2,-0.0447,436.12,0.0108,-1002.52,-0.1047,1005.34,0.0,-45.32,-0.0047
0.05,0.16,4.0,7667,7.64,7371,296,3.861,96.154,3,177.7,167.6,-311.32,-0.0406,323.56,0.0345,-771.34,-0.1006,773.98,0.0003,-4.64,-0.0006
0.05,0.16,5.0,6133,6.11,5943,190,3.098,96.899,2,224.8,235.4,-244.44,-0.0399,269.76,0.0673,-612.42,-0.0999,615.36,0.0017,0.88,0.0001
0.05,0.16,7.000000000000001,4599,4.58,4500,99,2.153,97.765,0,301.1,697.1,-156.96,-0.0341,196.24,0.1604,-432.9,-0.0941,439.78,0.0101,27.0,0.0059
0.05,0.16,10.0,3423,3.41,3373,50,1.461,98.425,0,408.2,732.8,-97.24,-0.0284,139.04,0.2879,-302.62,-0.0884,314.56,0.0369,39.68,0.0116
0.05,0.2,0.3,40760,40.6,24030,16730,41.045,60.0,801,26.0,34.6,-1843.4,-0.0452,1846.96,0.0,-4289.0,-0.1052,4289.3,0.0,-213.0,-0.0052
0.05,0.2,0.5,29890,29.77,21022,8868,29.669,71.429,285,38.2,34.6,-1425.2,-0.0477,1429.48,0.0,-3218.6,-0.1077,3219.7,0.0,-229.6,-0.0077
0.05,0.2,0.7000000000000001,23622,23.53,18226,5396,22.843,77.778,138,50.7,47.5,-1076.88,-0.0456,1082.26,0.0,-2494.2,-0.1056,2496.3,0.0,-132.0,-0.0056
0.05,0.2,1.0,18541,18.47,15344,3197,17.243,83.333,61,67.3,47.5,-869.84,-0.0469,876.0,0.0001,-1982.3,-0.1069,1985.1,0.0,-128.2,-0.0069
0.05,0.2,1.25,15661,15.6,13446,2215,14.143,86.207,35,81.7,58.6,-705.99,-0.0451,713.35,0.0007,-1645.65,-0.1051,1649.25,0.0,-79.55,-0.0051
0.05,0.2,1.5,13563,13.51,11946,1617,11.922,88.235,18,95.9,70.2,-578.82,-0.0427,586.68,0.0025,-1392.6,-0.1027,1396.4,0.0,-36.3,-0.0027
0.05,0.2,1.7999999999999998,11838,11.79,10631,1207,10.196,90.0,12,111.5,80.2,-519.92,-0.0439,533.36,0.0044,-1230.2,-0.1039,1234.3,0.0,-46.4,-0.0039
0.05,0.2,2.0,10757,10.71,9762,995,9.25,90.909,12,123.8,80.2,-467.88,-0.0435,482.2,0.0074,-1113.3,-0.1035,1117.6,0.0,-37.6,-0.0035
0.05,0.2,2.5,9140,9.1,8449,691,7.56,92.593,4,147.5,148.9,-403.3,-0.0441,417.9,0.014,-951.7,-0.1041,956.0,0.0001,-37.7,-0.0041
0.05,0.2,3.0,8040,8.01,7535,505,6.281,93.75,4,169.2,148.9,-329.6,-0.041,344.16,0.0289,-812.0,-0.101,816.1,0.0002,-8.0,-0.001
0.05,0.2,4.0,6389,6.36,6087,302,4.727,95.238,1,215.6,167.6,-246.16,-0.0385,266.4,0.0657,-629.5,-0.0985,634.3,0.0014,9.4,0.0015
0.05,0.2,5.0,5148,5.13,4954,194,3.768,96.154,0,270.1,235.4,-185.12,-0.036,223.52,0.1209,-494.0,-0.096,499.0,0.0055,20.8,0.004
0.05,0.2,7.000000000000001,3893,3.88,3791,102,2.62,97.222,0,357.8,697.1,-111.52,-0.0286,163.2,0.2502,-345.1,-0.0886,358.5,0.0242,44.2,0.0114
0.05,0.2,10.0,2802,2.79,2750,52,1.856,98.039,0,501.2,732.9,-82.08,-0.0293,135.04,0.3311,-250.2,-0.0893,268.0,0.0615,30.0,0.0107
0.05,0.25,0.3,36801,36.65,19852,16949,46.056,54.545,574,30.5,34.7,-1593.74,-0.0433,1597.73,0.0,-3801.8,-0.1033,3803.05,0.0,-121.7,-0.0033
0.05,0.25,0.5,26368,26.26,17357,9011,34.174,66.667,216,45.2,43.8,-1220.97,-0.0463,1226.25,0.0,-2803.05,-0.1063,2805.75,0.0,-166.25,-0.0063
0.05,0.25,0.7000000000000001,20608,20.53,15104,5504,26.708,73.684,99,60.2,47.5,-901.12,-0.0437,907.1,0.0001,-2137.6,-0.1037,2140.65,0.0,-76.8,-0.0037
0.05,0.25,1.0,15979,15.92,12724,3255,20.37,80.0,42,80.3,47.5,-713.16,-0.0446,721.58,0.0007,-1671.9,-0.1046,1675.6,0.0,-74.0,-0.0046
0.05,0.25,1.25,13396,13.34,11131,2265,16.908,83.333,24,97.7,60.2,-584.34,-0.0436,594.12,0.0023,-1388.1,-0.1036,1392.45,0.0,-48.5,-0.0036
0.05,0.25,1.5,11537,11.49,9892,1645,14.258,85.714,13,115.0,73.1,-455.98,-0.0395,465.22,0.0084,-1148.2,-0.0995,1151.8,0.0,5.5,0.0005
0.05,0.25,1.7999999999999998,10083,10.04,8850,1233,12.229,87.805,8,133.1,85.2,-410.22,-0.0407,427.41,0.0131,-1015.2,-0.1007,1019.1,0.0,-6.9,-0.0007
0.05,0.25,2.0,9062,9.03,8053,1009,11.134,88.889,7,149.3,85.2,-367.23,-0.0405,384.18,0.0202,-910.95,-0.1005,915.9,0.0001,-4.75,-0.0005
0.05,0.25,2.5,7730,7.7,7020,710,9.185,90.909,3,176.6,84.9,-329.2,-0.0426,351.36,0.029,-793.0,-0.1026,799.95,0.0003,-20.0,-0.0026
0.05,0.25,3.0,6767,6.74,6255,512,7.566,92.308,3,203.4,149.7,-242.93,-0.0359,270.31,0.0683,-648.95,-0.0959,654.9,0.0012,27.75,0.0041
0.05,0.25,4.0,5354,5.33,5049,305,5.697,94.118,1,259.6,170.0,-171.91,-0.0321,205.32,0.1372,-493.15,-0.0921,501.1,0.0055,42.25,0.0079
0.05,0.25,5.0,4262,4.25,4067,195,4.575,95.238,0,328.7,235.4,-128.73,-0.0302,179.76,0.2117,-384.45,-0.0902,397.5,0.0164,41.75,0.0098
0.05,0.25,7.000000000000001,3223,3.21,3119,104,3.227,96.552,0,434.7,697.1,-77.17,-0.0239,138.35,0.3503,-270.55,-0.0839,299.75,0.0506,51.75,0.0161
0.05,0.25,10.0,2323,2.31,2271,52,2.238,97.561,0,607.1,733.2,-45.17,-0.0194,107.28,0.4782,-184.55,-0.0794,217.2,0.1185,47.75,0.0206
0.05,0.3,0.3,33453,33.32,16596,16857,50.39,50.0,401,35.1,34.7,-1416.42,-0.0423,1419.46,0.0,-3423.6,-0.1023,3424.4,0.0,-78.3,-0.0023
0.05,0.3,0.5,23672,23.58,14626,9046,38.214,62.5,158,52.1,43.8,-1082.08,-0.0457,1087.18,0.0,-2502.4,-0.1057,2505.4,0.0,-135.2,-0.0057
0.05,0.3,0.7000000000000001,18231,18.16,12682,5549,30.437,70.0,74,69.8,55.9,-808.94,-0.0444,814.64,0.0003,-1902.8,-0.1044,1906.0,0.0,-79.7,-0.0044
0.05,0.3,1.0,13992,13.94,10709,3283,23.463,76.923,33,93.6,50.5,-629.98,-0.045,637.78,0.0015,-1469.5,-0.105,1473.4,0.0,-70.3,-0.005
0.05,0.3,1.25,11695,11.65,9402,2293,19.607,80.645,19,113.8,58.1,-513.45,-0.0439,525.76,0.0047,-1215.15,-0.1039,1219.95,0.0,-45.65,-0.0039
0.05,0.3,1.5,9983,9.94,8320,1663,16.658,83.333,10,134.9,75.1,-397.82,-0.0398,411.28,0.0149,-996.8,-0.0998,1000.8,0.0,1.5,0.0002
0.05,0.3,1.7999999999999998,8730,8.7,7485,1245,14.261,85.714,5,155.7,85.2,-344.7,-0.0395,368.88,0.0251,-868.5,-0.0995,873.9,0.0001,4.5,0.0005
0.05,0.3,2.0,7832,7.8,6812,1020,13.023,86.957,2,174.7,85.2,-309.68,-0.0395,331.98,0.0356,-779.6,-0.0995,786.2,0.0003,3.6,0.0005
0.05,0.3,2.5,6558,6.53,5846,712,10.857,89.286,2,210.3,93.2,-288.52,-0.044,316.18,0.0433,-682.0,-0.104,689.4,0.0008,-26.2,-0.004
0.05,0.3,3.0,5727,5.7,5213,514,8.975,90.909,2,242.4,149.7,-207.18,-0.0362,243.6,0.0971,-550.8,-0.0962,557.7,0.0031,21.9,0.0038
0.05,0.3,4.0,4554,4.54,4246,308,6.763,93.023,1,307.2,151.9,-140.36,-0.0308,182.44,0.1871,-413.6,-0.0908,425.4,0.0121,41.8,0.0092
0.05,0.3,5.0,3597,3.58,3401,196,5.449,94.34,0,391.5,268.0,-103.58,-0.0288,162.56,0.2712,-319.4,-0.0888,345.2,0.0313,40.3,0.0112
0.05,0.3,7.000000000000001,2706,2.7,2602,104,3.843,95.89,0,519.3,697.1,-55.64,-0.0206,121.54,0.4336,-218.0,-0.0806,256.9,0.0854,52.6,0.0194
0.05,0.3,10.0,1993,1.99,1940,53,2.659,97.087,0,708.6,734.4,-27.72,-0.0139,94.94,0.5654,-147.3,-0.0739,189.5,0.1709,52.0,0.0261
0.05,0.4,0.3,28535,28.42,12207,16328,57.221,42.857,231,43.4,45.7,-1157.0,-0.0405,1162.6,0.0,-2869.1,-0.1005,2872.1,0.0,-15.6,-0.0005
0.05,0.4,0.5,19768,19.69,10932,8836,44.699,55.556,95,65.1,44.8,-835.92,-0.0423,842.4,0.0002,-2022.0,-0.1023,2025.9,0.0,-45.2,-0.0023
0.05,0.4,0.7000000000000001,15042,14.98,9544,5498,36.551,63.636,56,87.5,53.8,-632.68,-0.0421,644.1,0.0014,-1535.2,-0.1021,1539.3,0.0,-31.0,-0.0021
0.05,0.4,1.0,11427,11.38,8145,3282,28.721,71.429,23,117.5,50.5,-481.08,-0.0421,494.24,0.0065,-1166.7,-0.1021,1171.9,0.0,-24.0,-0.0021
0.05,0.4,1.25,9441,9.4,7141,2300,24.362,75.758,13,143.9,74.4,-396.24,-0.042,418.02,0.015,-962.7,-0.102,969.6,0.0001,-18.6,-0.002
0.05,0.4,1.5,8041,8.01,6374,1667,20.731,78.947,8,170.5,75.2,-272.54,-0.0339,295.56,0.0515,-755.0,-0.0939,761.4,0.0004,49.1,0.0061
0.05,0.4,1.7999999999999998,6971,6.94,5724,1247,17.888,81.818,4,198.0,94.8,-233.84,-0.0335,264.72,0.0751,-652.1,-0.0935,660.5,0.0011,45.0,0.0065
0.05,0.4,2.0,6316,6.29,5287,1029,16.292,83.333,1,219.6,94.8,-195.84,-0.031,228.84,0.1097,-574.8,-0.091,583.8,0.0025,56.8,0.009
0.05,0.4,2.5,5224,5.2,4511,713,13.649,86.207,1,266.9,98.7,-187.06,-0.0358,227.74,0.1184,-500.5,-0.0958,514.9,0.0051,21.9,0.0042
0.05,0.4,3.0,4553,4.53,4037,516,11.333,88.235,1,307.9,149.7,-115.32,-0.0253,163.12,0.2411,-388.5,-0.0853,402.5,0.0157,66.8,0.0147
0.05,0.4,4.0,3589,3.57,3282,307,8.554,90.909,0,393.0,168.1,-58.76,-0.0164,113.24,0.4205,-274.1,-0.0764,299.4,0.0487,84.8,0.0236
0.05,0.4,5.0,2827,2.82,2630,197,6.969,92.593,0,501.4,268.0,-46.08,-0.0163,109.8,0.4787,-215.7,-0.0763,254.4,0.0877,67.0,0.0237
0.05,0.4,7.000000000000001,2143,2.13,2038,105,4.9,94.595,0,658.8,697.1,-5.52,-0.0026,80.84,0.7107,-134.1,-0.0626,186.4,0.1963,80.2,0.0374
0.05,0.4,10.0,1571,1.56,1518,53,3.374,96.154,0,902.1,734.8,14.36,0.0091,79.12,0.8584,-79.9,-0.0509,133.1,0.3343,77.2,0.0491
0.05,0.5,0.3,24936,24.84,9394,15542,62.328,37.5,142,51.4,45.8,-963.04,-0.0386,968.88,0.0001,-2459.2,-0.0986,2463.2,0.0,34.4,0.0014
0.05,0.5,0.5,17021,16.95,8529,8492,49.891,50.0,54,77.6,43.4,-662.34,-0.0389,671.76,0.0011,-1683.6,-0.0989,1688.4,0.0,18.5,0.0011
0.05,0.5,0.7000000000000001,12874,12.82,7524,5350,41.557,58.333,38,104.3,57.5,-497.96,-0.0387,515.12,0.0055,-1270.4,-0.0987,1275.2,0.0,17.0,0.0013
0.05,0.5,1.0,9662,9.62,6472,3190,33.016,66.667,15,141.2,58.8,-340.48,-0.0352,361.72,0.0261,-920.2,-0.0952,929.4,0.0001,46.0,0.0048
0.05,0.5,1.25,7961,7.93,5707,2254,28.313,71.429,7,172.8,64.2,-282.44,-0.0355,313.05,0.0462,-760.1,-0.0955,768.5,0.0004,36.0,0.0045
0.05,0.5,1.5,6750,6.72,5098,1652,24.474,75.0,4,205.3,88.6,-199.0,-0.0295,229.02,0.1063,-604.0,-0.0895,612.4,0.0018,71.0,0.0105
0.05,0.5,1.7999999999999998,5816,5.79,4587,1229,21.131,78.261,2,239.6,96.2,-151.34,-0.026,198.72,0.1699,-500.3,-0.086,516.5,0.0052,81.3,0.014
0.05,0.5,2.0,5257,5.24,4239,1018,19.365,80.0,0,266.1,96.2,-126.78,-0.0241,168.34,0.2171,-442.2,-0.0841,457.2,0.0092,83.5,0.0159
0.05,0.5,2.5,4321,4.3,3620,701,16.223,83.333,0,325.2,111.4,-115.34,-0.0267,168.12,0.2413,-374.6,-0.0867,396.2,0.018,57.5,0.0133
0.05,0.5,3.0,3784,3.77,3270,514,13.584,85.714,0,372.8,149.7,-58.36,-0.0154,114.74,0.4229,-285.4,-0.0754,311.6,0.0436,93.0,0.0246
0.05,0.5,4.0,2945,2.93,2639,306,10.39,88.889,0,481.3,173.2,-22.3,-0.0076,92.1,0.602,-199.0,-0.0676,236.0,0.1027,95.5,0.0324
0.05,0.5,5.0,2309,2.3,2112,197,8.532,90.909,0,616.2,469.4,-21.36,-0.0093,92.98,0.6097,-159.9,-0.0693,210.7,0.1524,71.0,0.0307
0.05,0.5,7.000000000000001,1753,1.75,1648,105,5.99,93.333,0,807.7,697.1,18.88,0.0108,78.54,0.9033,-86.3,-0.0492,149.0,0.3154,89.0,0.0508
0.05,0.5,10.0,1280,1.27,1227,53,4.141,95.238,0,1109.6,734.8,32.3,0.0252,75.22,1.0239,-44.5,-0.0348,106.9,0.4748,83.5,0.0652
0.05,0.6,0.3,21982,21.89,7353,14629,66.55,33.333,101,59.8,45.8,-856.18,-0.0389,863.48,0.0002,-2175.1,-0.0989,2180.4,0.0,23.1,0.0011
0.05,0.6,0.5,14924,14.86,6786,8138,54.53,45.455,41,90.1,64.2,-594.36,-0.0398,602.62,0.0021,-1489.8,-0.0998,1495.4,0.0,2.6,0.0002
0.05,0.6,0.7000000000000001,11146,11.1,6011,5135,46.07,53.846,31,122.2,64.2,-433.74,-0.0389,453.62,0.0103,-1102.5,-0.0989,1108.7,0.0,12.1,0.0011
0.05,0.6,1.0,8307,8.27,5218,3089,37.186,62.5,14,166.1,64.2,-290.48,-0.035,323.68,0.0427,-788.9,-0.095,799.0,0.0003,41.8,0.005
0.05,0.6,1.25,6791,6.76,4597,2194,32.307,67.568,8,204.5,92.9,-255.94,-0.0377,295.52,0.0599,-663.4,-0.0977,674.15,0.001,15.7,0.0023
0.05,0.6,1.5,5722,5.7,4115,1607,28.085,71.429,5,244.1,92.9,-170.38,-0.0298,212.24,0.1408,-513.7,-0.0898,529.1,0.0045,58.5,0.0102
0.05,0.6,1.7999999999999998,4938,4.92,3731,1207,24.443,75.0,3,284.2,92.9,-131.52,-0.0266,187.6,0.2059,-427.8,-0.0866,449.4,0.0106,66.0,0.0134
0.05,0.6,2.0,4467,4.45,3472,995,22.274,76.923,1,315.0,92.9,-85.48,-0.0191,141.2,0.3266,-353.5,-0.0791,376.6,0.0224,93.2,0.0209
0.05,0.6,2.5,3671,3.66,2981,690,18.796,80.645,0,384.7,153.8,-83.24,-0.0227,139.62,0.3311,-303.5,-0.0827,328.6,0.0365,63.6,0.0173
0.05,0.6,3.0,3230,3.22,2718,512,15.851,83.333,0,438.5,153.8,-34.4,-0.0107,94.24,0.5337,-228.2,-0.0707,261.6,0.0768,94.8,0.0293
0.05,0.6,4.0,2461,2.45,2160,301,12.231,86.957,0,578.0,173.2,-6.44,-0.0026,84.16,0.7043,-154.1,-0.0626,200.2,0.1607,92.0,0.0374
0.05,0.6,5.0,1941,1.93,1748,193,9.943,89.286,0,735.1,469.7,6.16,0.0032,78.96,0.803,-110.3,-0.0568,166.7,0.2504,83.8,0.0432
0.05,0.6,7.000000000000001,1495,1.49,1389,106,7.09,92.105,0,948.8,697.1,31.6,0.0211,79.12,1.0188,-58.1,-0.0389,124.7,0.4153,91.4,0.0611
0.05,0.6,10.0,1083,1.08,1030,53,4.894,94.34,0,1313.2,734.8,44.68,0.0413,72.84,1.1552,-20.3,-0.0187,91.7,0.603,88.0,0.0813
0.05,0.8,0.3,17984,17.91,4946,13038,72.498,27.273,52,75.2,51.8,-673.96,-0.0375,682.84,0.001,-1753.0,-0.0975,1758.2,0.0,45.4,0.0025
0.05,0.8,0.5,11912,11.86,4581,7331,61.543,38.462,21,115.4,64.2,-477.18,-0.0401,492.54,0.0067,-1191.9,-0.1001,1197.1,0.0,-0.7,-0.0001
0.05,0.8,0.7000000000000001,8879,8.84,4157,4722,53.182,46.667,17,156.0,64.2,-334.96,-0.0377,360.12,0.0274,-867.7,-0.0977,876.3,0.0001,20.2,0.0023
0.05,0.8,1.0,6478,6.45,3616,2862,44.18,55.556,5,216.0,73.6,-228.32,-0.0352,279.68,0.0786,-617.0,-0.0952,635.4,0.0016,30.8,0.0048
0.05,0.8,1.25,5271,5.25,3241,2030,38.513,60.976,6,266.7,97.7,-155.54,-0.0295,213.27,0.1622,-471.8,-0.0895,493.3,0.0068,55.3,0.0105
0.05,0.8,1.5,4487,4.47,2962,1525,33.987,65.217,2,314.3,97.7,-97.38,-0.0217,152.1,0.2889,-366.6,-0.0817,391.5,0.0195,82.1,0.0183
0.05,0.8,1.7999999999999998,3817,3.8,2666,1151,30.155,69.231,1,370.8,108.2,-91.68,-0.024,158.8,0.304,-320.7,-0.084,358.0,0.0307,61.0,0.016
0.05,0.8,2.0,3477,3.46,2511,966,27.783,71.429,0,407.6,108.2,-62.28,-0.0179,122.04,0.4071,-270.9,-0.0779,304.5,0.0505,76.8,0.0221
0.05,0.8,2.5,2859,2.85,2191,668,23.365,75.758,0,497.1,153.8,-31.56,-0.011,108.68,0.55,-203.1,-0.071,247.1,0.0988,82.8,0.029
0.05,0.8,3.0,2466,2.46,1966,500,20.276,78.947,0,577.5,153.8,-25.84,-0.0105,93.48,0.5765,-173.8,-0.0705,221.1,0.1312,72.8,0.0295
0.05,0.8,4.0,1885,1.88,1590,295,15.65,83.333,0,753.8,173.2,16.6,0.0088,74.36,0.8806,-96.5,-0.0512,153.1,0.284,92.0,0.0488
0.05,0.8,5.0,1459,1.45,1273,186,12.748,86.207,0,981.4,268.8,30.04,0.0206,70.6,1.0195,-57.5,-0.0394,127.3,0.4247,88.4,0.0606
0.05,0.8,7.000000000000001,1120,1.12,1016,104,9.286,89.744,0,1269.6,697.2,40.0,0.0357,75.88,1.1055,-27.2,-0.0243,109.3,0.5644,84.8,0.0757
0.05,0.8,10.0,820,0.82,768,52,6.341,92.593,0,1737.7,735.7,61.6,0.0751,69.72,1.3673,12.4,0.0151,79.5,0.8359,94.4,0.1151
0.05,1.0,0.3,15291,15.23,3605,11686,76.424,23.077,26,89.8,67.2,-512.44,-0.0335,524.74,0.0047,-1429.9,-0.0935,1437.6,0.0,99.2,0.0065
0.05,1.0,0.5,10146,10.11,3418,6728,66.312,33.333,16,137.0,56.2,-351.84,-0.0347,367.14,0.023,-960.6,-0.0947,967.8,0.0001,54.0,0.0053
0.05,1.0,0.7000000000000001,7442,7.41,3097,4345,58.385,41.176,13,188.2,66.1,-242.18,-0.0325,265.2,0.0683,-688.7,-0.0925,698.8,0.0008,55.5,0.0075
0.05,1.0,1.0,5434,5.41,2747,2687,49.448,50.0,4,259.4,86.2,-157.36,-0.029,200.0,0.1579,-483.4,-0.089,495.4,0.006,60.0,0.011
0.05,1.0,1.25,4379,4.36,2460,1919,43.823,55.556,5,323.0,115.8,-113.91,-0.026,174.42,0.2435,-376.65,-0.086,405.0,0.0176,61.25,0.014
0.05,1.0,1.5,3750,3.74,2287,1463,39.013,60.0,3,378.3,115.8,-57.5,-0.0153,123.76,0.4253,-282.5,-0.0753,310.2,0.0448,92.5,0.0247
0.05,1.0,1.7999999999999998,3170,3.16,2069,1101,34.732,64.286,1,448.5,138.3,-39.6,-0.0125,113.52,0.5069,-229.8,-0.0725,269.4,0.0756,87.2,0.0275
0.05,1.0,2.0,2857,2.85,1939,918,32.132,66.667,0,498.4,139.1,-11.28,-0.0039,92.64,0.6735,-182.7,-0.0639,220.5,0.1212,103.0,0.0361
0.05,1.0,2.5,2385,2.38,1739,646,27.086,71.429,0,598.3,148.1,28.6,0.012,68.92,0.9944,-114.5,-0.048,169.5,0.2376,124.0,0.052
0.05,1.0,3.0,2037,2.03,1548,489,24.006,75.0,0,701.5,165.8,-0.48,-0.0002,80.32,0.7361,-122.7,-0.0602,172.0,0.2167,81.0,0.0398
0.05,1.0,4.0,1525,1.52,1243,282,18.492,80.0,0,939.3,330.3,54.0,0.0354,66.08,1.2796,-37.5,-0.0246,104.0,0.5124,115.0,0.0754
0.05,1.0,5.0,1175,1.17,994,181,15.404,83.333,0,1221.2,481.0,42.0,0.0357,71.76,1.1463,-28.5,-0.0243,108.6,0.5662,89.0,0.0757
0.05,1.0,7.000000000000001,924,0.92,821,103,11.147,87.5,0,1541.4,697.2,63.04,0.0682,72.32,1.3839,7.6,0.0082,93.0,0.7948,100.0,0.1082
0.05,1.0,10.0,665,0.66,614,51,7.669,90.909,0,2145.1,737.2,77.4,0.1164,60.96,1.6004,37.5,0.0564,67.7,1.0738,104.0,0.1564
0.05,1.5,0.3,10867,10.82,1857,9010,82.912,16.667,11,128.9,74.3,-352.18,-0.0324,370.52,0.0231,-1004.2,-0.0924,1014.0,0.0,82.5,0.0076
0.05,1.5,0.5,7005,6.98,1776,5229,74.647,25.0,5,201.9,86.8,-230.7,-0.0329,272.5,0.0765,-651.0,-0.0929,660.8,0.0011,49.5,0.0071
0.05,1.5,0.7000000000000001,5276,5.25,1706,3570,67.665,31.818,4,268.8,80.8,-151.04,-0.0286,193.84,0.1672,-467.6,-0.0886,490.4,0.007,60.0,0.0114
0.05,1.5,1.0,3798,3.78,1541,2257,59.426,40.0,2,374.9,125.6,-97.42,-0.0257,156.62,0.2837,-325.3,-0.0857,355.8,0.029,54.5,0.0143
0.05,1.5,1.25,3058,3.05,1417,1641,53.663,45.455,2,466.6,117.9,-48.07,-0.0157,115.75,0.4639,-231.55,-0.0757,276.45,0.074,74.25,0.0243
0.05,1.5,1.5,2598,2.59,1327,1271,48.922,50.0,2,550.1,125.6,-19.92,-0.0077,106.3,0.6117,-175.8,-0.0677,226.0,0.1286,84.0,0.0323
0.05,1.5,1.7999999999999998,2211,2.2,1229,982,44.414,54.545,1,647.1,138.3,-12.54,-0.0057,103.26,0.6548,-145.2,-0.0657,200.1,0.1736,75.9,0.0343
0.05,1.5,2.0,2007,2.0,1170,837,41.704,57.143,0,713.2,171.4,0.72,0.0004,86.4,0.7461,-119.7,-0.0596,175.0,0.2236,81.0,0.0404
0.05,1.5,2.5,1626,1.62,1037,589,36.224,62.5,0,881.3,171.4,17.96,0.011,84.78,0.8841,-79.6,-0.049,138.2,0.3331,83.0,0.051
0.05,1.5,3.0,1353,1.35,921,432,31.929,66.667,0,1060.4,205.5,31.38,0.0232,68.38,1.0129,-49.8,-0.0368,109.4,0.4496,85.5,0.0632
0.05,1.5,4.0,1026,1.02,763,263,25.634,72.727,0,1393.2,508.8,51.46,0.0502,69.46,1.238,-10.1,-0.0098,94.4,0.6687,92.5,0.0902
0.05,1.5,5.0,817,0.81,641,176,21.542,76.923,0,1760.2,508.8,48.82,0.0598,66.76,1.2083,-0.2,-0.0002,79.5,0.7399,81.5,0.0998
0.05,1.5,7.000000000000001,619,0.62,521,98,15.832,82.353,0,2305.2,703.2,70.74,0.1143,69.78,1.4881,33.6,0.0543,74.9,1.0264,95.5,0.1543
0.05,1.5,10.0,447,0.45,397,50,11.186,86.957,0,3195.1,999.7,77.62,0.1736,69.56,1.5905,50.8,0.1136,74.0,1.2163,95.5,0.2136
0.05,2.0,0.3,8645,8.61,1163,7482,86.547,13.043,5,163.4,111.0,-264.4,-0.0306,291.74,0.0546,-783.1,-0.0906,793.1,0.0003,81.4,0.0094
0.05,2.0,0.5,5606,5.58,1144,4462,79.593,20.0,1,253.8,125.2,-167.24,-0.0298,224.56,0.1416,-503.6,-0.0898,524.4,0.0049,57.0,0.0102
0.05,2.0,0.7000000000000001,4090,4.07,1080,3010,73.594,25.926,2,348.8,143.5,-110.6,-0.027,165.04,0.2482,-356.0,-0.087,382.1,0.0213,53.0,0.013
0.05,2.0,1.0,2958,2.95,1019,1939,65.551,33.333,1,483.6,146.7,-19.32,-0.0065,94.92,0.6114,-196.8,-0.0665,246.1,0.1035,99.0,0.0335
0.05,2.0,1.25,2372,2.36,936,1436,60.54,38.462,1,603.9,147.2,-17.88,-0.0075,104.8,0.6208,-160.2,-0.0675,221.25,0.1494,77.0,0.0325
0.05,2.0,1.5,1967,1.96,873,1094,55.618,42.857,1,729.2,240.0,26.32,0.0134,89.18,0.9672,-91.7,-0.0466,155.2,0.297,105.0,0.0534
0.05,2.0,1.7999999999999998,1682,1.68,826,856,50.892,47.368,1,853.5,157.2,43.92,0.0261,89.08,1.1455,-57.0,-0.0339,123.5,0.4174,111.2,0.0661
0.05,2.0,2.0,1512,1.51,778,734,48.545,50.0,0,949.6,214.2,27.52,0.0182,81.56,0.9732,-63.2,-0.0418,132.7,0.3927,88.0,0.0582
0.05,2.0,2.5,1252,1.25,718,534,42.652,55.556,0,1139.7,211.8,50.92,0.0407,66.22,1.2188,-24.2,-0.0193,95.9,0.5748,101.0,0.0807
0.05,2.0,3.0,1053,1.05,650,403,38.272,60.0,0,1355.9,210.2,48.88,0.0464,81.0,1.1918,-14.3,-0.0136,99.2,0.6334,91.0,0.0864
0.05,2.0,4.0,776,0.77,535,241,31.057,66.667,0,1843.7,331.2,74.96,0.0966,66.92,1.5621,28.4,0.0366,80.3,0.9806,106.0,0.1366
0.05,2.0,5.0,617,0.61,453,164,26.58,71.429,0,2314.2,512.1,61.32,0.0994,79.52,1.3658,24.3,0.0394,89.3,0.9431,86.0,0.1394
0.05,2.0,7.000000000000001,472,0.47,379,93,19.703,77.778,0,3026.9,697.2,88.12,0.1867,70.24,1.7638,59.8,0.1267,73.6,1.3289,107.0,0.2267
0.05,2.0,10.0,347,0.35,298,49,14.121,83.333,0,4119.6,1020.1,92.12,0.2655,67.08,1.8218,71.3,0.2055,71.0,1.4796,106.0,0.3055
0.05,3.0,0.3,6102,6.08,584,5518,90.429,9.091,2,233.6,145.2,-147.48,-0.0242,199.12,0.1724,-513.6,-0.0842,532.2,0.0044,96.6,0.0158
0.05,3.0,0.5,3851,3.84,569,3282,85.225,14.286,1,371.9,167.8,-88.04,-0.0229,158.36,0.3095,-319.1,-0.0829,360.3,0.0307,66.0,0.0171
0.05,3.0,0.7000000000000001,2857,2.85,554,2303,80.609,18.919,1,502.0,172.8,-64.38,-0.0225,131.72,0.3886,-235.8,-0.0825,281.3,0.0699,49.9,0.0175
0.05,3.0,1.0,2009,2.0,525,1484,73.868,25.0,1,715.4,165.1,10.64,0.0053,100.0,0.8188,-109.9,-0.0547,175.2,0.2451,91.0,0.0453
0.05,3.0,1.25,1629,1.62,494,1135,69.675,29.412,1,882.5,172.9,-1.91,-0.0012,95.4,0.7214,-99.65,-0.0612,167.75,0.2713,63.25,0.0388
0.05,3.0,1.5,1403,1.4,486,917,65.36,33.333,1,1025.5,167.0,26.38,0.0188,89.86,0.9466,-57.8,-0.0412,131.5,0.4077,82.5,0.0588
0.05,3.0,1.7999999999999998,1137,1.13,443,694,61.038,37.5,1,1258.2,240.5,34.32,0.0302,78.0,1.0345,-33.9,-0.0298,105.4,0.5228,79.8,0.0702
0.05,3.0,2.0,1025,1.02,430,595,58.049,40.0,0,1404.8,247.1,59.0,0.0576,67.24,1.3228,-2.5,-0.0024,92.8,0.715,100.0,0.0976
0.05,3.0,2.5,855,0.85,406,449,52.515,45.455,0,1672.6,542.5,61.3,0.0717,70.56,1.3381,10.0,0.0117,84.6,0.801,95.5,0.1117
0.05,3.0,3.0,722,0.72,376,346,47.922,50.0,0,1982.0,368.8,61.12,0.0847,71.2,1.3317,17.8,0.0247,84.0,0.8634,90.0,0.1247
0.05,3.0,4.0,528,0.53,314,214,40.53,57.143,0,2730.8,624.7,64.88,0.1229,69.84,1.3971,33.2,0.0629,77.9,1.0177,86.0,0.1629
0.05,3.0,5.0,425,0.42,277,148,34.824,62.5,0,3362.9,483.2,74.0,0.1741,71.84,1.5318,48.5,0.1141,75.8,1.187,91.0,0.2141
0.05,3.0,7.000000000000001,349,0.35,255,94,26.934,70.0,0,4096.3,842.1,93.04,0.2666,66.4,1.7796,72.1,0.2066,69.6,1.4434,107.0,0.3066
0.05,3.0,10.0,225,0.22,181,44,19.556,76.923,0,6357.3,1022.8,94.0,0.4178,61.8,1.8672,80.5,0.3578,64.5,1.6316,103.0,0.4578
0.05,5.0,0.3,3909,3.89,238,3671,93.911,5.66,1,365.8,428.1,-67.66,-0.0173,128.22,0.3748,-302.2,-0.0773,335.1,0.0359,88.7,0.0227
0.05,5.0,0.5,2462,2.45,236,2226,90.414,9.091,1,582.5,428.1,-31.48,-0.0128,111.98,0.5334,-179.2,-0.0728,241.7,0.1216,67.0,0.0272
0.05,5.0,0.7000000000000001,1806,1.8,233,1573,87.099,12.281,1,794.9,456.6,-8.34,-0.0046,107.24,0.6675,-116.7,-0.0646,176.9,0.2257,63.9,0.0354
0.05,5.0,1.0,1268,1.26,224,1044,82.334,16.667,1,1129.2,456.8,25.28,0.0199,90.0,0.9316,-50.8,-0.0401,130.5,0.4351,76.0,0.0599
0.05,5.0,1.25,1007,1.0,211,796,79.047,20.0,1,1427.6,529.5,19.72,0.0196,91.27,0.8861,-40.7,-0.0404,121.25,0.4841,60.0,0.0596
0.05,5.0,1.5,835,0.83,204,631,75.569,23.077,1,1710.8,529.5,40.1,0.048,78.8,1.086,-10.0,-0.012,101.3,0.6578,73.5,0.088
0.05,5.0,1.7999999999999998,693,0.69,194,499,72.006,26.471,1,2061.8,529.5,44.08,0.0636,83.12,1.1323,2.5,0.0036,99.2,0.7469,71.8,0.1036
0.05,5.0,2.0,621,0.62,189,432,69.565,28.571,0,2301.3,529.2,56.16,0.0904,72.64,1.2781,18.9,0.0304,82.6,0.8804,81.0,0.1304
0.05,5.0,2.5,510,0.51,180,330,64.706,33.333,0,2802.5,529.2,54.6,0.1071,76.16,1.2503,24.0,0.0471,85.4,0.9205,75.0,0.1471
0.05,5.0,3.0,422,0.42,169,253,59.953,37.5,0,3387.9,625.5,69.12,0.1638,71.52,1.4486,43.8,0.1038,78.6,1.1245,86.0,0.2038
0.05,5.0,4.0,330,0.33,157,173,52.424,44.444,0,4333.5,625.5,79.8,0.2418,73.76,1.5935,60.0,0.1818,79.4,1.3073,93.0,0.2818
0.05,5.0,5.0,250,0.25,135,115,46.0,50.0,0,5721.9,863.8,90.0,0.36,67.68,1.8005,75.0,0.3,71.7,1.5499,100.0,0.4
0.05,5.0,7.000000000000001,189,0.19,120,69,36.508,58.333,0,7569.8,915.7,109.44,0.579,64.8,2.1642,98.1,0.519,67.5,1.9326,117.0,0.619
0.05,5.0,10.0,118,0.12,84,34,28.814,66.667,0,12129.2,1839.6,75.28,0.638,65.68,1.5984,68.2,0.578,66.7,1.4893,80.0,0.678
0.1,0.1,0.3,37974,37.82,27072,10902,28.709,75.0,1652,13.4,16.4,-2082.36,-0.0548,2083.0,0.0,-4360.8,-0.1148,4360.8,0.0,-563.4,-0.0148
0.1,0.1,0.5,31912,31.78,25947,5965,18.692,83.333,576,19.6,23.2,-1664.28,-0.0522,1665.6,0.0,-3579.0,-0.1122,3579.0,0.0,-387.8,-0.0122
0.1,0.1,0.7000000000000001,27866,27.76,24086,3780,13.565,87.5,267,25.9,28.2,-1352.04,-0.0485,1352.96,0.0,-3024.0,-0.1085,3024.0,0.0,-237.4,-0.0085
0.1,0.1,1.0,23732,23.64,21395,2337,9.847,90.909,111,34.9,45.1,-1146.78,-0.0483,1148.86,0.0,-2570.7,-0.1083,2570.7,0.0,-197.5,-0.0083
0.1,0.1,1.25,21232,21.15,19579,1653,7.785,92.593,57,42.3,53.1,-957.63,-0.0451,961.08,0.0001,-2231.55,-0.1051,2231.55,0.0,-108.35,-0.0051
0.1,0.1,1.5,19295,19.22,18056,1239,6.421,93.75,31,49.5,60.8,-824.7,-0.0427,828.02,0.0002,-1982.4,-0.1027,1982.4,0.0,-52.9,-0.0027
0.1,0.1,1.7999999999999998,17469,17.4,16530,939,5.375,94.737,23,57.9,73.3,-735.96,-0.0421,739.56,0.0005,-1784.1,-0.1021,1784.1,0.0,-37.2,-0.0021
0.1,0.1,2.0,16482,16.42,15670,812,4.927,95.238,21,63.1,73.3,-716.28,-0.0435,719.88,0.0007,-1705.2,-0.1035,1705.2,0.0,-57.0,-0.0035
0.1,0.1,2.5,14360,14.3,13792,568,3.955,96.154,9,75.7,142.2,-615.2,-0.0428,619.32,0.0018,-1476.8,-0.1028,1476.8,0.0,-40.8,-0.0028
0.1,0.1,3.0,12947,12.9,12524,423,3.267,96.774,7,87.4,142.2,-534.48,-0.0413,539.96,0.0039,-1311.3,-0.1013,1311.3,0.0,-16.6,-0.0013
0.1,0.1,4.0,10280,10.24,10029,251,2.442,97.561,3,117.9,194.0,-412.3,-0.0401,418.64,0.0131,-1029.1,-0.1001,1029.1,0.0,-1.1,-0.0001
0.1,0.1,5.0,8796,8.76,8625,171,1.944,98.039,2,142.0,194.0,-344.34,-0.0391,350.28,0.0255,-872.1,-0.0991,872.1,0.0001,7.5,0.0009
0.1,0.1,7.000000000000001,6976,6.95,6880,96,1.376,98.592,0,185.1,686.0,-263.04,-0.0377,286.14,0.0561,-681.6,-0.0977,681.6,0.0009,16.0,0.0023
0.1,0.1,10.0,5016,5.0,4969,47,0.937,99.01,0,266.4,732.8,-173.74,-0.0346,192.2,0.1364,-474.7,-0.0946,474.7,0.0067,26.9,0.0054
0.1,0.16,0.3,34558,34.42,21810,12748,36.889,65.217,991,19.1,16.7,-1717.12,-0.0497,1719.74,0.0,-3790.6,-0.1097,3790.8,0.0,-334.8,-0.0097
0.1,0.16,0.5,27439,27.33,20322,7117,25.938,75.758,348,28.8,23.2,-1404.54,-0.0512,1407.6,0.0,-3050.88,-0.1112,3051.72,0.0,-306.98,-0.0112
0.1,0.16,0.7000000000000001,22965,22.87,18473,4492,19.56,81.395,172,38.9,46.7,-1107.32,-0.0482,1110.24,0.0,-2485.22,-0.1082,2485.78,0.0,-188.72,-0.0082
0.1,0.16,1.0,18877,18.8,16131,2746,14.547,86.207,75,52.9,55.6,-920.12,-0.0487,923.56,0.0001,-2052.74,-0.1087,2053.74,0.0,-165.04,-0.0087
0.1,0.16,1.25,16385,16.32,14459,1926,11.755,88.652,42,64.9,56.4,-749.46,-0.0457,753.54,0.0005,-1732.56,-0.1057,1734.6,0.0,-94.06,-0.0057
0.1,0.16,1.5,14479,14.42,13039,1440,9.945,90.361,21,76.6,60.0,-652.92,-0.0451,657.6,0.0012,-1521.66,-0.1051,1524.0,0.0,-73.76,-0.0051
0.1,0.16,1.7999999999999998,12793,12.74,11718,1075,8.403,91.837,16,90.0,79.2,-571.84,-0.0447,584.6,0.0027,-1339.42,-0.1047,1342.12,0.0,-60.12,-0.0047
0.1,0.16,2.0,11960,11.91,11051,909,7.6,92.593,13,98.4,79.2,-528.24,-0.0442,536.88,0.0042,-1245.84,-0.1042,1248.54,0.0,-49.84,-0.0042
0.1,0.16,2.5,10226,10.19,9592,634,6.2,93.985,6,118.7,148.9,-459.32,-0.0449,466.12,0.0082,-1072.88,-0.1049,1075.7,0.0,-50.28,-0.0049
0.1,0.16,3.0,9039,9.0,8568,471,5.211,94.937,5,137.9,148.9,-403.68,-0.0447,410.88,0.0141,-946.02,-0.1047,948.54,0.0001,-42.12,-0.0047
0.1,0.16,4.0,7207,7.18,6927,280,3.885,96.154,3,178.7,167.6,-299.96,-0.0416,315.32,0.0392,-732.38,-0.1016,735.2,0.0005,-11.68,-0.0016
0.1,0.16,5.0,5806,5.78,5623,183,3.152,96.899,2,228.6,235.5,-247.56,-0.0426,269.4,0.0659,-595.92,-0.1026,598.74,0.002,-15.32,-0.0026
0.1,0.16,7.000000000000001,4476,4.46,4378,98,2.189,97.765,0,301.1,697.1,-164.56,-0.0368,206.2,0.149,-433.12,-0.0968,440.72,0.0101,14.48,0.0032
0.1,0.16,10.0,3308,3.29,3258,50,1.511,98.425,0,414.6,732.8,-111.04,-0.0336,149.36,0.2508,-309.52,-0.0936,321.28,0.0344,21.28,0.0064
0.1,0.2,0.3,32535,32.41,19002,13533,41.595,60.0,745,22.9,18.1,-1560.9,-0.048,1564.76,0.0,-3513.0,-0.108,3514.4,0.0,-259.5,-0.008
0.1,0.2,0.5,25186,25.09,17632,7554,29.993,71.429,280,34.8,25.0,-1258.04,-0.0499,1262.34,0.0,-2769.2,-0.1099,2771.2,0.0,-250.6,-0.0099
0.1,0.2,0.7000000000000001,20576,20.49,15831,4745,23.061,77.778,131,47.6,46.7,-978.34,-0.0475,982.8,0.0,-2212.9,-0.1075,2214.7,0.0,-155.3,-0.0075
0.1,0.2,1.0,16631,16.56,13740,2891,17.383,83.333,63,64.6,46.7,-808.24,-0.0486,815.84,0.0003,-1806.1,-0.1086,1808.2,0.0,-143.0,-0.0086
0.1,0.2,1.25,14260,14.2,12214,2046,14.348,86.207,34,79.6,56.4,-685.1,-0.048,692.31,0.0009,-1540.7,-0.108,1544.0,0.0,-114.7,-0.008
0.1,0.2,1.5,12496,12.45,10997,1499,11.996,88.235,18,94.0,60.0,-548.94,-0.0439,557.12,0.0034,-1298.7,-0.1039,1302.5,0.0,-49.1,-0.0039
0.1,0.2,1.7999999999999998,11002,10.96,9876,1126,10.235,90.0,12,110.0,79.2,-491.68,-0.0447,508.16,0.006,-1151.8,-0.1047,1156.0,0.0,-51.6,-0.0047
0.1,0.2,2.0,10150,10.11,9208,942,9.281,90.909,12,121.2,79.2,-448.4,-0.0442,462.08,0.0091,-1057.4,-0.1042,1061.6,0.0,-42.4,-0.0042
0.1,0.2,2.5,8580,8.55,7922,658,7.669,92.593,4,147.7,148.9,-403.8,-0.0471,416.78,0.0141,-918.6,-0.1071,923.0,0.0001,-60.6,-0.0071
0.1,0.2,3.0,7568,7.54,7086,482,6.369,93.75,4,170.8,148.9,-331.52,-0.0438,343.84,0.0287,-785.6,-0.1038,789.5,0.0003,-28.8,-0.0038
0.1,0.2,4.0,6008,5.98,5719,289,4.81,95.238,1,220.6,167.6,-252.52,-0.042,271.4,0.0624,-613.0,-0.102,617.5,0.0017,-12.2,-0.002
0.1,0.2,5.0,4892,4.87,4704,188,3.843,96.154,0,276.8,235.5,-194.88,-0.0398,231.84,0.1106,-488.4,-0.0998,493.2,0.0059,0.8,0.0002
0.1,0.2,7.000000000000001,3762,3.75,3662,100,2.658,97.222,0,363.1,697.1,-118.08,-0.0314,173.12,0.2356,-343.8,-0.0914,362.0,0.0246,32.4,0.0086
0.1,0.2,10.0,2737,2.73,2685,52,1.9,98.039,0,506.5,732.9,-92.48,-0.0338,142.4,0.2984,-256.7,-0.0938,273.7,0.0577,17.0,0.0062
0.1,0.25,0.3,30308,30.19,16182,14126,46.608,54.545,541,27.5,30.2,-1404.62,-0.0463,1408.25,0.0,-3223.1,-0.1063,3224.75,0.0,-192.3,-0.0063
0.1,0.25,0.5,22794,22.7,14914,7880,34.571,66.667,213,42.3,37.8,-1123.26,-0.0493,1127.52,0.0,-2490.9,-0.1093,2493.45,0.0,-211.5,-0.0093
0.1,0.25,0.7000000000000001,18309,18.24,13341,4968,27.134,73.684,97,58.0,46.7,-874.71,-0.0478,880.08,0.0001,-1973.25,-0.1078,1975.25,0.0,-142.35,-0.0078
0.1,0.25,1.0,14531,14.47,11531,3000,20.646,80.0,44,78.8,60.1,-698.49,-0.0481,707.51,0.0008,-1570.35,-0.1081,1572.85,0.0,-117.25,-0.0081
0.1,0.25,1.25,12356,12.31,10225,2131,17.247,83.333,23,96.9,58.1,-601.74,-0.0487,609.87,0.002,-1343.1,-0.1087,1346.55,0.0,-107.5,-0.0087
0.1,0.25,1.5,10759,10.72,9201,1558,14.481,85.714,13,114.4,73.1,-467.11,-0.0434,475.51,0.0076,-1112.65,-0.1034,1115.65,0.0,-36.75,-0.0034
0.1,0.25,1.7999999999999998,9381,9.34,8219,1162,12.387,87.805,8,134.3,79.3,-412.09,-0.0439,429.08,0.0131,-974.95,-0.1039,979.35,0.0,-36.85,-0.0039
0.1,0.25,2.0,8567,8.53,7602,965,11.264,88.889,7,148.9,79.3,-372.18,-0.0434,388.29,0.0194,-886.2,-0.1034,891.15,0.0001,-29.5,-0.0034
0.1,0.25,2.5,7258,7.23,6582,676,9.314,90.909,3,179.7,84.9,-334.82,-0.0461,351.33,0.0277,-770.3,-0.1061,776.2,0.0004,-44.5,-0.0061
0.1,0.25,3.0,6401,6.38,5907,494,7.718,92.308,3,207.0,149.4,-261.29,-0.0408,279.7,0.0573,-645.35,-0.1008,650.85,0.0012,-5.25,-0.0008
0.1,0.25,4.0,5031,5.01,4736,295,5.864,94.118,1,268.6,170.0,-197.24,-0.0392,219.78,0.1075,-499.1,-0.0992,505.65,0.0052,4.0,0.0008
0.1,0.25,5.0,4052,4.04,3862,190,4.689,95.238,0,339.2,235.5,-146.58,-0.0362,193.62,0.1783,-389.7,-0.0962,400.35,0.0157,15.5,0.0038
0.1,0.25,7.000000000000001,3127,3.11,3024,103,3.294,96.552,0,441.4,697.1,-90.08,-0.0288,146.64,0.3087,-277.7,-0.0888,303.6,0.0472,35.0,0.0112
0.1,0.25,10.0,2229,2.22,2177,52,2.333,97.561,0,626.7,733.2,-64.91,-0.0291,122.4,0.3926,-198.65,-0.0891,228.0,0.103,24.25,0.0109
0.1,0.3,0.3,28331,28.22,13937,14394,50.807,50.0,370,32.1,32.4,-1270.34,-0.0448,1274.1,0.0,-2970.2,-0.1048,2972.4,0.0,-137.1,-0.0048
0.1,0.3,0.5,20866,20.78,12824,8042,38.541,62.5,154,49.5,38.5,-1008.44,-0.0483,1013.32,0.0,-2260.4,-0.1083,2263.6,0.0,-173.8,-0.0083
0.1,0.3,0.7000000000000001,16551,16.49,11460,5091,30.759,70.0,73,67.5,50.2,-787.74,-0.0476,795.84,0.0003,-1780.8,-0.1076,1783.4,0.0,-125.7,-0.0076
0.1,0.3,1.0,12881,12.83,9815,3066,23.802,76.923,34,92.5,50.5,-636.74,-0.0494,648.18,0.0014,-1409.6,-0.1094,1412.9,0.0,-121.5,-0.0094
0.1,0.3,1.25,10897,10.85,8727,2170,19.914,80.645,19,113.7,58.6,-530.28,-0.0487,542.19,0.004,-1184.1,-0.1087,1188.5,0.0,-94.4,-0.0087
0.1,0.3,1.5,9427,9.39,7847,1580,16.76,83.333,10,134.5,79.8,-392.98,-0.0417,405.68,0.0158,-958.6,-0.1017,963.8,0.0001,-15.9,-0.0017
0.1,0.3,1.7999999999999998,8173,8.14,6986,1187,14.523,85.714,5,158.4,80.8,-367.72,-0.045,390.42,0.0202,-858.1,-0.105,866.4,0.0001,-40.8,-0.005
0.1,0.3,2.0,7397,7.37,6418,979,13.235,86.957,3,176.9,80.8,-328.48,-0.0444,348.62,0.0298,-772.3,-0.1044,780.9,0.0004,-32.6,-0.0044
0.1,0.3,2.5,6218,6.19,5530,688,11.065,89.286,3,214.1,93.2,-309.72,-0.0498,333.06,0.0354,-682.8,-0.1098,690.4,0.0008,-61.0,-0.0098
0.1,0.3,3.0,5491,5.47,4988,503,9.16,90.909,3,245.3,149.5,-232.24,-0.0423,260.86,0.076,-561.7,-0.1023,569.4,0.0028,-12.6,-0.0023
0.1,0.3,4.0,4301,4.28,4002,299,6.952,93.023,1,317.9,161.4,-167.44,-0.0389,201.34,0.1439,-425.5,-0.0989,434.0,0.0109,4.6,0.0011
0.1,0.3,5.0,3439,3.43,3247,192,5.583,94.34,0,403.6,237.0,-123.46,-0.0359,179.84,0.2236,-329.8,-0.0959,353.6,0.0284,14.1,0.0041
0.1,0.3,7.000000000000001,2619,2.61,2516,103,3.933,95.89,0,530.7,697.1,-70.96,-0.0271,134.0,0.3731,-228.1,-0.0871,264.8,0.0774,33.8,0.0129
0.1,0.3,10.0,1903,1.9,1850,53,2.785,97.087,0,736.7,734.4,-51.12,-0.0269,114.7,0.4476,-165.3,-0.0869,204.7,0.1427,25.0,0.0131
0.1,0.4,0.3,25030,24.93,10673,14357,57.359,42.857,216,40.8,32.4,-1039.1,-0.0415,1045.4,0.0,-2540.9,-0.1015,2544.3,0.0,-37.9,-0.0015
0.1,0.4,0.5,17940,17.87,9902,8038,44.805,55.556,96,62.9,38.5,-775.8,-0.0432,784.62,0.0004,-1852.2,-0.1032,1856.4,0.0,-58.2,-0.0032
0.1,0.4,0.7000000000000001,13986,13.93,8861,5125,36.644,63.636,56,85.6,50.2,-602.54,-0.0431,613.72,0.002,-1441.7,-0.1031,1445.2,0.0,-43.1,-0.0031
0.1,0.4,1.0,10782,10.74,7665,3117,28.909,71.429,24,116.1,50.5,-482.28,-0.0447,495.72,0.0065,-1129.2,-0.1047,1135.7,0.0,-51.0,-0.0047
0.1,0.4,1.25,9026,8.99,6823,2203,24.407,75.758,12,142.6,70.8,-385.59,-0.0427,404.67,0.0168,-927.15,-0.1027,934.65,0.0001,-24.55,-0.0027
0.1,0.4,1.5,7724,7.69,6116,1608,20.818,78.947,8,170.0,83.6,-274.56,-0.0355,289.6,0.0509,-738.0,-0.0955,743.7,0.0005,34.4,0.0045
0.1,0.4,1.7999999999999998,6676,6.65,5476,1200,17.975,81.818,4,199.4,83.6,-236.64,-0.0354,267.04,0.0737,-637.2,-0.0954,647.7,0.0013,30.4,0.0046
0.1,0.4,2.0,6061,6.04,5068,993,16.383,83.333,2,221.6,83.6,-201.24,-0.0332,231.36,0.1049,-564.9,-0.0932,575.7,0.0028,41.2,0.0068
0.1,0.4,2.5,5000,4.98,4306,694,13.88,86.207,2,272.2,93.2,-212.6,-0.0425,247.94,0.0924,-512.6,-0.1025,525.7,0.0046,-12.6,-0.0025
0.1,0.4,3.0,4414,4.4,3906,508,11.509,88.235,2,310.9,149.5,-138.16,-0.0313,179.64,0.1927,-403.0,-0.0913,415.7,0.0136,38.4,0.0087
0.1,0.4,4.0,3450,3.44,3150,300,8.696,90.909,0,402.0,161.4,-78.0,-0.0226,125.36,0.3492,-285.0,-0.0826,303.2,0.044,60.0,0.0174
0.1,0.4,5.0,2717,2.71,2524,193,7.103,92.593,0,516.7,267.4,-64.08,-0.0236,124.56,0.4022,-227.1,-0.0836,263.4,0.0787,44.6,0.0164
0.1,0.4,7.000000000000001,2083,2.07,1979,104,4.993,94.595,0,672.7,697.1,-19.72,-0.0095,90.68,0.6185,-144.7,-0.0695,195.2,0.1771,63.6,0.0305
0.1,0.4,10.0,1514,1.51,1461,53,3.501,96.154,0,931.2,734.8,-6.16,-0.0041,83.08,0.6994,-97.0,-0.0641,148.1,0.2818,54.4,0.0359
0.1,0.5,0.3,22443,22.35,8451,13992,62.345,37.5,133,49.0,45.4,-869.82,-0.0388,878.64,0.0001,-2216.4,-0.0988,2220.4,0.0,27.9,0.0012
0.1,0.5,0.5,15798,15.74,7912,7886,49.918,50.0,52,75.5,57.5,-618.92,-0.0392,636.22,0.0017,-1566.8,-0.0992,1571.4,0.0,13.0,0.0008
0.1,0.5,0.7000000000000001,12171,12.12,7109,5062,41.591,58.333,37,102.7,57.5,-475.74,-0.0391,492.82,0.0069,-1206.0,-0.0991,1212.4,0.0,11.1,0.0009
0.1,0.5,1.0,9250,9.21,6176,3074,33.232,66.667,15,139.7,57.2,-356.0,-0.0385,378.0,0.0225,-911.0,-0.0985,920.5,0.0001,14.0,0.0015
0.1,0.5,1.25,7695,7.66,5519,2176,28.278,71.429,6,171.7,64.2,-268.3,-0.0349,290.2,0.0537,-730.0,-0.0949,739.0,0.0005,39.5,0.0051
0.1,0.5,1.5,6526,6.5,4918,1608,24.64,75.0,4,205.7,88.6,-214.04,-0.0328,239.4,0.0921,-605.6,-0.0928,613.2,0.0018,47.0,0.0072
0.1,0.5,1.7999999999999998,5648,5.63,4447,1201,21.264,78.261,2,240.7,96.2,-164.22,-0.0291,209.3,0.1503,-503.1,-0.0891,520.5,0.0051,61.7,0.0109
0.1,0.5,2.0,5103,5.08,4111,992,19.44,80.0,1,267.6,96.2,-132.62,-0.026,179.64,0.2062,-438.8,-0.086,457.9,0.0096,71.5,0.014
0.1,0.5,2.5,4191,4.17,3497,694,16.559,83.333,1,329.1,111.4,-154.14,-0.0368,205.56,0.1643,-405.6,-0.0968,427.4,0.0133,13.5,0.0032
0.1,0.5,3.0,3668,3.65,3162,506,13.795,85.714,1,378.7,149.5,-83.72,-0.0228,138.08,0.3298,-303.8,-0.0828,328.7,0.0365,63.0,0.0172
0.1,0.5,4.0,2876,2.86,2573,303,10.535,88.889,0,486.6,161.4,-40.54,-0.0141,99.6,0.5032,-213.1,-0.0741,247.0,0.0895,74.5,0.0259
0.1,0.5,5.0,2234,2.23,2040,194,8.684,90.909,0,632.9,469.4,-39.36,-0.0176,110.06,0.5116,-173.4,-0.0776,223.4,0.1338,50.0,0.0224
0.1,0.5,7.000000000000001,1695,1.69,1591,104,6.136,93.333,0,831.0,697.1,-0.3,-0.0002,83.88,0.7481,-102.0,-0.0602,163.5,0.2704,67.5,0.0398
0.1,0.5,10.0,1236,1.23,1183,53,4.288,95.238,0,1144.8,734.8,12.06,0.0098,75.68,0.8367,-62.1,-0.0502,123.7,0.3983,61.5,0.0498
0.1,0.6,0.3,20172,20.09,6736,13436,66.607,33.333,96,57.3,45.5,-796.08,-0.0395,805.14,0.0003,-2006.4,-0.0995,2011.8,0.0,10.8,0.0005
0.1,0.6,0.5,13980,13.92,6333,7647,54.7,45.455,37,88.6,64.2,-582.9,-0.0417,593.18,0.0024,-1421.7,-0.1017,1427.4,0.0,-23.7,-0.0017
0.1,0.6,0.7000000000000001,10620,10.58,5717,4903,46.168,53.846,29,120.8,64.2,-426.7,-0.0402,446.24,0.0112,-1063.9,-0.1002,1071.0,0.0,-1.9,-0.0002
0.1,0.6,1.0,8048,8.02,5040,3008,37.376,62.5,14,164.1,64.2,-305.92,-0.038,330.4,0.0368,-788.8,-0.098,797.8,0.0003,16.0,0.002
0.1,0.6,1.25,6561,6.53,4437,2124,32.373,67.568,7,204.8,92.9,-255.24,-0.0389,282.67,0.0608,-648.9,-0.0989,659.0,0.0012,7.2,0.0011
0.1,0.6,1.5,5603,5.58,4028,1575,28.11,71.429,5,242.9,92.9,-169.82,-0.0303,214.48,0.1423,-506.0,-0.0903,520.5,0.0049,54.3,0.0097
0.1,0.6,1.7999999999999998,4842,4.82,3656,1186,24.494,75.0,3,283.9,92.9,-134.88,-0.0279,187.2,0.2001,-425.4,-0.0879,445.5,0.0109,58.8,0.0121
0.1,0.6,2.0,4372,4.35,3394,978,22.37,76.923,2,315.4,92.9,-94.48,-0.0216,148.52,0.3,-356.8,-0.0816,380.9,0.0217,80.4,0.0184
0.1,0.6,2.5,3560,3.55,2880,680,19.101,80.645,1,390.3,153.8,-114.4,-0.0321,166.9,0.2436,-328.0,-0.0921,351.0,0.0287,28.0,0.0079
0.1,0.6,3.0,3158,3.15,2650,508,16.086,83.333,1,442.6,153.8,-60.32,-0.0191,116.64,0.413,-249.8,-0.0791,280.8,0.062,66.0,0.0209
0.1,0.6,4.0,2429,2.42,2129,300,12.351,86.957,0,579.4,161.4,-19.76,-0.0081,85.72,0.6172,-165.5,-0.0681,205.0,0.1436,77.4,0.0319
0.1,0.6,5.0,1890,1.88,1699,191,10.106,89.286,0,750.8,469.7,-11.2,-0.0059,87.36,0.6773,-124.6,-0.0659,181.5,0.2178,64.4,0.0341
0.1,0.6,7.000000000000001,1457,1.45,1352,105,7.207,92.105,0,969.3,697.1,17.92,0.0123,80.32,0.8914,-69.5,-0.0477,134.3,0.3717,76.2,0.0523
0.1,0.6,10.0,1053,1.05,1000,53,5.033,94.34,0,1346.6,734.8,27.88,0.0265,76.48,0.977,-35.3,-0.0335,100.4,0.5192,70.0,0.0665
0.1,0.8,0.3,16829,16.76,4638,12191,72.44,27.273,49,73.7,56.1,-620.06,-0.0368,630.82,0.0017,-1629.8,-0.0968,1635.3,0.0,53.1,0.0032
0.1,0.8,0.5,11367,11.32,4376,6991,61.503,38.462,19,114.7,64.2,-449.38,-0.0395,465.46,0.0089,-1131.4,-0.0995,1137.5,0.0,5.3,0.0005
0.1,0.8,0.7000000000000001,8600,8.57,4034,4566,53.093,46.667,16,155.0,64.2,-313.0,-0.0364,336.64,0.0343,-829.0,-0.0964,836.6,0.0002,31.0,0.0036
0.1,0.8,1.0,6371,6.35,3560,2811,44.122,55.556,5,213.4,74.9,-217.84,-0.0342,256.6,0.0877,-600.1,-0.0942,616.7,0.0019,37.0,0.0058
0.1,0.8,1.25,5173,5.15,3180,1993,38.527,60.976,4,265.4,94.5,-154.17,-0.0298,204.14,0.1652,-464.55,-0.0898,483.8,0.0074,52.75,0.0102
0.1,0.8,1.5,4427,4.41,2917,1510,34.109,65.217,3,313.0,94.5,-108.48,-0.0245,165.56,0.2594,-374.1,-0.0845,400.2,0.0182,68.6,0.0155
0.1,0.8,1.7999999999999998,3775,3.76,2637,1138,30.146,69.231,1,369.0,106.9,-89.8,-0.0238,155.4,0.3107,-316.3,-0.0838,349.6,0.0322,61.2,0.0162
0.1,0.8,2.0,3397,3.38,2453,944,27.789,71.429,0,411.8,106.9,-61.48,-0.0181,120.0,0.413,-265.3,-0.0781,296.1,0.0537,74.4,0.0219
0.1,0.8,2.5,2822,2.81,2159,663,23.494,75.758,0,497.8,153.8,-43.18,-0.0153,107.78,0.491,-212.5,-0.0753,252.2,0.0902,69.7,0.0247
0.1,0.8,3.0,2432,2.42,1938,494,20.312,78.947,0,580.6,153.8,-28.88,-0.0119,93.48,0.5613,-174.8,-0.0719,217.6,0.1303,68.4,0.0281
0.1,0.8,4.0,1862,1.85,1569,293,15.736,83.333,0,760.6,290.1,8.72,0.0047,79.84,0.8158,-103.0,-0.0553,157.3,0.2667,83.2,0.0447
0.1,0.8,5.0,1448,1.44,1263,185,12.776,86.207,0,984.8,267.4,27.48,0.019,69.84,0.9953,-59.4,-0.041,124.8,0.4173,85.4,0.059
0.1,0.8,7.000000000000001,1109,1.1,1006,103,9.288,89.744,0,1278.4,697.2,39.44,0.0356,75.88,1.1025,-27.1,-0.0244,109.3,0.5666,83.8,0.0756
0.1,0.8,10.0,809,0.81,757,52,6.428,92.593,0,1757.6,735.7,53.24,0.0658,69.32,1.2581,4.7,0.0058,81.7,0.7741,85.6,0.1058
0.1,1.0,0.3,14454,14.4,3404,11050,76.449,23.077,27,89.0,67.2,-489.16,-0.0338,504.92,0.006,-1356.4,-0.0938,1363.1,0.0,89.0,0.0062
0.1,1.0,0.5,9764,9.73,3291,6473,66.295,33.333,16,137.0,56.2,-336.06,-0.0344,351.96,0.0272,-921.9,-0.0944,929.1,0.0001,54.5,0.0056
0.1,1.0,0.7000000000000001,7240,7.21,3019,4221,58.301,41.176,13,188.2,66.1,-225.3,-0.0311,251.42,0.0815,-659.7,-0.0911,670.4,0.0011,64.3,0.0089
0.1,1.0,1.0,5346,5.32,2707,2639,49.364,50.0,4,258.0,75.2,-145.84,-0.0273,190.72,0.178,-466.6,-0.0873,484.0,0.0072,68.0,0.0127
0.1,1.0,1.25,4246,4.23,2389,1857,43.735,55.556,4,328.1,115.5,-102.09,-0.024,164.28,0.2763,-356.85,-0.084,387.45,0.0216,67.75,0.016
0.1,1.0,1.5,3683,3.67,2245,1438,39.044,60.0,3,380.5,124.9,-59.32,-0.0161,121.04,0.4197,-280.3,-0.0761,306.2,0.046,88.0,0.0239
0.1,1.0,1.7999999999999998,3112,3.1,2028,1084,34.833,64.286,1,451.8,138.1,-47.68,-0.0153,102.56,0.4698,-234.4,-0.0753,266.6,0.0725,76.8,0.0247
0.1,1.0,2.0,2799,2.79,1894,905,32.333,66.667,0,504.0,138.8,-27.96,-0.01,96.6,0.5728,-195.9,-0.07,229.8,0.1067,84.0,0.03
0.1,1.0,2.5,2341,2.33,1700,641,27.381,71.429,0,604.8,141.9,3.86,0.0016,77.34,0.7791,-136.6,-0.0584,191.3,0.1911,97.5,0.0416
0.1,1.0,3.0,1990,1.98,1510,480,24.121,75.0,0,713.1,162.6,-9.6,-0.0048,85.12,0.676,-129.0,-0.0648,177.3,0.2047,70.0,0.0352
0.1,1.0,4.0,1495,1.49,1217,278,18.595,80.0,0,953.4,330.1,45.2,0.0302,66.84,1.1772,-44.5,-0.0298,110.6,0.4799,105.0,0.0702
0.1,1.0,5.0,1153,1.15,975,178,15.438,83.333,0,1240.7,481.0,38.88,0.0337,65.76,1.1165,-30.3,-0.0263,102.9,0.5588,85.0,0.0737
0.1,1.0,7.000000000000001,901,0.9,799,102,11.321,87.5,0,1576.4,697.2,48.96,0.0543,77.76,1.2065,-5.1,-0.0057,99.1,0.7025,85.0,0.0943
0.1,1.0,10.0,652,0.65,601,51,7.822,90.909,0,2183.9,737.1,64.92,0.0996,63.84,1.4134,25.8,0.0396,72.2,0.9557,91.0,0.1396
0.1,1.5,0.3,10548,10.51,1789,8759,83.039,16.667,12,127.4,74.3,-366.12,-0.0347,384.02,0.0202,-999.0,-0.0947,1006.6,0.0,55.8,0.0053
0.1,1.5,0.5,6876,6.85,1740,5136,74.695,25.0,5,200.9,74.8,-233.04,-0.0339,267.48,0.0751,-645.6,-0.0939,654.4,0.0012,42.0,0.0061
0.1,1.5,0.7000000000000001,5133,5.11,1657,3476,67.719,31.818,4,272.0,92.3,-153.02,-0.0298,193.76,0.1652,-461.0,-0.0898,482.2,0.0076,52.3,0.0102
0.1,1.5,1.0,3730,3.72,1513,2217,59.437,40.0,2,377.1,125.6,-96.7,-0.0259,155.9,0.2872,-320.5,-0.0859,349.9,0.0306,52.5,0.0141
0.1,1.5,1.25,3046,3.03,1409,1637,53.743,45.455,2,464.0,116.4,-54.59,-0.0179,118.57,0.4352,-237.35,-0.0779,276.85,0.0699,67.25,0.0221
0.1,1.5,1.5,2575,2.56,1313,1262,49.01,50.0,2,551.3,144.8,-26.5,-0.0103,99.82,0.5742,-181.0,-0.0703,226.0,0.1224,76.5,0.0297
0.1,1.5,1.7999999999999998,2166,2.16,1205,961,44.367,54.545,1,656.5,144.9,-8.94,-0.0041,91.9,0.683,-138.9,-0.0641,190.1,0.1861,77.7,0.0359
0.1,1.5,2.0,1987,1.98,1158,829,41.721,57.143,0,716.2,171.2,-0.48,-0.0002,77.86,0.7394,-119.7,-0.0602,170.8,0.2243,79.0,0.0398
0.1,1.5,2.5,1604,1.6,1021,583,36.347,62.5,0,889.6,171.2,9.84,0.0061,80.14,0.8182,-86.4,-0.0539,140.4,0.3123,74.0,0.0461
0.1,1.5,3.0,1342,1.34,912,430,32.042,66.667,0,1065.4,188.8,24.32,0.0181,70.08,0.9457,-56.2,-0.0419,105.7,0.4225,78.0,0.0581
0.1,1.5,4.0,1027,1.02,761,266,25.901,72.727,0,1392.9,508.1,36.42,0.0355,73.5,1.0627,-25.2,-0.0245,95.6,0.5736,77.5,0.0755
0.1,1.5,5.0,802,0.8,628,174,21.696,76.923,0,1789.7,508.1,39.92,0.0498,66.54,1.1098,-8.2,-0.0102,81.1,0.6857,72.0,0.0898
0.1,1.5,7.000000000000001,613,0.61,514,99,16.15,82.353,0,2324.2,703.2,53.48,0.0872,73.96,1.2499,16.7,0.0272,82.0,0.8651,78.0,0.1272
0.1,1.5,10.0,442,0.44,392,50,11.312,86.957,0,3227.9,999.7,70.32,0.1591,67.02,1.4793,43.8,0.0991,72.6,1.1347,88.0,0.1991
0.1,2.0,0.3,8423,8.39,1125,7298,86.644,13.043,5,162.9,111.0,-276.32,-0.0328,294.2,0.0489,-781.7,-0.0928,790.9,0.0003,60.6,0.0072
0.1,2.0,0.5,5458,5.44,1117,4341,79.535,20.0,1,256.7,118.8,-154.82,-0.0284,199.48,0.1615,-482.3,-0.0884,496.2,0.0061,63.5,0.0116
0.1,2.0,0.7000000000000001,4008,3.99,1062,2946,73.503,25.926,2,352.4,142.8,-98.52,-0.0246,147.3,0.2815,-339.0,-0.0846,364.5,0.0254,61.8,0.0154
0.1,2.0,1.0,2901,2.89,994,1907,65.736,33.333,1,490.0,146.7,-35.04,-0.0121,101.8,0.5259,-209.1,-0.0721,251.5,0.0921,81.0,0.0279
0.1,2.0,1.25,2321,2.31,909,1412,60.836,38.462,1,613.5,147.2,-39.84,-0.0172,114.12,0.5019,-179.1,-0.0772,233.55,0.1246,53.0,0.0228
0.1,2.0,1.5,1967,1.96,871,1096,55.719,42.857,1,725.4,240.0,19.32,0.0098,83.16,0.9019,-98.7,-0.0502,157.8,0.2769,98.0,0.0498
0.1,2.0,1.7999999999999998,1672,1.67,812,860,51.435,47.368,1,854.8,157.2,9.12,0.0055,89.76,0.8105,-91.2,-0.0545,150.1,0.297,76.0,0.0455
0.1,2.0,2.0,1484,1.48,761,723,48.72,50.0,0,964.1,172.1,16.64,0.0112,81.72,0.8777,-72.4,-0.0488,134.5,0.3601,76.0,0.0512
0.1,2.0,2.5,1212,1.21,695,517,42.657,55.556,0,1174.9,211.8,49.02,0.0404,69.7,1.2078,-23.7,-0.0196,94.8,0.5835,97.5,0.0804
0.1,2.0,3.0,1048,1.04,643,405,38.645,60.0,0,1358.8,245.2,29.08,0.0277,80.12,0.9781,-33.8,-0.0323,100.4,0.5214,71.0,0.0677
0.1,2.0,4.0,761,0.76,521,240,31.537,66.667,0,1876.5,511.3,51.56,0.0678,73.16,1.2405,5.9,0.0078,86.9,0.7856,82.0,0.1078
0.1,2.0,5.0,601,0.6,440,161,26.789,71.429,0,2373.0,434.8,50.96,0.0848,77.56,1.2393,14.9,0.0248,87.9,0.864,75.0,0.1248
0.1,2.0,7.000000000000001,468,0.47,376,92,19.658,77.778,0,3049.0,705.2,89.28,0.1908,67.92,1.79,61.2,0.1308,71.9,1.3519,108.0,0.2308
0.1,2.0,10.0,332,0.33,285,47,14.157,83.333,0,4302.6,1020.1,86.72,0.2612,64.84,1.7491,66.8,0.2012,69.1,1.4333,100.0,0.3012
0.1,3.0,0.3,5982,5.96,572,5410,90.438,9.091,2,234.3,178.8,-146.28,-0.0245,191.66,0.1755,-505.2,-0.0845,522.2,0.0048,93.0,0.0155
0.1,3.0,0.5,3844,3.83,566,3278,85.276,14.286,1,369.2,157.6,-94.76,-0.0247,154.84,0.2898,-325.4,-0.0847,355.9,0.0288,59.0,0.0153
0.1,3.0,0.7000000000000001,2843,2.83,549,2294,80.689,18.919,1,500.6,146.2,-72.52,-0.0255,133.94,0.3591,-243.1,-0.0855,282.8,0.0651,41.2,0.0145
0.1,3.0,1.0,1984,1.98,515,1469,74.042,25.0,1,716.9,159.9,-3.36,-0.0017,95.2,0.7154,-122.4,-0.0617,176.4,0.2174,76.0,0.0383
0.1,3.0,1.25,1640,1.63,496,1144,69.756,29.412,1,873.8,154.4,-7.6,-0.0046,97.98,0.6804,-106.0,-0.0646,168.9,0.2542,58.0,0.0354
0.1,3.0,1.5,1390,1.38,484,906,65.18,33.333,1,1032.2,182.9,37.4,0.0269,85.12,1.0592,-46.0,-0.0331,121.9,0.4598,93.0,0.0669
0.1,3.0,1.7999999999999998,1138,1.13,447,691,60.721,37.5,1,1253.3,240.5,51.68,0.0454,76.88,1.2292,-16.6,-0.0146,102.6,0.6208,97.2,0.0854
0.1,3.0,2.0,1013,1.01,423,590,58.243,40.0,0,1409.0,205.9,48.48,0.0479,74.88,1.1956,-12.3,-0.0121,95.2,0.6509,89.0,0.0879
0.1,3.0,2.5,849,0.85,403,446,52.532,45.455,0,1692.5,542.5,60.04,0.0707,71.42,1.3243,9.1,0.0107,86.9,0.7956,94.0,0.1107
0.1,3.0,3.0,691,0.69,360,331,47.902,50.0,0,2067.9,625.1,59.36,0.0859,73.76,1.3269,17.9,0.0259,85.4,0.8764,87.0,0.1259
0.1,3.0,4.0,536,0.53,318,218,40.672,57.143,0,2668.4,624.7,60.56,0.113,77.52,1.3313,28.4,0.053,87.3,0.965,82.0,0.153
0.1,3.0,5.0,427,0.43,279,148,34.66,62.5,0,3374.9,483.8,79.92,0.1872,71.84,1.6238,54.3,0.1272,75.7,1.2569,97.0,0.2272
0.1,3.0,7.000000000000001,352,0.35,257,95,26.989,70.0,0,4059.3,842.0,91.92,0.2611,72.08,1.7537,70.8,0.2011,76.7,1.4199,106.0,0.3011
0.1,3.0,10.0,226,0.23,182,44,19.469,76.923,0,6326.9,1201.2,96.96,0.429,61.8,1.9224,83.4,0.369,64.5,1.6789,106.0,0.469
0.1,5.0,0.3,3861,3.85,233,3628,93.965,5.66,1,366.8,428.1,-77.84,-0.0202,125.96,0.3407,-309.5,-0.0802,334.7,0.0335,76.6,0.0198
0.1,5.0,0.5,2453,2.44,234,2219,90.461,9.091,1,581.5,428.1,-37.62,-0.0153,112.62,0.5029,-184.8,-0.0753,234.0,0.1153,60.5,0.0247
0.1,5.0,0.7000000000000001,1802,1.79,232,1570,87.125,12.281,1,794.1,456.6,-11.08,-0.0061,106.2,0.6503,-119.2,-0.0661,181.1,0.2204,61.0,0.0339
0.1,5.0,1.0,1260,1.25,222,1038,82.381,16.667,1,1133.8,456.8,21.6,0.0171,87.68,0.9004,-54.0,-0.0429,127.1,0.4226,72.0,0.0571
0.1,5.0,1.25,1030,1.03,215,815,79.126,20.0,1,1388.1,529.5,15.05,0.0146,89.78,0.8404,-46.75,-0.0454,121.75,0.4527,56.25,0.0546
0.1,5.0,1.5,815,0.81,198,617,75.706,23.077,1,1762.7,529.5,31.9,0.0391,83.42,1.0093,-17.0,-0.0209,101.5,0.6188,64.5,0.0791
0.1,5.0,1.7999999999999998,688,0.69,193,495,71.948,26.471,1,2081.6,529.5,46.48,0.0676,81.12,1.162,5.2,0.0076,95.4,0.7688,74.0,0.1076
0.1,5.0,2.0,619,0.62,189,430,69.467,28.571,0,2313.3,456.8,60.24,0.0973,71.48,1.3319,23.1,0.0373,81.2,0.9186,85.0,0.1373
0.1,5.0,2.5,503,0.5,178,325,64.612,33.333,0,2858.5,529.2,57.38,0.1141,73.5,1.2907,27.2,0.0541,82.5,0.9543,77.5,0.1541
0.1,5.0,3.0,432,0.43,172,260,60.185,37.5,0,3307.5,625.3,62.72,0.1452,69.28,1.3495,36.8,0.0852,76.3,1.0413,80.0,0.1852
0.1,5.0,4.0,328,0.33,156,172,52.439,44.444,0,4357.1,625.5,78.88,0.2405,74.68,1.5821,59.2,0.1805,80.2,1.2995,92.0,0.2805
0.1,5.0,5.0,252,0.25,137,115,45.635,50.0,0,5673.8,863.6,99.92,0.3965,67.36,1.9836,84.8,0.3365,70.9,1.7055,110.0,0.4365
0.1,5.0,7.000000000000001,191,0.19,121,70,36.649,58.333,0,7488.4,915.7,107.36,0.5621,64.8,2.1116,95.9,0.5021,67.5,1.8834,115.0,0.6021
0.1,5.0,10.0,121,0.12,86,35,28.926,66.667,0,11825.5,1839.6,75.16,0.6212,65.68,1.5841,67.9,0.5612,66.7,1.4733,80.0,0.6612
0.16,0.1,0.3,22590,22.5,15802,6788,30.049,75.0,1462,10.0,7.6,-1359.8,-0.0602,1360.14,0.0,-2715.2,-0.1202,2715.2,0.0,-456.2,-0.0202
0.16,0.1,0.5,20275,20.19,16404,3871,19.092,83.333,539,14.5,7.6,-1106.1,-0.0546,1106.88,0.0,-2322.6,-0.1146,2322.6,0.0,-295.1,-0.0146
0.16,0.1,0.7000000000000001,18508,18.43,15941,2567,13.87,87.5,260,19.2,20.3,-943.12,-0.051,944.38,0.0001,-2053.6,-0.111,2053.6,0.0,-202.8,-0.011
0.16,0.1,1.0,16646,16.58,15006,1640,9.852,90.909,103,27.4,44.6,-805.24,-0.0484,807.22,0.0003,-1804.0,-0.1084,1804.0,0.0,-139.4,-0.0084
0.16,0.1,1.25,15345,15.28,14140,1205,7.853,92.593,54,33.6,53.1,-706.05,-0.046,708.0,0.0008,-1626.75,-0.106,1626.75,0.0,-92.25,-0.006
0.16,0.1,1.5,14268,14.21,13343,925,6.483,93.75,31,41.7,60.8,-623.92,-0.0437,625.84,0.0017,-1480.0,-0.1037,1480.0,0.0,-53.2,-0.0037
0.16,0.1,1.7999999999999998,13331,13.28,12610,721,5.408,94.737,22,48.5,60.8,-570.04,-0.0428,572.56,0.0029,-1369.9,-0.1028,1369.9,0.0,-36.8,-0.0028
0.16,0.1,2.0,12713,12.66,12083,630,4.956,95.238,20,53.9,60.8,-560.22,-0.0441,562.74,0.0032,-1323.0,-0.1041,1323.0,0.0,-51.7,-0.0041
0.16,0.1,2.5,11382,11.34,10921,461,4.05,96.154,8,66.8,77.6,-515.68,-0.0453,517.96,0.0049,-1198.6,-0.1053,1198.6,0.0,-60.4,-0.0053
0.16,0.1,3.0,10458,10.42,10102,356,3.404,96.774,7,78.1,124.8,-476.12,-0.0455,479.78,0.0072,-1103.6,-0.1055,1103.6,0.0,-57.8,-0.0055
0.16,0.1,4.0,8629,8.59,8411,218,2.526,97.561,3,108.7,167.1,-376.06,-0.0436,380.1,0.0194,-893.8,-0.1036,893.8,0.0001,-30.9,-0.0036
0.16,0.1,5.0,7701,7.67,7545,156,2.026,98.039,2,130.9,253.2,-333.54,-0.0433,335.94,0.029,-795.6,-0.1033,795.6,0.0003,-25.5,-0.0033
0.16,0.1,7.000000000000001,6076,6.05,5987,89,1.465,98.592,1,181.3,662.0,-267.34,-0.044,288.94,0.0547,-631.9,-0.104,631.9,0.0014,-24.3,-0.004
0.16,0.1,10.0,4499,4.48,4455,44,0.978,99.01,0,266.1,662.0,-174.46,-0.0388,193.4,0.1376,-444.4,-0.0988,444.4,0.0092,5.5,0.0012
0.16,0.16,0.3,21755,21.67,13612,8143,37.43,65.217,896,14.3,9.5,-1135.18,-0.0522,1136.7,0.0,-2440.48,-0.1122,2440.7,0.0,-264.98,-0.0122
0.16,0.16,0.5,18684,18.61,13836,4848,25.947,75.758,329,22.0,11.8,-957.6,-0.0513,960.18,0.0001,-2078.64,-0.1113,2079.24,0.0,-210.24,-0.0113
0.16,0.16,0.7000000000000001,16478,16.41,13248,3230,19.602,81.395,165,29.8,20.3,-800.44,-0.0486,802.84,0.0003,-1789.12,-0.1086,1790.26,0.0,-141.32,-0.0086
0.16,0.16,1.0,14316,14.26,12260,2056,14.362,86.207,71,42.9,44.7,-667.04,-0.0466,672.8,0.0011,-1526.0,-0.1066,1527.2,0.0,-94.4,-0.0066
0.16,0.16,1.25,12846,12.79,11343,1503,11.7,88.652,40,53.3,53.1,-577.71,-0.045,581.4,0.0027,-1348.47,-0.105,1350.09,0.0,-63.87,-0.005
0.16,0.16,1.5,11617,11.57,10455,1162,10.003,90.361,21,65.4,57.9,-534.88,-0.046,540.08,0.0041,-1231.9,-0.106,1233.46,0.0,-70.2,-0.006
0.16,0.16,1.7999999999999998,10676,10.63,9786,890,8.336,91.837,16,76.4,79.2,-463.28,-0.0434,469.8,0.0083,-1103.84,-0.1034,1105.94,0.0,-36.24,-0.0034
0.16,0.16,2.0,10076,10.04,9310,766,7.602,92.593,13,84.9,79.2,-445.44,-0.0442,450.0,0.0098,-1050.0,-0.1042,1052.1,0.0,-42.4,-0.0042
0.16,0.16,2.5,8752,8.72,8204,548,6.261,93.985,6,106.4,148.9,-407.44,-0.0466,411.64,0.0141,-932.56,-0.1066,934.66,0.0001,-57.36,-0.0066
0.16,0.16,3.0,7916,7.88,7495,421,5.318,94.937,5,124.0,148.9,-380.44,-0.0481,385.96,0.0182,-855.4,-0.1081,856.96,0.0002,-63.8,-0.0081
0.16,0.16,4.0,6351,6.33,6102,249,3.921,96.154,2,169.8,191.2,-273.72,-0.0431,295.56,0.0523,-654.78,-0.1031,656.82,0.0012,-19.68,-0.0031
0.16,0.16,5.0,5299,5.28,5129,170,3.208,96.899,2,217.8,243.2,-241.32,-0.0455,260.16,0.0713,-559.26,-0.1055,561.24,0.003,-29.36,-0.0055
0.16,0.16,7.000000000000001,4286,4.27,4190,96,2.24,97.765,0,282.4,662.0,-173.04,-0.0404,213.72,0.1376,-430.2,-0.1004,436.9,0.0105,-1.6,-0.0004
0.16,0.16,10.0,3157,3.14,3109,48,1.52,98.425,0,404.3,731.8,-108.84,-0.0345,146.56,0.2592,-298.26,-0.0945,309.36,0.0389,17.44,0.0055
0.16,0.2,0.3,21185,21.1,12291,8894,41.983,60.0,680,17.1,11.6,-1057.4,-0.0499,1060.12,0.0,-2328.5,-0.1099,2329.3,0.0,-210.0,-0.0099
0.16,0.2,0.5,17754,17.68,12407,5347,30.117,71.429,258,27.1,26.4,-902.26,-0.0508,906.34,0.0001,-1967.5,-0.1108,1968.8,0.0,-192.1,-0.0108
0.16,0.2,0.7000000000000001,15366,15.3,11823,3543,23.057,77.778,127,37.3,26.4,-730.14,-0.0475,734.46,0.0006,-1652.1,-0.1075,1653.9,0.0,-115.5,-0.0075
0.16,0.2,1.0,13107,13.05,10846,2261,17.25,83.333,57,53.3,39.0,-616.08,-0.047,626.0,0.0018,-1402.5,-0.107,1404.4,0.0,-91.8,-0.007
0.16,0.2,1.25,11637,11.59,9990,1647,14.153,86.207,32,65.9,53.1,-526.23,-0.0452,534.28,0.0045,-1224.45,-0.1052,1227.05,0.0,-60.75,-0.0052
0.16,0.2,1.5,10375,10.33,9132,1243,11.981,88.235,18,81.5,57.9,-453.1,-0.0437,462.54,0.0092,-1075.6,-0.1037,1078.1,0.0,-38.1,-0.0037
0.16,0.2,1.7999999999999998,9447,9.41,8494,953,10.088,90.0,14,95.0,79.2,-394.48,-0.0418,405.12,0.0163,-961.3,-0.1018,964.7,0.0001,-16.6,-0.0018
0.16,0.2,2.0,8913,8.88,8093,820,9.2,90.909,10,104.5,79.2,-377.92,-0.0424,389.76,0.019,-912.7,-0.1024,916.1,0.0001,-21.4,-0.0024
0.16,0.2,2.5,7672,7.64,7083,589,7.677,92.593,4,131.0,148.9,-362.78,-0.0473,370.08,0.0217,-823.1,-0.1073,826.5,0.0002,-55.9,-0.0073
0.16,0.2,3.0,6815,6.79,6371,444,6.515,93.75,4,155.0,148.9,-330.4,-0.0485,337.6,0.0296,-739.3,-0.1085,741.8,0.0005,-57.8,-0.0085
0.16,0.2,4.0,5452,5.43,5185,267,4.897,95.238,1,209.2,191.2,-249.08,-0.0457,280.44,0.0658,-576.2,-0.1057,579.2,0.0025,-31.0,-0.0057
0.16,0.2,5.0,4552,4.53,4374,178,3.91,96.154,0,265.6,337.4,-197.28,-0.0433,231.84,0.1094,-470.4,-0.1033,473.6,0.0071,-15.2,-0.0033
0.16,0.2,7.000000000000001,3596,3.58,3498,98,2.725,97.222,0,349.4,662.0,-130.24,-0.0362,183.68,0.2098,-346.0,-0.0962,363.2,0.0242,13.6,0.0038
0.16,0.2,10.0,2634,2.62,2583,51,1.936,98.039,0,497.4,731.9,-98.76,-0.0375,148.2,0.2818,-256.8,-0.0975,272.5,0.0579,6.6,0.0025
0.16,0.25,0.3,20426,20.34,10816,9610,47.048,54.545,503,21.1,13.6,-996.04,-0.0488,998.78,0.0,-2221.6,-0.1088,2222.85,0.0,-179.0,-0.0088
0.16,0.25,0.5,16669,16.6,10866,5803,34.813,66.667,197,34.1,43.8,-851.76,-0.0511,854.58,0.0002,-1851.9,-0.1111,1853.55,0.0,-185.0,-0.0111
0.16,0.25,0.7000000000000001,14155,14.1,10296,3859,27.262,73.684,93,47.5,57.8,-693.5,-0.049,696.85,0.0009,-1542.8,-0.109,1545.05,0.0,-127.3,-0.009
0.16,0.25,1.0,11858,11.81,9407,2451,20.67,80.0,42,67.5,57.8,-573.57,-0.0484,584.63,0.0028,-1285.05,-0.1084,1287.95,0.0,-99.25,-0.0084
0.16,0.25,1.25,10416,10.37,8642,1774,17.031,83.333,22,83.1,58.1,-473.64,-0.0455,483.99,0.0074,-1098.6,-0.1055,1100.85,0.0,-57.0,-0.0055
0.16,0.25,1.5,9182,9.15,7849,1333,14.518,85.714,13,102.9,66.2,-404.53,-0.0441,415.03,0.0147,-955.45,-0.1041,958.45,0.0001,-37.25,-0.0041
0.16,0.25,1.7999999999999998,8210,8.18,7203,1007,12.266,87.805,9,121.7,79.3,-340.25,-0.0414,351.68,0.0276,-832.85,-0.1014,837.35,0.0002,-11.85,-0.0014
0.16,0.25,2.0,7742,7.71,6884,858,11.082,88.889,6,132.7,79.3,-304.68,-0.0394,318.66,0.039,-769.2,-0.0994,772.05,0.0004,5.0,0.0006
0.16,0.25,2.5,6627,6.6,6009,618,9.325,90.909,3,164.6,148.9,-307.83,-0.0465,318.45,0.0371,-705.45,-0.1065,709.05,0.0007,-42.75,-0.0065
0.16,0.25,3.0,5878,5.85,5414,464,7.894,92.308,3,193.2,148.9,-273.62,-0.0465,283.69,0.0515,-626.3,-0.1065,630.15,0.0015,-38.5,-0.0065
0.16,0.25,4.0,4659,4.64,4380,279,5.988,94.118,1,258.1,191.2,-207.36,-0.0445,238.97,0.0985,-486.9,-0.1045,491.65,0.006,-21.0,-0.0045
0.16,0.25,5.0,3787,3.77,3608,179,4.727,95.238,0,335.0,337.4,-144.48,-0.0382,189.21,0.1849,-371.7,-0.0982,380.1,0.019,7.0,0.0018
0.16,0.25,7.000000000000001,3017,3.0,2916,101,3.348,96.552,0,430.1,696.2,-98.68,-0.0327,151.88,0.2848,-279.7,-0.0927,303.2,0.0465,22.0,0.0073
0.16,0.25,10.0,2135,2.13,2084,51,2.389,97.561,0,630.2,731.9,-74.4,-0.0348,130.21,0.3591,-202.5,-0.0948,230.65,0.0996,11.0,0.0052
0.16,0.3,0.3,19760,19.68,9661,10099,51.108,50.0,346,25.0,13.6,-921.8,-0.0466,926.22,0.0001,-2107.4,-0.1066,2110.0,0.0,-131.4,-0.0066
0.16,0.3,0.5,15744,15.68,9603,6141,39.005,62.5,143,40.9,43.8,-819.36,-0.052,823.0,0.0002,-1764.0,-0.112,1766.2,0.0,-189.6,-0.012
0.16,0.3,0.7000000000000001,13136,13.08,9032,4104,31.242,70.0,72,57.2,57.8,-688.64,-0.0524,692.68,0.0009,-1476.8,-0.1124,1479.6,0.0,-163.2,-0.0124
0.16,0.3,1.0,10741,10.7,8156,2585,24.067,76.923,33,82.0,57.8,-567.84,-0.0529,580.06,0.0029,-1212.3,-0.1129,1216.0,0.0,-138.2,-0.0129
0.16,0.3,1.25,9319,9.28,7452,1867,20.034,80.645,19,100.9,59.6,-470.91,-0.0505,479.89,0.0075,-1030.05,-0.1105,1032.9,0.0,-98.15,-0.0105
0.16,0.3,1.5,8157,8.12,6764,1393,17.077,83.333,10,124.7,66.4,-386.58,-0.0474,399.04,0.0173,-876.0,-0.1074,881.8,0.0001,-60.3,-0.0074
0.16,0.3,1.7999999999999998,7234,7.21,6178,1056,14.598,85.714,6,147.7,80.8,-336.76,-0.0466,354.02,0.0282,-770.8,-0.1066,777.3,0.0004,-47.4,-0.0066
0.16,0.3,2.0,6716,6.69,5826,890,13.252,86.957,3,163.3,80.8,-300.84,-0.0448,320.22,0.0401,-703.8,-0.1048,709.6,0.0007,-32.2,-0.0048
0.16,0.3,2.5,5747,5.72,5111,636,11.067,89.286,3,199.6,148.9,-286.58,-0.0499,301.14,0.0454,-631.4,-0.1099,637.2,0.0014,-56.7,-0.0099
0.16,0.3,3.0,5093,5.07,4616,477,9.366,90.909,3,234.7,148.9,-249.92,-0.0491,270.66,0.0646,-555.5,-0.1091,561.5,0.003,-46.2,-0.0091
0.16,0.3,4.0,4003,3.99,3720,283,7.07,93.023,1,309.9,170.0,-176.12,-0.044,218.42,0.1338,-416.3,-0.104,426.7,0.0121,-16.0,-0.004
0.16,0.3,5.0,3203,3.19,3022,181,5.651,94.34,0,409.1,337.4,-126.52,-0.0395,177.44,0.2202,-318.7,-0.0995,338.3,0.0322,1.6,0.0005
0.16,0.3,7.000000000000001,2522,2.51,2420,102,4.044,95.89,0,527.9,696.3,-88.88,-0.0352,149.58,0.3128,-240.2,-0.0952,275.1,0.0688,12.0,0.0048
0.16,0.3,10.0,1816,1.81,1764,52,2.863,97.087,0,750.7,732.8,-63.44,-0.0349,124.68,0.398,-172.4,-0.0949,210.0,0.1337,9.2,0.0051
0.16,0.4,0.3,18450,18.38,7827,10623,57.577,42.857,205,32.7,20.0,-794.1,-0.043,801.06,0.0003,-1901.1,-0.103,1904.5,0.0,-56.1,-0.003
0.16,0.4,0.5,14257,14.2,7785,6472,45.395,55.556,92,53.6,44.8,-692.28,-0.0486,700.74,0.0009,-1547.7,-0.1086,1551.3,0.0,-122.0,-0.0086
0.16,0.4,0.7000000000000001,11609,11.56,7273,4336,37.35,63.636,54,74.9,57.8,-590.36,-0.0509,599.9,0.0023,-1286.9,-0.1109,1290.8,0.0,-126.0,-0.0109
0.16,0.4,1.0,9253,9.22,6529,2724,29.439,71.429,25,107.8,57.8,-482.52,-0.0521,507.52,0.0066,-1037.7,-0.1121,1047.0,0.0,-112.4,-0.0121
0.16,0.4,1.25,7928,7.9,5967,1961,24.735,75.758,12,133.0,59.6,-381.57,-0.0481,402.12,0.018,-857.25,-0.1081,864.45,0.0002,-64.45,-0.0081
0.16,0.4,1.5,6875,6.85,5414,1461,21.251,78.947,8,161.4,70.8,-300.9,-0.0438,324.8,0.04,-713.4,-0.1038,723.3,0.0006,-25.9,-0.0038
0.16,0.4,1.7999999999999998,6032,6.01,4935,1097,18.186,81.818,4,190.5,80.8,-241.88,-0.0401,276.96,0.0715,-603.8,-0.1001,616.5,0.0019,-0.6,-0.0001
0.16,0.4,2.0,5568,5.55,4640,928,16.667,83.333,2,211.4,80.8,-222.72,-0.04,260.64,0.086,-556.8,-0.1,572.1,0.003,0.0,0.0
0.16,0.4,2.5,4656,4.64,4003,653,14.025,86.207,2,262.5,149.0,-217.54,-0.0467,250.44,0.0893,-496.9,-0.1067,508.5,0.0055,-31.3,-0.0067
0.16,0.4,3.0,4147,4.13,3659,488,11.768,88.235,2,303.9,149.0,-166.28,-0.0401,203.24,0.1471,-415.1,-0.1001,427.4,0.0122,-0.4,-0.0001
0.16,0.4,4.0,3214,3.2,2925,289,8.992,90.909,0,402.1,191.3,-114.56,-0.0356,161.88,0.2449,-307.4,-0.0956,329.5,0.0355,14.0,0.0044
0.16,0.4,5.0,2554,2.54,2369,185,7.244,92.593,0,528.3,337.4,-79.56,-0.0312,135.36,0.3485,-232.8,-0.0912,265.2,0.0752,22.6,0.0088
0.16,0.4,7.000000000000001,1994,1.99,1891,103,5.165,94.595,0,682.0,697.0,-44.36,-0.0222,113.16,0.4849,-164.0,-0.0822,212.7,0.1464,35.4,0.0178
0.16,0.4,10.0,1430,1.42,1378,52,3.636,96.154,0,969.5,732.9,-26.0,-0.0182,92.04,0.577,-111.8,-0.0782,159.9,0.2444,31.2,0.0218
0.16,0.5,0.3,17201,17.13,6446,10755,62.525,37.5,124,40.5,28.3,-691.54,-0.0402,695.74,0.0009,-1723.6,-0.1002,1726.4,0.0,-3.5,-0.0002
0.16,0.5,0.5,13020,12.97,6489,6531,50.161,50.0,49,65.8,45.0,-541.8,-0.0416,550.34,0.0038,-1323.0,-0.1016,1326.8,0.0,-21.0,-0.0016
0.16,0.5,0.7000000000000001,10427,10.39,6044,4383,42.035,58.333,36,92.2,57.8,-463.18,-0.0444,473.08,0.0081,-1088.8,-0.1044,1093.2,0.0,-46.1,-0.0044
0.16,0.5,1.0,8144,8.11,5404,2740,33.644,66.667,15,132.4,57.8,-363.76,-0.0447,382.58,0.0214,-852.4,-0.1047,860.0,0.0002,-38.0,-0.0047
0.16,0.5,1.25,6934,6.91,4956,1978,28.526,71.429,6,162.9,59.6,-271.86,-0.0392,287.35,0.053,-687.9,-0.0992,693.65,0.0008,5.5,0.0008
0.16,0.5,1.5,5991,5.97,4501,1490,24.871,75.0,4,196.8,74.9,-224.14,-0.0374,245.34,0.0848,-583.6,-0.0974,592.4,0.0023,15.5,0.0026
0.16,0.5,1.7999999999999998,5211,5.19,4098,1113,21.359,78.261,2,233.3,96.2,-162.84,-0.0312,200.1,0.1553,-475.5,-0.0912,489.6,0.0068,45.6,0.0088
0.16,0.5,2.0,4807,4.79,3865,942,19.596,80.0,1,257.3,96.2,-143.78,-0.0299,183.68,0.1869,-432.2,-0.0899,448.4,0.0104,48.5,0.0101
0.16,0.5,2.5,3962,3.95,3302,660,16.658,83.333,1,321.2,149.2,-157.48,-0.0397,195.84,0.161,-395.2,-0.0997,408.4,0.0149,1.0,0.0003
0.16,0.5,3.0,3543,3.53,3051,492,13.887,85.714,1,367.6,149.2,-92.22,-0.026,133.7,0.3053,-304.8,-0.086,318.5,0.0364,49.5,0.014
0.16,0.5,4.0,2755,2.74,2462,293,10.635,88.889,0,481.0,191.3,-51.2,-0.0186,106.14,0.4567,-216.5,-0.0786,249.6,0.0873,59.0,0.0214
0.16,0.5,5.0,2161,2.15,1972,189,8.746,90.909,0,633.1,469.4,-45.44,-0.021,108.32,0.485,-175.1,-0.081,218.3,0.1325,41.0,0.019
0.16,0.5,7.000000000000001,1655,1.65,1551,104,6.284,93.333,0,831.9,697.0,-18.7,-0.0113,94.78,0.6226,-118.0,-0.0713,175.9,0.2305,47.5,0.0287
0.16,0.5,10.0,1209,1.2,1156,53,4.384,95.238,0,1154.9,734.7,-0.36,-0.0003,77.48,0.7391,-72.9,-0.0603,130.9,0.3576,48.0,0.0397
0.16,0.6,0.3,15978,15.91,5292,10686,66.879,33.333,90,48.8,29.6,-669.72,-0.0419,675.88,0.0011,-1628.4,-0.1019,1631.8,0.0,-30.6,-0.0019
0.16,0.6,0.5,11846,11.8,5353,6493,54.812,45.455,36,78.9,52.2,-508.54,-0.0429,520.86,0.0052,-1219.3,-0.1029,1223.7,0.0,-34.7,-0.0029
0.16,0.6,0.7000000000000001,9345,9.31,4990,4355,46.602,53.846,29,110.7,57.8,-428.3,-0.0458,440.26,0.0113,-989.0,-0.1058,995.5,0.0,-54.5,-0.0058
0.16,0.6,1.0,7207,7.18,4489,2718,37.713,62.5,14,157.8,68.0,-312.88,-0.0434,333.04,0.0352,-745.3,-0.1034,753.7,0.0005,-24.6,-0.0034
0.16,0.6,1.25,6074,6.05,4107,1967,32.384,67.568,7,194.3,92.9,-237.51,-0.0391,258.34,0.074,-601.95,-0.0991,610.05,0.0019,5.45,0.0009
0.16,0.6,1.5,5220,5.2,3742,1478,28.314,71.429,5,234.8,92.9,-180.6,-0.0346,212.94,0.1298,-493.8,-0.0946,505.7,0.0057,28.2,0.0054
0.16,0.6,1.7999999999999998,4515,4.5,3405,1110,24.585,75.0,3,279.1,92.9,-135.6,-0.03,182.72,0.202,-406.5,-0.09,424.1,0.0134,45.0,0.01
0.16,0.6,2.0,4119,4.1,3184,935,22.7,76.923,2,310.0,92.9,-124.36,-0.0302,170.8,0.2252,-371.5,-0.0902,389.7,0.019,40.4,0.0098
0.16,0.6,2.5,3410,3.4,2753,657,19.267,80.645,1,381.5,153.8,-127.1,-0.0373,169.0,0.2166,-331.7,-0.0973,346.2,0.028,9.3,0.0027
0.16,0.6,3.0,3039,3.03,2546,493,16.222,83.333,1,438.4,153.8,-72.96,-0.024,115.84,0.3672,-255.3,-0.084,274.3,0.0592,48.6,0.016
0.16,0.6,4.0,2334,2.32,2043,291,12.468,86.957,0,576.8,191.3,-31.56,-0.0135,89.48,0.5534,-171.6,-0.0735,210.5,0.1363,61.8,0.0265
0.16,0.6,5.0,1836,1.83,1648,188,10.24,89.286,0,753.1,469.7,-24.64,-0.0134,92.96,0.595,-134.8,-0.0734,186.2,0.1976,48.8,0.0266
0.16,0.6,7.000000000000001,1425,1.42,1321,104,7.298,92.105,0,972.6,697.0,7.6,0.0053,85.12,0.8064,-77.9,-0.0547,139.7,0.3428,64.6,0.0453
0.16,0.6,10.0,1044,1.04,991,53,5.077,94.34,0,1342.9,734.7,22.84,0.0219,76.52,0.9291,-39.8,-0.0381,102.4,0.4964,64.6,0.0619
0.16,0.8,0.3,13999,13.94,3825,10174,72.677,27.273,46,66.2,43.3,-552.16,-0.0394,563.98,0.0034,-1392.1,-0.0994,1396.6,0.0,7.8,0.0006
0.16,0.8,0.5,10060,10.02,3868,6192,61.551,38.462,20,105.6,54.8,-404.0,-0.0402,416.02,0.0144,-1007.6,-0.1002,1014.0,0.0,-1.6,-0.0002
0.16,0.8,0.7000000000000001,7815,7.78,3644,4171,53.372,46.667,16,145.6,60.0,-317.1,-0.0406,333.26,0.0337,-786.0,-0.1006,794.5,0.0003,-4.5,-0.0006
0.16,0.8,1.0,5885,5.86,3275,2610,44.35,55.556,5,207.0,74.9,-225.4,-0.0383,255.0,0.0829,-578.5,-0.0983,589.5,0.0024,10.0,0.0017
0.16,0.8,1.25,4861,4.84,2974,1887,38.819,60.976,4,259.3,94.5,-173.99,-0.0358,203.72,0.1376,-465.65,-0.0958,476.7,0.0074,20.45,0.0042
0.16,0.8,1.5,4212,4.2,2779,1433,34.022,65.217,3,307.9,115.4,-94.78,-0.0225,146.66,0.3014,-347.5,-0.0825,369.5,0.024,73.7,0.0175
0.16,0.8,1.7999999999999998,3585,3.57,2503,1082,30.181,69.231,1,365.3,115.4,-88.6,-0.0247,139.48,0.3187,-303.7,-0.0847,328.1,0.037,54.8,0.0153
0.16,0.8,2.0,3266,3.25,2349,917,28.077,71.429,0,404.9,115.4,-85.44,-0.0262,133.64,0.3278,-281.4,-0.0862,305.9,0.0461,45.2,0.0138
0.16,0.8,2.5,2704,2.69,2063,641,23.706,75.758,0,495.2,153.8,-60.26,-0.0223,115.26,0.418,-222.5,-0.0823,254.4,0.0824,47.9,0.0177
0.16,0.8,3.0,2358,2.35,1875,483,20.483,78.947,0,578.8,153.8,-43.32,-0.0184,94.24,0.4892,-184.8,-0.0784,216.7,0.1188,51.0,0.0216
0.16,0.8,4.0,1806,1.8,1521,285,15.781,83.333,0,757.6,290.1,4.56,0.0025,78.24,0.7889,-103.8,-0.0575,151.5,0.2668,76.8,0.0425
0.16,0.8,5.0,1406,1.4,1224,182,12.945,86.207,0,997.6,480.8,12.96,0.0092,76.56,0.8652,-71.4,-0.0508,129.1,0.372,69.2,0.0492
0.16,0.8,7.000000000000001,1091,1.09,988,103,9.441,89.744,0,1283.0,697.0,25.76,0.0236,78.12,0.9621,-39.7,-0.0364,109.2,0.4997,69.4,0.0636
0.16,0.8,10.0,801,0.8,748,53,6.617,92.593,0,1762.4,734.7,36.36,0.0454,73.72,1.0572,-11.7,-0.0146,88.7,0.6536,68.4,0.0854
0.16,1.0,0.3,12474,12.42,2922,9552,76.575,23.077,26,81.5,49.4,-442.56,-0.0355,456.54,0.0099,-1191.0,-0.0955,1197.3,0.0,56.4,0.0045
0.16,1.0,0.5,8807,8.77,2955,5852,66.447,33.333,17,129.6,56.2,-323.28,-0.0367,340.8,0.0316,-851.7,-0.0967,861.3,0.0002,29.0,0.0033
0.16,1.0,0.7000000000000001,6755,6.73,2791,3964,58.682,41.176,13,179.6,60.6,-254.0,-0.0376,276.94,0.0622,-659.3,-0.0976,673.9,0.0011,16.2,0.0024
0.16,1.0,1.0,5008,4.99,2525,2483,49.581,50.0,4,254.7,85.9,-158.32,-0.0316,188.0,0.1598,-458.8,-0.0916,473.5,0.0079,42.0,0.0084
0.16,1.0,1.25,4108,4.09,2306,1802,43.866,55.556,4,319.4,107.1,-110.82,-0.027,153.09,0.2554,-357.3,-0.087,374.4,0.0217,53.5,0.013
0.16,1.0,1.5,3526,3.51,2147,1379,39.109,60.0,3,379.1,124.9,-62.54,-0.0177,124.34,0.4111,-274.1,-0.0777,299.1,0.0495,78.5,0.0223
0.16,1.0,1.7999999999999998,2983,2.97,1949,1034,34.663,64.286,1,451.5,124.9,-31.52,-0.0106,93.28,0.559,-210.5,-0.0706,243.3,0.0932,87.8,0.0294
0.16,1.0,2.0,2716,2.71,1831,885,32.585,66.667,0,498.4,124.9,-47.64,-0.0175,105.36,0.4738,-210.6,-0.0775,241.5,0.0928,61.0,0.0225
0.16,1.0,2.5,2259,2.25,1635,624,27.623,71.429,0,605.7,149.2,-15.36,-0.0068,86.3,0.6484,-150.9,-0.0668,194.0,0.167,75.0,0.0332
0.16,1.0,3.0,1938,1.93,1469,469,24.2,75.0,0,715.3,153.9,-15.52,-0.008,85.76,0.6417,-131.8,-0.068,171.5,0.2004,62.0,0.032
0.16,1.0,4.0,1487,1.48,1208,279,18.763,80.0,0,934.8,267.0,32.52,0.0219,70.48,1.0365,-56.7,-0.0381,112.7,0.4245,92.0,0.0619
0.16,1.0,5.0,1125,1.12,949,176,15.644,83.333,0,1255.5,481.0,24.0,0.0213,78.96,0.9658,-43.5,-0.0387,114.3,0.4916,69.0,0.0613
0.16,1.0,7.000000000000001,891,0.89,789,102,11.448,87.5,0,1578.0,697.1,39.36,0.0442,80.64,1.0966,-14.1,-0.0158,103.6,0.6423,75.0,0.0842
0.16,1.0,10.0,636,0.63,586,50,7.862,90.909,0,2225.3,736.1,60.56,0.0952,68.84,1.3614,22.4,0.0352,77.6,0.9294,86.0,0.1352
0.16,1.5,0.3,9557,9.52,1609,7948,83.164,16.667,11,120.5,74.3,-353.18,-0.037,369.32,0.0236,-926.6,-0.097,934.2,0.0001,29.1,0.003
0.16,1.5,0.5,6529,6.5,1649,4880,74.743,25.0,5,190.9,74.3,-227.66,-0.0349,247.94,0.0803,-619.4,-0.0949,625.8,0.0016,33.5,0.0051
0.16,1.5,0.7000000000000001,4958,4.94,1588,3370,67.971,31.818,4,261.9,120.6,-175.32,-0.0354,206.66,0.1335,-472.8,-0.0954,488.8,0.0068,23.0,0.0046
0.16,1.5,1.0,3588,3.57,1446,2142,59.699,40.0,2,374.0,125.5,-116.52,-0.0325,151.7,0.2382,-331.8,-0.0925,349.9,0.0276,27.0,0.0075
0.16,1.5,1.25,2986,2.97,1373,1613,54.019,45.455,2,456.2,143.2,-76.19,-0.0255,127.0,0.3527,-255.35,-0.0855,280.25,0.0587,43.25,0.0145
0.16,1.5,1.5,2501,2.49,1277,1224,48.94,50.0,2,550.2,146.5,-20.54,-0.0082,101.38,0.6146,-170.6,-0.0682,210.4,0.1369,79.5,0.0318
0.16,1.5,1.7999999999999998,2115,2.11,1175,940,44.444,54.545,1,652.0,146.5,-14.1,-0.0067,87.54,0.653,-141.0,-0.0667,186.8,0.1834,70.5,0.0333
0.16,1.5,2.0,1957,1.95,1140,817,41.748,57.143,0,707.3,171.2,-2.28,-0.0012,81.62,0.7294,-119.7,-0.0612,170.8,0.2253,76.0,0.0388
0.16,1.5,2.5,1583,1.58,1003,580,36.639,62.5,0,880.2,171.2,-8.82,-0.0056,72.64,0.6809,-103.8,-0.0656,146.6,0.2632,54.5,0.0344
0.16,1.5,3.0,1335,1.33,903,432,32.36,66.667,0,1052.4,213.4,5.1,0.0038,77.62,0.7803,-75.0,-0.0562,118.1,0.3501,58.5,0.0438
0.16,1.5,4.0,1032,1.03,768,264,25.581,72.727,0,1367.2,303.6,54.72,0.053,67.9,1.2772,-7.2,-0.007,85.9,0.6875,96.0,0.093
0.16,1.5,5.0,787,0.78,616,171,21.728,76.923,0,1809.2,469.9,37.52,0.0477,74.64,1.0892,-9.7,-0.0123,91.3,0.6791,69.0,0.0877
0.16,1.5,7.000000000000001,619,0.62,521,98,15.832,82.353,0,2286.6,700.5,70.74,0.1143,75.36,1.4881,33.6,0.0543,83.5,1.0264,95.5,0.1543
0.16,1.5,10.0,421,0.42,374,47,11.164,86.957,0,3375.8,805.8,74.16,0.1762,69.94,1.5653,48.9,0.1162,75.4,1.2159,91.0,0.2162
0.16,2.0,0.3,7823,7.79,1050,6773,86.578,13.043,5,158.9,111.0,-244.82,-0.0313,261.86,0.0681,-714.2,-0.0913,725.9,0.0006,68.1,0.0087
0.16,2.0,0.5,5189,5.17,1061,4128,79.553,20.0,1,251.9,112.2,-149.56,-0.0288,179.48,0.1725,-460.9,-0.0888,475.7,0.0077,58.0,0.0112
0.16,2.0,0.7000000000000001,3901,3.89,1026,2875,73.699,25.926,2,345.1,143.2,-116.54,-0.0299,159.74,0.2372,-350.6,-0.0899,370.5,0.0228,39.5,0.0101
0.16,2.0,1.0,2817,2.81,961,1856,65.886,33.333,1,489.5,125.7,-46.68,-0.0166,108.84,0.4723,-215.7,-0.0766,254.1,0.087,66.0,0.0234
0.16,2.0,1.25,2300,2.29,897,1403,61.0,38.462,1,603.7,141.2,-51.75,-0.0225,124.07,0.4469,-189.75,-0.0825,241.55,0.1123,40.25,0.0175
0.16,2.0,1.5,1952,1.94,859,1093,55.994,42.857,1,718.8,240.0,0.42,0.0002,91.84,0.7485,-116.7,-0.0598,165.6,0.2319,78.5,0.0402
0.16,2.0,1.7999999999999998,1604,1.6,778,826,51.496,47.368,1,878.6,245.1,5.04,0.0031,83.84,0.7877,-91.2,-0.0569,146.3,0.3007,69.2,0.0431
0.16,2.0,2.0,1462,1.46,746,716,48.974,50.0,0,963.4,171.4,1.52,0.001,81.48,0.7578,-86.2,-0.059,142.6,0.315,60.0,0.041
0.16,2.0,2.5,1208,1.2,687,521,43.129,55.556,0,1163.8,245.2,23.18,0.0192,77.7,0.9329,-49.3,-0.0408,115.1,0.4517,71.5,0.0592
0.16,2.0,3.0,1022,1.02,622,400,39.139,60.0,0,1377.7,245.2,3.12,0.0031,84.52,0.7593,-58.2,-0.0569,112.1,0.411,44.0,0.0431
0.16,2.0,4.0,773,0.77,531,242,31.307,66.667,0,1832.1,335.2,63.08,0.0816,65.04,1.387,16.7,0.0216,77.4,0.8722,94.0,0.1216
0.16,2.0,5.0,601,0.6,439,162,26.955,71.429,0,2356.7,508.0,43.96,0.0731,79.8,1.1542,7.9,0.0131,90.0,0.8046,68.0,0.1131
0.16,2.0,7.000000000000001,459,0.46,368,91,19.826,77.778,0,3094.9,698.8,80.64,0.1757,74.36,1.6486,53.1,0.1157,80.9,1.2518,99.0,0.2157
0.16,2.0,10.0,331,0.33,284,47,14.199,83.333,0,4304.6,1020.0,84.76,0.2561,68.76,1.7155,64.9,0.1961,72.9,1.4066,98.0,0.2961
0.16,3.0,0.3,5730,5.71,550,5180,90.401,9.091,2,229.8,178.8,-133.2,-0.0232,178.32,0.2022,-477.0,-0.0832,495.2,0.0065,96.0,0.0168
0.16,3.0,0.5,3715,3.7,548,3167,85.249,14.286,1,366.5,163.3,-88.1,-0.0237,152.8,0.3126,-311.0,-0.0837,347.6,0.0336,60.5,0.0163
0.16,3.0,0.7000000000000001,2785,2.77,537,2248,80.718,18.919,1,494.9,178.8,-74.0,-0.0266,130.98,0.3561,-241.1,-0.0866,276.9,0.0669,37.4,0.0134
0.16,3.0,1.0,1929,1.92,504,1425,73.872,25.0,1,724.7,159.9,9.84,0.0051,75.04,0.8222,-105.9,-0.0549,156.3,0.2583,87.0,0.0451
0.16,3.0,1.25,1600,1.59,481,1119,69.938,29.412,1,880.7,178.8,-19.75,-0.0123,102.84,0.6077,-115.75,-0.0723,175.55,0.2325,44.25,0.0277
0.16,3.0,1.5,1374,1.37,478,896,65.211,33.333,1,1028.5,195.2,35.04,0.0255,94.36,1.0384,-47.4,-0.0345,136.0,0.4552,90.0,0.0655
0.16,3.0,1.7999999999999998,1118,1.11,441,677,60.555,37.5,1,1265.3,240.5,59.68,0.0534,66.8,1.3382,-7.4,-0.0066,85.3,0.6841,104.4,0.0934
0.16,3.0,2.0,1001,1.0,417,584,58.342,40.0,0,1411.1,209.2,42.96,0.0429,72.64,1.1357,-17.1,-0.0171,95.5,0.6227,83.0,0.0829
0.16,3.0,2.5,861,0.86,405,456,52.962,45.455,0,1646.9,294.2,40.56,0.0471,79.94,1.0854,-11.1,-0.0129,96.4,0.6473,75.0,0.0871
0.16,3.0,3.0,680,0.68,355,325,47.794,50.0,0,2084.7,328.5,62.8,0.0924,67.36,1.3802,22.0,0.0324,74.2,0.9177,90.0,0.1324
0.16,3.0,4.0,526,0.52,314,212,40.304,57.143,0,2703.6,542.5,72.96,0.1387,68.76,1.5172,41.4,0.0787,75.0,1.1066,94.0,0.1787
0.16,3.0,5.0,415,0.41,271,144,34.699,62.5,0,3459.0,839.3,76.4,0.1841,72.72,1.5814,51.5,0.1241,75.3,1.2328,93.0,0.2241
0.16,3.0,7.000000000000001,336,0.33,246,90,26.786,70.0,0,4236.9,848.8,94.56,0.2814,68.24,1.8328,74.4,0.2214,70.1,1.4983,108.0,0.3214
0.16,3.0,10.0,218,0.22,176,42,19.266,76.923,0,6547.1,1201.2,99.28,0.4554,62.56,1.9941,86.2,0.3954,63.4,1.7499,108.0,0.4954
0.16,5.0,0.3,3730,3.72,224,3506,93.995,5.66,1,366.7,428.1,-81.0,-0.0217,122.52,0.3338,-304.8,-0.0817,319.4,0.0356,68.2,0.0183
0.16,5.0,0.5,2415,2.41,230,2185,90.476,9.091,1,577.1,428.1,-39.1,-0.0162,113.9,0.4981,-184.0,-0.0762,233.3,0.1168,57.5,0.0238
0.16,5.0,0.7000000000000001,1743,1.74,227,1516,86.976,12.281,1,810.8,456.0,4.08,0.0023,90.0,0.7624,-100.5,-0.0577,155.0,0.2678,73.8,0.0423
0.16,5.0,1.0,1240,1.24,220,1020,82.258,16.667,1,1141.5,456.8,30.4,0.0245,77.76,0.9866,-44.0,-0.0355,109.7,0.4686,80.0,0.0645
0.16,5.0,1.25,1000,1.0,210,790,79.0,20.0,1,1421.3,529.5,22.5,0.0225,81.44,0.9127,-37.5,-0.0375,113.0,0.5007,62.5,0.0625
0.16,5.0,1.5,827,0.82,202,625,75.574,23.077,1,1728.6,529.5,39.42,0.0477,84.62,1.0819,-10.2,-0.0123,101.1,0.6585,72.5,0.0877
0.16,5.0,1.7999999999999998,686,0.68,192,494,72.012,26.471,1,2080.0,529.5,43.36,0.0632,82.96,1.1278,2.2,0.0032,95.2,0.7471,70.8,0.1032
0.16,5.0,2.0,619,0.62,187,432,69.79,28.571,0,2302.6,456.8,46.24,0.0747,79.32,1.1602,9.1,0.0147,90.3,0.8001,71.0,0.1147
0.16,5.0,2.5,505,0.5,180,325,64.356,33.333,0,2839.6,528.8,67.3,0.1333,68.08,1.4219,37.0,0.0733,74.7,1.0501,87.5,0.1733
0.16,5.0,3.0,441,0.44,175,266,60.317,37.5,0,3231.5,625.5,59.36,0.1346,71.52,1.2966,32.9,0.0746,77.6,0.995,77.0,0.1746
0.16,5.0,4.0,324,0.32,153,171,52.778,44.444,0,4398.0,863.6,68.04,0.21,71.96,1.4259,48.6,0.15,76.9,1.1739,81.0,0.25
0.16,5.0,5.0,254,0.25,137,117,46.063,50.0,0,5613.9,654.8,89.84,0.3537,67.68,1.7887,74.6,0.2937,71.7,1.536,100.0,0.3937
0.16,5.0,7.000000000000001,193,0.19,122,71,36.788,58.333,0,7402.8,915.7,105.28,0.5455,63.84,2.0603,93.7,0.4855,65.1,1.8354,113.0,0.5855
0.16,5.0,10.0,127,0.13,91,36,28.346,66.667,0,11261.3,1022.8,89.92,0.708,66.28,1.8153,82.3,0.648,68.2,1.6824,95.0,0.748
0.2,0.1,0.3,15768,15.71,10870,4898,31.063,75.0,1307,8.6,4.8,-1013.12,-0.0643,1013.96,0.0,-1959.2,-0.1243,1959.2,0.0,-382.4,-0.0243
0.2,0.1,0.5,14577,14.52,11729,2848,19.538,83.333,494,12.1,7.5,-834.18,-0.0572,835.32,0.0002,-1708.8,-0.1172,1708.8,0.0,-251.1,-0.0172
0.2,0.1,0.7000000000000001,13584,13.53,11670,1914,14.09,87.5,243,16.2,20.3,-716.16,-0.0527,717.28,0.0007,-1531.2,-0.1127,1531.2,0.0,-172.8,-0.0127
0.2,0.1,1.0,12570,12.52,11346,1224,9.737,90.909,95,23.1,44.6,-592.2,-0.0471,593.64,0.0025,-1346.4,-0.1071,1346.4,0.0,-89.4,-0.0071
0.2,0.1,1.25,11812,11.76,10903,909,7.696,92.593,50,28.8,53.1,-518.43,-0.0439,520.89,0.0052,-1227.15,-0.1039,1227.15,0.0,-45.95,-0.0039
0.2,0.1,1.5,11167,11.12,10452,715,6.403,93.75,30,36.0,60.8,-473.98,-0.0424,477.6,0.008,-1144.0,-0.1024,1144.0,0.0,-27.3,-0.0024
0.2,0.1,1.7999999999999998,10571,10.53,10003,568,5.373,94.737,24,42.0,60.8,-444.94,-0.0421,448.56,0.0106,-1079.2,-0.1021,1079.2,0.0,-22.1,-0.0021
0.2,0.1,2.0,10147,10.11,9647,500,4.928,95.238,20,47.8,60.8,-441.18,-0.0435,444.0,0.0109,-1050.0,-0.1035,1050.0,0.0,-35.3,-0.0035
0.2,0.1,2.5,9410,9.37,9040,370,3.932,96.154,8,59.6,77.6,-397.4,-0.0422,399.86,0.0166,-962.0,-0.1022,962.0,0.0001,-21.0,-0.0022
0.2,0.1,3.0,8749,8.71,8465,284,3.246,96.774,7,71.1,124.8,-355.46,-0.0406,358.76,0.025,-880.4,-0.1006,880.4,0.0001,-5.5,-0.0006
0.2,0.1,4.0,7507,7.48,7324,183,2.438,97.561,3,98.7,167.1,-299.88,-0.0399,302.7,0.0427,-750.3,-0.0999,750.3,0.0005,0.4,0.0001
0.2,0.1,5.0,6625,6.6,6499,126,1.902,98.039,3,128.2,320.3,-245.1,-0.037,249.78,0.073,-642.6,-0.097,642.6,0.0014,19.9,0.003
0.2,0.1,7.000000000000001,5592,5.57,5514,78,1.395,98.592,1,164.1,440.3,-218.28,-0.039,233.04,0.0919,-553.8,-0.099,553.8,0.0032,5.4,0.001
0.2,0.1,10.0,4307,4.29,4267,40,0.929,99.01,0,240.4,660.0,-145.58,-0.0338,167.5,0.1877,-404.0,-0.0938,404.0,0.0141,26.7,0.0062
0.2,0.16,0.3,15507,15.45,9624,5883,37.938,65.217,822,12.0,9.5,-845.34,-0.0545,846.8,0.0002,-1775.76,-0.1145,1776.42,0.0,-225.06,-0.0145
0.2,0.16,0.5,13854,13.8,10249,3605,26.021,75.758,313,18.2,11.8,-716.82,-0.0517,718.62,0.0007,-1548.06,-0.1117,1548.96,0.0,-162.66,-0.0117
0.2,0.16,0.7000000000000001,12571,12.52,10104,2467,19.625,81.395,159,24.9,20.3,-613.1,-0.0488,615.04,0.002,-1367.36,-0.1088,1368.26,0.0,-110.26,-0.0088
0.2,0.16,1.0,11241,11.2,9631,1610,14.323,86.207,67,35.9,44.7,-518.68,-0.0461,521.04,0.0051,-1193.14,-0.1061,1194.28,0.0,-69.04,-0.0061
0.2,0.16,1.25,10295,10.25,9103,1192,11.578,88.652,37,46.0,53.1,-445.32,-0.0433,448.77,0.0105,-1063.02,-0.1033,1064.22,0.0,-33.52,-0.0033
0.2,0.16,1.5,9509,9.47,8577,932,9.801,90.361,21,57.4,60.8,-406.04,-0.0427,410.52,0.0153,-976.58,-0.1027,977.72,0.0001,-25.68,-0.0027
0.2,0.16,1.7999999999999998,8800,8.76,8076,724,8.227,91.837,17,68.2,60.8,-363.04,-0.0413,366.72,0.0233,-891.04,-0.1013,892.6,0.0001,-11.04,-0.0013
0.2,0.16,2.0,8370,8.34,7743,627,7.491,92.593,13,76.7,60.8,-349.92,-0.0418,354.72,0.0263,-852.12,-0.1018,854.16,0.0002,-15.12,-0.0018
0.2,0.16,2.5,7625,7.59,7165,460,6.033,93.985,6,94.9,148.9,-308.6,-0.0405,314.06,0.0391,-766.1,-0.1005,767.78,0.0004,-3.6,-0.0005
0.2,0.16,3.0,6955,6.93,6600,355,5.104,94.937,5,113.2,148.9,-287.2,-0.0413,301.84,0.0476,-704.5,-0.1013,706.96,0.0007,-9.0,-0.0013
0.2,0.16,4.0,5807,5.78,5590,217,3.737,96.154,3,152.5,167.6,-205.88,-0.0355,226.8,0.1059,-554.3,-0.0955,556.34,0.0032,26.4,0.0045
0.2,0.16,5.0,4928,4.91,4778,150,3.044,96.899,2,202.4,552.9,-182.64,-0.0371,198.72,0.1317,-478.32,-0.0971,479.88,0.0068,14.48,0.0029
0.2,0.16,7.000000000000001,4060,4.04,3971,89,2.192,97.765,0,259.6,552.9,-150.04,-0.037,188.56,0.1764,-393.64,-0.097,401.12,0.0154,12.36,0.003
0.2,0.16,10.0,3082,3.07,3038,44,1.428,98.425,0,375.7,660.0,-77.2,-0.025,110.84,0.3635,-262.12,-0.085,273.7,0.0571,46.08,0.015
0.2,0.2,0.3,15280,15.22,8790,6490,42.474,60.0,633,14.4,6.7,-800.2,-0.0524,802.1,0.0003,-1717.0,-0.1124,1718.0,0.0,-189.0,-0.0124
0.2,0.2,0.5,13377,13.32,9327,4050,30.276,71.429,249,22.6,17.2,-694.68,-0.0519,696.96,0.0009,-1497.3,-0.1119,1498.7,0.0,-159.6,-0.0119
0.2,0.2,0.7000000000000001,11927,11.88,9168,2759,23.132,77.778,126,31.4,20.3,-574.78,-0.0482,578.12,0.0029,-1290.4,-0.1082,1291.8,0.0,-97.7,-0.0082
0.2,0.2,1.0,10485,10.44,8669,1816,17.32,83.333,55,45.4,39.0,-501.6,-0.0478,508.08,0.0059,-1130.7,-0.1078,1132.5,0.0,-82.2,-0.0078
0.2,0.2,1.25,9504,9.47,8159,1345,14.152,86.207,30,57.3,53.1,-429.61,-0.0452,436.22,0.012,-999.85,-0.1052,1001.75,0.0,-49.45,-0.0052
0.2,0.2,1.5,8658,8.62,7619,1039,12.0,88.235,17,71.7,60.8,-381.02,-0.044,389.7,0.0194,-900.5,-0.104,902.3,0.0001,-34.7,-0.004
0.2,0.2,1.7999999999999998,7949,7.92,7154,795,10.001,90.0,14,85.5,73.2,-318.16,-0.04,329.12,0.0359,-795.1,-0.1,797.6,0.0003,-0.2,-0.0
0.2,0.2,2.0,7559,7.53,6868,691,9.141,90.909,11,94.8,73.2,-310.76,-0.0411,321.92,0.0383,-764.3,-0.1011,767.6,0.0004,-8.4,-0.0011
0.2,0.2,2.5,6767,6.74,6258,509,7.522,92.593,4,117.9,148.9,-291.58,-0.0431,301.8,0.0455,-697.6,-0.1031,700.8,0.0008,-20.9,-0.0031
0.2,0.2,3.0,6113,6.09,5723,390,6.38,93.75,4,140.8,171.0,-269.92,-0.0442,286.24,0.0556,-636.7,-0.1042,640.9,0.0014,-25.4,-0.0042
0.2,0.2,4.0,5041,5.02,4803,238,4.721,95.238,1,191.3,171.0,-193.04,-0.0383,221.72,0.1181,-495.5,-0.0983,498.8,0.0057,8.6,0.0017
0.2,0.2,5.0,4257,4.24,4096,161,3.782,96.154,1,248.4,553.0,-156.08,-0.0367,186.48,0.169,-411.5,-0.0967,414.0,0.0131,14.2,0.0033
0.2,0.2,7.000000000000001,3460,3.45,3368,92,2.659,97.222,0,320.1,553.0,-108.8,-0.0314,159.68,0.2641,-316.4,-0.0914,332.0,0.0331,29.6,0.0086
0.2,0.2,10.0,2590,2.58,2543,47,1.815,98.039,0,462.2,660.0,-65.0,-0.0251,109.32,0.4036,-220.4,-0.0851,236.7,0.0852,38.6,0.0149
0.2,0.25,0.3,14963,14.9,7884,7079,47.31,54.545,473,17.9,13.6,-751.22,-0.0502,753.61,0.0005,-1649.0,-0.1102,1650.55,0.0,-152.7,-0.0102
0.2,0.25,0.5,12817,12.77,8359,4458,34.782,66.667,192,28.5,17.7,-651.93,-0.0509,654.66,0.0014,-1420.95,-0.1109,1422.9,0.0,-139.25,-0.0109
0.2,0.25,0.7000000000000001,11249,11.2,8203,3046,27.078,73.684,93,39.8,22.2,-531.41,-0.0472,534.44,0.0044,-1206.35,-0.1072,1208.3,0.0,-81.45,-0.0072
0.2,0.25,1.0,9699,9.66,7693,2006,20.683,80.0,42,57.2,39.0,-470.71,-0.0485,479.18,0.008,-1052.65,-0.1085,1054.75,0.0,-82.75,-0.0085
0.2,0.25,1.25,8691,8.66,7211,1480,17.029,83.333,21,72.3,53.1,-394.89,-0.0454,405.06,0.0168,-916.35,-0.1054,918.45,0.0001,-47.25,-0.0054
0.2,0.25,1.5,7827,7.8,6698,1129,14.424,85.714,13,91.2,61.1,-332.08,-0.0424,340.27,0.0311,-801.7,-0.1024,803.65,0.0003,-19.0,-0.0024
0.2,0.25,1.7999999999999998,7078,7.05,6216,862,12.179,87.805,10,110.2,73.2,-280.72,-0.0397,291.27,0.0514,-705.4,-0.0997,708.2,0.0007,2.4,0.0003
0.2,0.25,2.0,6715,6.69,5974,741,11.035,88.889,7,121.3,73.2,-257.1,-0.0383,266.13,0.0645,-660.0,-0.0983,662.4,0.0011,11.5,0.0017
0.2,0.25,2.5,5978,5.95,5433,545,9.117,90.909,3,149.4,148.9,-243.37,-0.0407,252.91,0.0725,-602.05,-0.1007,607.55,0.002,-4.25,-0.0007
0.2,0.25,3.0,5317,5.3,4907,410,7.711,92.308,3,179.2,171.0,-215.93,-0.0406,232.68,0.0941,-534.95,-0.1006,541.9,0.0039,-3.25,-0.0006
0.2,0.25,4.0,4322,4.3,4071,251,5.807,94.118,1,240.6,171.0,-159.13,-0.0368,193.58,0.1635,-418.45,-0.0968,423.5,0.0122,13.75,0.0032
0.2,0.25,5.0,3631,3.62,3464,167,4.599,95.238,1,309.2,253.6,-114.24,-0.0315,152.04,0.2542,-332.1,-0.0915,336.75,0.0287,31.0,0.0085
0.2,0.25,7.000000000000001,2936,2.92,2842,94,3.202,96.552,0,399.3,696.2,-64.94,-0.0221,120.14,0.4065,-241.1,-0.0821,268.1,0.0697,52.5,0.0179
0.2,0.25,10.0,2123,2.11,2076,47,2.214,97.561,0,590.9,696.2,-35.92,-0.0169,86.9,0.5391,-163.3,-0.0769,188.0,0.1507,49.0,0.0231
0.2,0.3,0.3,14671,14.61,7119,7552,51.476,50.0,331,21.4,13.6,-716.74,-0.0489,719.84,0.0007,-1597.0,-0.1089,1599.2,0.0,-129.9,-0.0089
0.2,0.3,0.5,12336,12.29,7519,4817,39.048,62.5,139,34.5,21.8,-646.24,-0.0524,649.62,0.0014,-1386.4,-0.1124,1389.0,0.0,-152.8,-0.0124
0.2,0.3,0.7000000000000001,10648,10.61,7346,3302,31.011,70.0,68,48.9,22.2,-533.52,-0.0501,538.12,0.0043,-1172.4,-0.1101,1175.0,0.0,-107.6,-0.0101
0.2,0.3,1.0,9001,8.97,6841,2160,23.997,76.923,31,70.4,38.5,-467.74,-0.052,480.22,0.0081,-1007.8,-0.112,1010.6,0.0,-107.7,-0.012
0.2,0.3,1.25,7958,7.93,6370,1588,19.955,80.645,17,90.1,59.6,-392.32,-0.0493,402.72,0.0169,-869.8,-0.1093,872.6,0.0001,-74.0,-0.0093
0.2,0.3,1.5,7130,7.1,5926,1204,16.886,83.333,10,112.0,75.1,-313.4,-0.044,324.64,0.0369,-741.2,-0.104,744.0,0.0005,-28.2,-0.004
0.2,0.3,1.7999999999999998,6370,6.34,5450,920,14.443,85.714,7,136.5,82.6,-275.8,-0.0433,290.66,0.0532,-658.0,-0.1033,661.8,0.0012,-21.0,-0.0033
0.2,0.3,2.0,6016,5.99,5222,794,13.198,86.957,4,149.4,82.8,-262.04,-0.0436,277.42,0.0605,-623.0,-0.1036,627.2,0.0016,-21.4,-0.0036
0.2,0.3,2.5,5247,5.23,4670,577,10.997,89.286,3,186.7,148.9,-251.38,-0.0479,269.16,0.0659,-566.2,-0.1079,572.8,0.0028,-41.5,-0.0079
0.2,0.3,3.0,4686,4.67,4253,433,9.24,90.909,3,221.3,171.0,-210.54,-0.0449,239.2,0.0979,-491.7,-0.1049,502.1,0.0059,-23.1,-0.0049
0.2,0.3,4.0,3697,3.68,3439,258,6.979,93.023,1,303.6,171.0,-148.18,-0.0401,199.1,0.1809,-370.0,-0.1001,385.9,0.0196,-0.3,-0.0001
0.2,0.3,5.0,3066,3.05,2895,171,5.577,94.34,1,388.6,253.6,-109.14,-0.0356,158.86,0.2656,-293.1,-0.0956,313.0,0.0421,13.5,0.0044
0.2,0.3,7.000000000000001,2473,2.46,2377,96,3.882,95.89,0,498.6,696.3,-57.82,-0.0234,121.4,0.4335,-206.2,-0.0834,245.0,0.0982,41.1,0.0166
0.2,0.3,10.0,1802,1.79,1754,48,2.664,97.087,0,719.3,696.3,-25.88,-0.0144,88.0,0.5921,-134.0,-0.0744,169.6,0.2007,46.2,0.0256
0.2,0.4,0.3,14032,13.98,5930,8102,57.739,42.857,194,28.1,20.0,-619.88,-0.0442,625.5,0.0019,-1461.8,-0.1042,1464.7,0.0,-58.6,-0.0042
0.2,0.4,0.5,11444,11.4,6229,5215,45.57,55.556,88,46.2,24.6,-573.66,-0.0501,581.58,0.0029,-1260.3,-0.1101,1263.0,0.0,-115.9,-0.0101
0.2,0.4,0.7000000000000001,9627,9.59,6041,3586,37.249,63.636,51,66.4,40.1,-478.88,-0.0497,491.44,0.0073,-1056.5,-0.1097,1059.9,0.0,-93.8,-0.0097
0.2,0.4,1.0,7949,7.92,5606,2343,29.475,71.429,24,97.2,57.4,-418.56,-0.0527,442.12,0.0129,-895.5,-0.1127,902.8,0.0001,-100.6,-0.0127
0.2,0.4,1.25,6908,6.88,5198,1710,24.754,75.758,11,123.6,59.6,-334.62,-0.0484,354.24,0.0295,-749.1,-0.1084,753.9,0.0005,-58.3,-0.0084
0.2,0.4,1.5,6142,6.12,4843,1299,21.149,78.947,8,149.7,75.2,-256.98,-0.0418,282.08,0.0635,-625.5,-0.1018,632.2,0.0016,-11.3,-0.0018
0.2,0.4,1.7999999999999998,5449,5.43,4465,984,18.058,81.818,5,181.8,82.6,-203.16,-0.0373,233.16,0.1076,-530.1,-0.0973,542.6,0.0041,14.8,0.0027
0.2,0.4,2.0,5070,5.05,4222,848,16.726,83.333,3,201.1,82.8,-210.0,-0.0414,241.32,0.0996,-514.2,-0.1014,524.1,0.0047,-7.2,-0.0014
0.2,0.4,2.5,4339,4.32,3732,607,13.989,86.207,2,249.8,149.0,-198.26,-0.0457,231.84,0.1102,-458.6,-0.1057,470.1,0.0081,-24.7,-0.0057
0.2,0.4,3.0,3919,3.9,3462,457,11.661,88.235,2,286.4,149.0,-142.96,-0.0365,177.04,0.1887,-378.1,-0.0965,390.0,0.0179,13.8,0.0035
0.2,0.4,4.0,3020,3.01,2753,267,8.841,90.909,0,400.3,192.9,-87.6,-0.029,143.12,0.327,-268.8,-0.089,296.2,0.0533,33.2,0.011
0.2,0.4,5.0,2465,2.46,2288,177,7.181,92.593,0,513.3,267.0,-68.4,-0.0277,125.64,0.394,-216.3,-0.0877,250.5,0.0897,30.2,0.0123
0.2,0.4,7.000000000000001,1975,1.97,1877,98,4.962,94.595,0,652.6,697.0,-14.2,-0.0072,86.72,0.6643,-132.7,-0.0672,184.9,0.203,64.8,0.0328
0.2,0.4,10.0,1391,1.39,1343,48,3.451,96.154,0,966.1,697.0,1.56,0.0011,71.52,0.7768,-81.9,-0.0589,127.3,0.337,57.2,0.0411
0.2,0.5,0.3,13376,13.32,4993,8383,62.672,37.5,119,35.1,28.3,-553.44,-0.0414,557.94,0.0036,-1356.0,-0.1014,1358.4,0.0,-18.4,-0.0014
0.2,0.5,0.5,10693,10.65,5307,5386,50.369,50.0,49,58.1,57.5,-467.22,-0.0437,476.26,0.0082,-1108.8,-0.1037,1111.6,0.0,-39.5,-0.0037
0.2,0.5,0.7000000000000001,8816,8.78,5116,3700,41.969,58.333,35,83.6,57.5,-384.64,-0.0436,400.74,0.0183,-913.6,-0.1036,919.6,0.0001,-32.0,-0.0036
0.2,0.5,1.0,7131,7.1,4731,2400,33.656,66.667,15,121.2,57.8,-319.74,-0.0448,347.68,0.0341,-747.6,-0.1048,755.7,0.0005,-34.5,-0.0048
0.2,0.5,1.25,6162,6.14,4406,1756,28.497,71.429,6,153.2,59.6,-238.48,-0.0387,263.78,0.0759,-608.2,-0.0987,615.9,0.0019,8.0,0.0013
0.2,0.5,1.5,5405,5.38,4071,1334,24.681,75.0,4,186.4,75.3,-181.7,-0.0336,211.48,0.1327,-506.0,-0.0936,517.6,0.0052,34.5,0.0064
0.2,0.5,1.7999999999999998,4739,4.72,3724,1015,21.418,78.261,2,226.8,96.2,-154.56,-0.0326,191.82,0.1722,-438.9,-0.0926,456.4,0.01,35.0,0.0074
0.2,0.5,2.0,4411,4.39,3546,865,19.61,80.0,1,248.5,96.2,-133.44,-0.0303,177.16,0.2113,-398.1,-0.0903,413.3,0.015,43.0,0.0097
0.2,0.5,2.5,3744,3.73,3121,623,16.64,83.333,1,304.9,149.2,-146.76,-0.0392,184.46,0.1818,-371.4,-0.0992,383.0,0.0192,3.0,0.0008
0.2,0.5,3.0,3325,3.31,2858,467,14.045,85.714,1,358.7,149.2,-105.0,-0.0316,145.48,0.2724,-304.5,-0.0916,320.7,0.037,28.0,0.0084
0.2,0.5,4.0,2591,2.58,2318,273,10.536,88.889,0,481.2,231.7,-36.64,-0.0141,96.84,0.538,-192.1,-0.0741,231.5,0.1136,67.0,0.0259
0.2,0.5,5.0,2115,2.11,1931,184,8.7,90.909,0,614.4,469.4,-39.1,-0.0185,98.3,0.5204,-166.0,-0.0785,206.0,0.1461,45.5,0.0215
0.2,0.5,7.000000000000001,1631,1.62,1531,100,6.131,93.333,0,808.4,697.0,0.26,0.0002,85.44,0.7606,-97.6,-0.0598,157.0,0.2857,65.5,0.0402
0.2,0.5,10.0,1168,1.16,1119,49,4.195,95.238,0,1167.6,697.0,22.78,0.0195,69.32,0.9523,-47.3,-0.0405,102.5,0.4723,69.5,0.0595
0.2,0.6,0.3,12714,12.66,4197,8517,66.989,33.333,87,42.8,29.2,-545.46,-0.0429,553.3,0.0038,-1308.3,-0.1029,1311.5,0.0,-36.9,-0.0029
0.2,0.6,0.5,9956,9.92,4477,5479,55.032,45.455,36,71.4,57.5,-451.54,-0.0454,457.4,0.0094,-1048.9,-0.1054,1052.4,0.0,-53.3,-0.0054
0.2,0.6,0.7000000000000001,8080,8.05,4325,3755,46.473,53.846,29,101.7,57.5,-356.7,-0.0441,371.12,0.0238,-841.5,-0.1041,848.1,0.0002,-33.5,-0.0041
0.2,0.6,1.0,6425,6.4,3994,2431,37.837,62.5,13,147.5,70.6,-291.6,-0.0454,316.32,0.0446,-677.1,-0.1054,683.9,0.0009,-34.6,-0.0054
0.2,0.6,1.25,5533,5.51,3742,1791,32.369,67.568,7,184.0,77.2,-214.87,-0.0388,239.26,0.0947,-546.85,-0.0988,554.8,0.0034,6.45,0.0012
0.2,0.6,1.5,4810,4.79,3461,1349,28.046,71.429,5,223.8,94.0,-139.3,-0.029,178.78,0.2001,-427.9,-0.089,446.3,0.0111,53.1,0.011
0.2,0.6,1.7999999999999998,4177,4.16,3145,1032,24.707,75.0,3,271.8,94.0,-137.68,-0.033,185.84,0.2013,-388.3,-0.093,410.9,0.0164,29.4,0.007
0.2,0.6,2.0,3853,3.84,2979,874,22.684,76.923,2,300.2,94.0,-114.72,-0.0298,165.72,0.2521,-345.9,-0.0898,366.4,0.0249,39.4,0.0102
0.2,0.6,2.5,3248,3.24,2621,627,19.304,80.645,1,368.6,153.8,-124.82,-0.0384,166.24,0.2243,-319.7,-0.0984,334.1,0.0319,5.1,0.0016
0.2,0.6,3.0,2930,2.92,2456,474,16.177,83.333,1,423.2,153.8,-65.6,-0.0224,114.16,0.3993,-241.4,-0.0824,262.8,0.0688,51.6,0.0176
0.2,0.6,4.0,2232,2.22,1956,276,12.366,86.957,0,575.2,232.1,-19.68,-0.0088,83.64,0.632,-153.6,-0.0688,197.4,0.1655,69.6,0.0312
0.2,0.6,5.0,1812,1.8,1627,185,10.21,89.286,0,734.2,469.7,-21.28,-0.0117,85.68,0.6179,-130.0,-0.0717,174.4,0.2082,51.2,0.0283
0.2,0.6,7.000000000000001,1393,1.39,1292,101,7.251,92.105,0,964.1,697.0,12.48,0.009,78.56,0.8538,-71.1,-0.051,131.0,0.3699,68.2,0.049
0.2,0.6,10.0,1007,1.0,957,50,4.965,94.34,0,1370.3,697.0,33.92,0.0337,68.16,1.0555,-26.5,-0.0263,91.1,0.5766,74.2,0.0737
0.2,0.8,0.3,11509,11.46,3111,8398,72.969,27.273,44,58.7,43.3,-490.96,-0.0427,507.66,0.0064,-1181.5,-0.1027,1185.6,0.0,-30.6,-0.0027
0.2,0.8,0.5,8751,8.72,3345,5406,61.776,38.462,18,96.9,57.5,-377.04,-0.0431,390.02,0.0193,-902.1,-0.1031,906.4,0.0001,-27.0,-0.0031
0.2,0.8,0.7000000000000001,6968,6.94,3257,3711,53.258,46.667,15,136.7,60.0,-270.82,-0.0389,291.22,0.0548,-688.9,-0.0989,699.4,0.0008,7.9,0.0011
0.2,0.8,1.0,5385,5.36,2974,2411,44.773,55.556,5,196.9,74.8,-247.2,-0.0459,281.4,0.068,-570.3,-0.1059,586.8,0.0027,-31.8,-0.0059
0.2,0.8,1.25,4534,4.52,2765,1769,39.016,60.976,4,248.4,84.8,-180.61,-0.0398,219.88,0.1308,-452.65,-0.0998,467.8,0.0086,0.75,0.0002
0.2,0.8,1.5,3928,3.91,2585,1343,34.19,65.217,3,298.6,115.4,-103.62,-0.0264,155.06,0.2804,-339.3,-0.0864,368.3,0.0265,53.5,0.0136
0.2,0.8,1.7999999999999998,3390,3.38,2366,1024,30.206,69.231,1,358.8,115.4,-86.0,-0.0254,136.76,0.3317,-289.4,-0.0854,318.5,0.0433,49.6,0.0146
0.2,0.8,2.0,3094,3.08,2227,867,28.022,71.429,0,401.0,115.4,-76.16,-0.0246,134.12,0.3648,-261.8,-0.0846,296.1,0.0569,47.6,0.0154
0.2,0.8,2.5,2578,2.57,1957,621,24.088,75.758,0,491.6,153.8,-90.02,-0.0349,142.4,0.3134,-244.7,-0.0949,274.1,0.0666,13.1,0.0051
0.2,0.8,3.0,2282,2.27,1813,469,20.552,78.947,0,569.4,153.8,-47.88,-0.021,106.4,0.4714,-184.8,-0.081,223.2,0.1198,43.4,0.019
0.2,0.8,4.0,1769,1.76,1494,275,15.546,83.333,0,753.4,267.0,24.44,0.0138,69.24,0.9712,-81.7,-0.0462,137.5,0.3359,95.2,0.0538
0.2,0.8,5.0,1377,1.37,1198,179,12.999,86.207,0,995.8,480.8,8.32,0.006,81.76,0.8299,-74.3,-0.054,131.3,0.363,63.4,0.046
0.2,0.8,7.000000000000001,1074,1.07,973,101,9.404,89.744,0,1274.6,697.0,28.44,0.0265,76.92,0.9938,-36.0,-0.0335,105.2,0.5215,71.4,0.0665
0.2,0.8,10.0,772,0.77,723,49,6.347,92.593,0,1809.5,697.0,57.52,0.0745,65.96,1.3359,11.2,0.0145,76.5,0.8405,88.4,0.1145
0.2,1.0,0.3,10507,10.47,2432,8075,76.854,23.077,25,73.8,49.4,-410.78,-0.0391,427.6,0.014,-1041.2,-0.0991,1045.9,0.0,9.5,0.0009
0.2,1.0,0.5,7834,7.8,2621,5213,66.543,33.333,15,120.3,57.5,-298.86,-0.0381,309.66,0.0414,-768.9,-0.0981,773.7,0.0004,14.5,0.0019
0.2,1.0,0.7000000000000001,6128,6.1,2544,3584,58.486,41.176,13,171.0,60.6,-209.92,-0.0343,237.16,0.0988,-577.6,-0.0943,595.4,0.0025,35.2,0.0057
0.2,1.0,1.0,4649,4.63,2320,2329,50.097,50.0,4,243.2,75.2,-194.96,-0.0419,230.72,0.1127,-473.9,-0.1019,487.6,0.0069,-9.0,-0.0019
0.2,1.0,1.25,3873,3.86,2155,1718,44.358,55.556,4,308.8,84.8,-147.42,-0.0381,191.46,0.1796,-379.8,-0.0981,396.45,0.0175,7.5,0.0019
0.2,1.0,1.5,3365,3.35,2057,1308,38.871,60.0,3,366.5,124.9,-39.6,-0.0118,95.54,0.5237,-241.5,-0.0718,266.4,0.0695,95.0,0.0282
0.2,1.0,1.7999999999999998,2843,2.83,1854,989,34.787,64.286,1,442.0,124.9,-39.92,-0.014,90.56,0.5202,-210.5,-0.074,242.9,0.0944,73.8,0.026
0.2,1.0,2.0,2590,2.58,1749,841,32.471,66.667,0,496.4,124.9,-36.6,-0.0141,96.24,0.5361,-192.0,-0.0741,231.3,0.1132,67.0,0.0259
0.2,1.0,2.5,2194,2.19,1582,612,27.894,71.429,0,593.2,149.2,-35.76,-0.0163,94.36,0.5321,-167.4,-0.0763,206.8,0.1425,52.0,0.0237
0.2,1.0,3.0,1910,1.9,1448,462,24.188,75.0,0,695.4,149.2,-14.4,-0.0075,85.44,0.6517,-129.0,-0.0675,167.8,0.207,62.0,0.0325
0.2,1.0,4.0,1438,1.43,1172,266,18.498,80.0,0,946.7,267.0,50.48,0.0351,67.56,1.2561,-35.8,-0.0249,106.7,0.5299,108.0,0.0751
0.2,1.0,5.0,1118,1.11,944,174,15.564,83.333,0,1229.1,481.0,29.28,0.0262,77.76,1.0211,-37.8,-0.0338,109.2,0.5219,74.0,0.0662
0.2,1.0,7.000000000000001,860,0.86,762,98,11.395,87.5,0,1607.8,697.1,41.6,0.0484,75.52,1.1345,-10.0,-0.0116,95.9,0.677,76.0,0.0884
0.2,1.0,10.0,623,0.62,574,49,7.865,90.909,0,2252.6,728.5,59.08,0.0948,68.84,1.3494,21.7,0.0348,77.6,0.9284,84.0,0.1348
0.2,1.5,0.3,8475,8.44,1409,7066,83.375,16.667,10,113.1,74.3,-345.3,-0.0407,366.2,0.0262,-853.8,-0.1007,866.0,0.0002,-6.3,-0.0007
0.2,1.5,0.5,6026,6.0,1515,4511,74.859,25.0,4,183.7,74.3,-224.04,-0.0372,249.82,0.0849,-585.6,-0.0972,593.8,0.0023,17.0,0.0028
0.2,1.5,0.7000000000000001,4640,4.62,1487,3153,67.953,31.818,4,256.2,99.3,-162.2,-0.035,196.94,0.1548,-440.6,-0.095,460.6,0.0095,23.4,0.005
0.2,1.5,1.0,3447,3.43,1371,2076,60.226,40.0,2,363.5,99.3,-157.38,-0.0457,196.28,0.1602,-364.2,-0.1057,382.2,0.0202,-19.5,-0.0057
0.2,1.5,1.25,2868,2.86,1318,1550,54.045,45.455,2,450.8,94.8,-75.22,-0.0262,139.91,0.3601,-247.3,-0.0862,288.95,0.0643,39.5,0.0138
0.2,1.5,1.5,2429,2.42,1239,1190,48.991,50.0,2,543.0,146.5,-23.66,-0.0097,100.2,0.6005,-169.4,-0.0697,212.0,0.1397,73.5,0.0303
0.2,1.5,1.7999999999999998,2063,2.05,1142,921,44.644,54.545,1,645.9,164.2,-27.32,-0.0132,95.16,0.576,-151.1,-0.0732,196.0,0.1669,55.2,0.0268
0.2,1.5,2.0,1884,1.88,1099,785,41.667,57.143,0,712.7,171.2,3.14,0.0017,73.26,0.7786,-109.9,-0.0583,166.6,0.2513,78.5,0.0417
0.2,1.5,2.5,1562,1.56,988,574,36.748,62.5,0,868.9,171.2,-15.48,-0.0099,76.88,0.6393,-109.2,-0.0699,155.4,0.2502,47.0,0.0301
0.2,1.5,3.0,1324,1.32,895,429,32.402,66.667,0,1039.9,171.2,2.54,0.0019,76.38,0.7623,-76.9,-0.0581,131.2,0.3442,55.5,0.0419
0.2,1.5,4.0,1014,1.01,754,260,25.641,72.727,0,1372.4,298.6,50.44,0.0497,64.54,1.2297,-10.4,-0.0103,82.0,0.669,91.0,0.0897
0.2,1.5,5.0,796,0.79,622,174,21.859,76.923,0,1769.3,481.2,31.16,0.0391,74.5,1.0174,-16.6,-0.0209,92.6,0.6309,63.0,0.0791
0.2,1.5,7.000000000000001,592,0.59,497,95,16.047,82.353,0,2373.2,697.1,56.82,0.096,79.96,1.3082,21.3,0.036,88.9,0.917,80.5,0.136
0.2,1.5,10.0,418,0.42,371,47,11.244,86.957,0,3386.4,805.8,69.78,0.1669,71.22,1.4987,44.7,0.1069,76.8,1.1662,86.5,0.2069
0.2,2.0,0.3,7157,7.13,943,6214,86.824,13.043,4,150.0,111.0,-264.48,-0.037,280.32,0.0573,-693.9,-0.097,703.2,0.0008,21.8,0.003
0.2,2.0,0.5,4942,4.92,1008,3934,79.603,20.0,1,244.1,86.3,-148.68,-0.0301,183.1,0.1763,-445.2,-0.0901,455.5,0.0091,49.0,0.0099
0.2,2.0,0.7000000000000001,3731,3.72,982,2749,73.68,25.926,2,338.1,143.2,-109.54,-0.0294,153.6,0.2574,-333.4,-0.0894,354.4,0.0274,39.7,0.0106
0.2,2.0,1.0,2734,2.72,921,1813,66.313,33.333,1,482.4,132.9,-80.36,-0.0294,142.12,0.3406,-244.4,-0.0894,284.8,0.066,29.0,0.0106
0.2,2.0,1.25,2237,2.23,870,1367,61.109,38.462,1,600.3,125.3,-58.23,-0.026,136.18,0.4223,-192.45,-0.086,251.2,0.1102,31.25,0.014
0.2,2.0,1.5,1916,1.91,834,1082,56.472,42.857,1,706.5,240.0,-31.64,-0.0165,111.02,0.5465,-146.6,-0.0765,196.3,0.173,45.0,0.0235
0.2,2.0,1.7999999999999998,1561,1.55,753,808,51.762,47.368,1,877.3,166.8,-10.84,-0.0069,77.24,0.6773,-104.5,-0.0669,155.8,0.2653,51.6,0.0331
0.2,2.0,2.0,1425,1.42,722,703,49.333,50.0,0,966.3,245.1,-19.0,-0.0133,85.04,0.6218,-104.5,-0.0733,158.9,0.2642,38.0,0.0267
0.2,2.0,2.5,1203,1.2,684,519,43.142,55.556,0,1143.6,245.2,22.38,0.0186,72.82,0.9266,-49.8,-0.0414,108.1,0.45,70.5,0.0586
0.2,2.0,3.0,1005,1.0,610,395,39.303,60.0,0,1384.2,245.2,-5.2,-0.0052,87.44,0.7019,-65.5,-0.0652,117.5,0.3838,35.0,0.0348
0.2,2.0,4.0,753,0.75,520,233,30.943,66.667,0,1862.5,388.7,77.88,0.1034,56.12,1.6238,32.7,0.0434,62.3,1.0335,108.0,0.1434
0.2,2.0,5.0,600,0.6,435,165,27.5,71.429,0,2342.8,508.0,21.0,0.035,80.08,0.9145,-15.0,-0.025,95.1,0.6378,45.0,0.075
0.2,2.0,7.000000000000001,456,0.45,364,92,20.175,77.778,0,3094.2,697.1,65.76,0.1442,66.96,1.4181,38.4,0.0842,72.9,1.0786,84.0,0.1842
0.2,2.0,10.0,313,0.31,268,45,14.377,83.333,0,4542.3,1001.0,73.48,0.2348,72.68,1.5539,54.7,0.1748,76.7,1.2879,86.0,0.2748
0.2,3.0,0.3,5420,5.4,503,4917,90.72,9.091,2,220.1,146.8,-182.9,-0.0337,216.66,0.1257,-508.1,-0.0937,523.0,0.0049,33.9,0.0063
0.2,3.0,0.5,3615,3.6,530,3085,85.339,14.286,1,358.5,173.3,-97.1,-0.0269,144.84,0.2883,-314.0,-0.0869,336.6,0.0329,47.5,0.0131
0.2,3.0,0.7000000000000001,2696,2.69,516,2180,80.861,18.919,1,492.1,173.3,-85.84,-0.0318,131.72,0.3198,-247.6,-0.0918,273.5,0.0634,22.0,0.0082
0.2,3.0,1.0,1914,1.91,495,1419,74.138,25.0,1,711.1,173.3,-10.56,-0.0055,79.04,0.6733,-125.4,-0.0655,170.4,0.2134,66.0,0.0345
0.2,3.0,1.25,1589,1.58,477,1112,69.981,29.412,1,867.1,195.1,-22.56,-0.0142,104.28,0.5922,-117.9,-0.0742,178.65,0.2281,41.0,0.0258
0.2,3.0,1.5,1362,1.36,473,889,65.272,33.333,1,1019.4,191.7,31.02,0.0228,95.66,1.0005,-50.7,-0.0372,133.8,0.4417,85.5,0.0628
0.2,3.0,1.7999999999999998,1106,1.1,437,669,60.488,37.5,1,1259.7,240.5,62.56,0.0566,63.12,1.3815,-3.8,-0.0034,81.7,0.7114,106.8,0.0966
0.2,3.0,2.0,995,0.99,414,581,58.392,40.0,0,1402.6,205.2,40.2,0.0404,71.6,1.1069,-19.5,-0.0196,95.5,0.6091,80.0,0.0804
0.2,3.0,2.5,844,0.84,399,445,52.725,45.455,0,1666.8,245.2,50.74,0.0601,75.26,1.2092,0.1,0.0001,89.9,0.7286,84.5,0.1001
0.2,3.0,3.0,684,0.68,357,327,47.807,50.0,0,2056.2,406.6,62.64,0.0916,69.92,1.3755,21.6,0.0316,77.6,0.9124,90.0,0.1316
0.2,3.0,4.0,513,0.51,309,204,39.766,57.143,0,2759.0,625.1,90.48,0.1764,67.96,1.8238,59.7,0.1164,73.6,1.3407,111.0,0.2164
0.2,3.0,5.0,424,0.42,276,148,34.906,62.5,0,3370.0,481.5,71.04,0.1675,70.4,1.4878,45.6,0.1075,74.0,1.1536,88.0,0.2075
0.2,3.0,7.000000000000001,317,0.32,233,84,26.498,70.0,0,4482.8,1072.6,98.32,0.3102,69.36,1.9438,79.3,0.2502,71.4,1.6073,111.0,0.3502
0.2,3.0,10.0,209,0.21,169,40,19.139,76.923,0,6816.8,1201.2,98.64,0.472,64.76,2.0089,86.1,0.412,67.4,1.7725,107.0,0.512
0.2,5.0,0.3,3644,3.63,212,3432,94.182,5.66,1,355.3,428.1,-115.36,-0.0317,157.16,0.2403,-334.0,-0.0917,350.2,0.0269,30.4,0.0083
0.2,5.0,0.5,2358,2.35,223,2135,90.543,9.091,1,577.7,428.1,-46.82,-0.0199,112.04,0.4653,-188.3,-0.0799,229.6,0.1129,47.5,0.0201
0.2,5.0,0.7000000000000001,1698,1.69,220,1478,87.044,12.281,1,817.8,456.0,-2.52,-0.0015,97.26,0.7205,-104.4,-0.0615,161.1,0.2599,65.4,0.0385
0.2,5.0,1.0,1226,1.22,216,1010,82.382,16.667,1,1135.9,456.8,20.96,0.0171,76.24,0.9025,-52.6,-0.0429,120.5,0.4323,70.0,0.0571
0.2,5.0,1.25,995,0.99,209,786,78.995,20.0,1,1415.2,428.1,22.7,0.0228,80.72,0.9159,-37.0,-0.0372,111.8,0.504,62.5,0.0628
0.2,5.0,1.5,850,0.85,205,645,75.882,23.077,1,1667.0,428.1,23.5,0.0276,88.9,0.9172,-27.5,-0.0324,112.2,0.5506,57.5,0.0676
0.2,5.0,1.7999999999999998,688,0.69,193,495,71.948,26.471,1,2063.4,542.0,46.48,0.0676,79.44,1.162,5.2,0.0076,97.0,0.7688,74.0,0.1076
0.2,5.0,2.0,630,0.63,191,439,69.683,28.571,0,2254.0,528.8,51.8,0.0822,71.16,1.2189,14.0,0.0222,83.3,0.8351,77.0,0.1222
0.2,5.0,2.5,514,0.51,182,332,64.591,33.333,0,2776.6,542.0,59.44,0.1156,68.32,1.3083,28.6,0.0556,73.3,0.961,80.0,0.1556
0.2,5.0,3.0,441,0.44,174,267,60.544,37.5,0,3213.8,528.8,51.36,0.1165,70.4,1.1978,24.9,0.0565,76.3,0.9191,69.0,0.1565
0.2,5.0,4.0,331,0.33,158,173,52.266,44.444,0,4292.8,863.6,84.76,0.2561,69.76,1.6725,64.9,0.1961,72.4,1.3713,98.0,0.2961
0.2,5.0,5.0,266,0.26,142,124,46.617,50.0,0,5357.1,716.8,79.36,0.2983,66.64,1.5865,63.4,0.2383,69.1,1.3525,90.0,0.3383
0.2,5.0,7.000000000000001,194,0.19,123,71,36.598,58.333,0,7346.7,1092.4,110.24,0.5682,65.92,2.1625,98.6,0.5082,67.3,1.9253,118.0,0.6082
0.2,5.0,10.0,128,0.13,92,36,28.125,66.667,0,11153.9,1022.8,94.88,0.7412,61.44,1.9053,87.2,0.6813,63.6,1.7648,100.0,0.7813
0.25,0.1,0.3,10256,10.22,6909,3347,32.635,75.0,1114,7.3,2.8,-723.44,-0.0705,724.16,0.0007,-1338.8,-0.1305,1338.8,0.0,-313.2,-0.0305
0.25,0.1,0.5,9742,9.7,7756,1986,20.386,83.333,455,9.7,6.2,-607.08,-0.0623,607.8,0.0022,-1191.6,-0.1223,1191.6,0.0,-217.4,-0.0223
0.25,0.1,0.7000000000000001,9205,9.17,7865,1340,14.557,87.5,226,12.6,7.5,-519.7,-0.0565,520.18,0.0053,-1072.0,-0.1165,1072.0,0.0,-151.5,-0.0165
0.25,0.1,1.0,8701,8.67,7822,879,10.102,90.909,94,18.1,44.6,-444.84,-0.0511,445.62,0.0111,-966.9,-0.1111,966.9,0.0001,-96.8,-0.0111
0.25,0.1,1.25,8319,8.29,7668,651,7.825,92.593,51,22.6,44.6,-379.71,-0.0456,380.49,0.0212,-878.85,-0.1056,878.85,0.0001,-46.95,-0.0056
0.25,0.1,1.5,7991,7.96,7459,532,6.657,93.75,31,27.6,54.8,-371.74,-0.0465,372.52,0.0228,-851.2,-0.1065,851.2,0.0002,-52.1,-0.0065
0.25,0.1,1.7999999999999998,7662,7.63,7233,429,5.599,94.737,24,33.3,56.8,-355.38,-0.0464,357.36,0.0266,-815.1,-0.1064,815.1,0.0003,-48.9,-0.0064
0.25,0.1,2.0,7443,7.41,7063,380,5.105,95.238,20,38.9,56.8,-351.42,-0.0472,353.4,0.0274,-798.0,-0.1072,798.0,0.0003,-53.7,-0.0072
0.25,0.1,2.5,7000,6.97,6719,281,4.014,96.154,8,50.8,77.6,-310.6,-0.0444,313.28,0.0408,-730.6,-0.1044,730.6,0.0006,-30.6,-0.0044
0.25,0.1,3.0,6569,6.54,6350,219,3.334,96.774,7,63.5,124.8,-284.76,-0.0433,286.16,0.0522,-678.9,-0.1033,678.9,0.001,-22.0,-0.0033
0.25,0.1,4.0,5887,5.86,5742,145,2.463,97.561,3,88.4,166.8,-241.28,-0.041,244.82,0.0792,-594.5,-0.101,594.5,0.0023,-5.8,-0.001
0.25,0.1,5.0,5294,5.27,5190,104,1.964,98.039,3,116.4,320.3,-212.76,-0.0402,217.86,0.1038,-530.4,-0.1002,530.4,0.0043,-1.0,-0.0002
0.25,0.1,7.000000000000001,4495,4.48,4430,65,1.446,98.592,1,160.8,440.3,-191.8,-0.0427,196.94,0.124,-461.5,-0.1027,461.5,0.0083,-12.0,-0.0027
0.25,0.1,10.0,3696,3.68,3661,35,0.947,99.01,0,230.1,660.0,-131.74,-0.0356,143.5,0.2215,-353.5,-0.0956,353.5,0.0241,16.1,0.0044
0.25,0.16,0.3,10207,10.17,6254,3953,38.728,65.217,723,9.7,5.5,-593.54,-0.0582,594.54,0.0026,-1205.96,-0.1182,1206.44,0.0,-185.26,-0.0182
0.25,0.16,0.5,9468,9.43,6956,2512,26.531,75.758,296,14.1,10.4,-521.76,-0.0551,522.84,0.0052,-1089.84,-0.1151,1090.32,0.0,-143.04,-0.0151
0.25,0.16,0.7000000000000001,8740,8.71,6990,1750,20.023,81.395,150,19.3,17.0,-456.2,-0.0522,458.04,0.0099,-980.6,-0.1122,981.08,0.0001,-106.6,-0.0122
0.25,0.16,1.0,8030,8.0,6844,1186,14.77,86.207,66,27.8,44.7,-412.16,-0.0513,413.76,0.0151,-893.96,-0.1113,894.74,0.0001,-90.96,-0.0113
0.25,0.16,1.25,7538,7.51,6659,879,11.661,88.652,38,35.5,44.7,-334.83,-0.0444,337.23,0.0325,-787.11,-0.1044,787.89,0.0004,-33.31,-0.0044
0.25,0.16,1.5,7111,7.08,6408,703,9.886,90.361,20,44.6,54.8,-313.66,-0.0441,315.48,0.0397,-740.32,-0.1041,741.1,0.0006,-29.22,-0.0041
0.25,0.16,1.7999999999999998,6704,6.68,6148,556,8.294,91.837,18,53.6,57.2,-285.28,-0.0426,287.32,0.0522,-687.52,-0.1026,688.54,0.0009,-17.12,-0.0026
0.25,0.16,2.0,6467,6.44,5977,490,7.577,92.593,14,60.4,48.4,-282.36,-0.0437,285.84,0.0533,-670.38,-0.1037,672.06,0.0011,-23.68,-0.0037
0.25,0.16,2.5,5946,5.92,5584,362,6.088,93.985,4,79.7,148.9,-249.4,-0.0419,254.18,0.073,-606.16,-0.1019,607.9,0.0021,-11.56,-0.0019
0.25,0.16,3.0,5463,5.44,5181,282,5.162,94.937,4,101.2,148.9,-235.56,-0.0431,238.52,0.0827,-563.34,-0.1031,564.36,0.0031,-17.04,-0.0031
0.25,0.16,4.0,4701,4.68,4529,172,3.659,96.154,3,140.5,166.8,-151.4,-0.0322,168.56,0.1898,-433.46,-0.0922,436.7,0.0113,36.64,0.0078
0.25,0.16,5.0,4130,4.11,4005,125,3.027,96.899,2,184.4,552.9,-149.4,-0.0362,163.68,0.1899,-397.2,-0.0962,399.9,0.0159,15.8,0.0038
0.25,0.16,7.000000000000001,3441,3.43,3368,73,2.121,97.765,0,252.1,552.9,-109.76,-0.0319,132.96,0.2753,-316.22,-0.0919,318.72,0.0349,27.88,0.0081
0.25,0.16,10.0,2776,2.76,2738,38,1.369,98.425,0,358.0,660.0,-52.96,-0.0191,75.8,0.4786,-219.52,-0.0791,229.36,0.0904,58.08,0.0209
0.25,0.2,0.3,10155,10.11,5782,4373,43.063,60.0,564,11.7,5.5,-561.7,-0.0553,563.26,0.0035,-1171.0,-0.1153,1171.8,0.0,-155.5,-0.0153
0.25,0.2,0.5,9268,9.23,6412,2856,30.816,71.429,238,17.9,12.1,-516.32,-0.0557,517.66,0.0054,-1072.4,-0.1157,1073.2,0.0,-145.6,-0.0157
0.25,0.2,0.7000000000000001,8459,8.43,6466,1993,23.561,77.778,121,24.8,18.9,-440.26,-0.052,443.54,0.0115,-947.8,-0.112,948.8,0.0001,-101.9,-0.012
0.25,0.2,1.0,7663,7.63,6299,1364,17.8,83.333,54,36.2,52.4,-410.72,-0.0536,415.04,0.0152,-870.5,-0.1136,871.8,0.0002,-104.2,-0.0136
0.25,0.2,1.25,7132,7.1,6113,1019,14.288,86.207,31,45.8,52.5,-336.43,-0.0472,341.46,0.0315,-764.35,-0.1072,765.65,0.0004,-51.15,-0.0072
0.25,0.2,1.5,6651,6.62,5840,811,12.194,88.235,16,56.9,54.8,-314.54,-0.0473,320.22,0.0388,-713.6,-0.1073,714.9,0.0007,-48.5,-0.0073
0.25,0.2,1.7999999999999998,6181,6.16,5543,638,10.322,90.0,14,69.8,57.5,-287.04,-0.0464,291.36,0.0504,-657.9,-0.1064,659.6,0.0012,-39.8,-0.0064
0.25,0.2,2.0,5939,5.92,5377,562,9.463,90.909,11,78.4,65.6,-286.16,-0.0482,292.0,0.0504,-642.5,-0.1082,645.2,0.0014,-48.6,-0.0082
0.25,0.2,2.5,5379,5.36,4963,416,7.734,92.593,3,102.2,148.9,-262.56,-0.0488,269.62,0.0628,-585.3,-0.1088,588.7,0.0025,-47.4,-0.0088
0.25,0.2,3.0,4879,4.86,4556,323,6.62,93.75,3,129.9,148.9,-252.96,-0.0518,259.68,0.068,-545.7,-0.1118,547.6,0.0036,-57.8,-0.0118
0.25,0.2,4.0,4156,4.14,3955,201,4.836,95.238,1,179.9,166.8,-179.24,-0.0431,201.08,0.14,-428.6,-0.1031,432.8,0.0115,-13.0,-0.0031
0.25,0.2,5.0,3567,3.55,3429,138,3.869,96.154,1,238.3,553.0,-146.88,-0.0412,172.4,0.1912,-360.9,-0.1012,366.6,0.0224,-4.2,-0.0012
0.25,0.2,7.000000000000001,2856,2.84,2777,79,2.766,97.222,0,331.0,553.0,-111.84,-0.0392,148.0,0.2652,-283.2,-0.0992,293.4,0.0477,2.4,0.0008
0.25,0.2,10.0,2220,2.21,2177,43,1.937,98.039,0,482.8,660.0,-83.4,-0.0376,114.28,0.3433,-216.6,-0.0976,230.4,0.0905,5.4,0.0024
0.25,0.25,0.3,10069,10.03,5264,4805,47.721,54.545,425,14.2,5.5,-528.26,-0.0525,530.61,0.0049,-1132.4,-0.1125,1133.7,0.0,-125.5,-0.0125
0.25,0.25,0.5,9041,9.01,5829,3212,35.527,66.667,181,22.4,12.2,-510.39,-0.0565,512.25,0.0057,-1052.85,-0.1165,1054.05,0.0,-148.75,-0.0165
0.25,0.25,0.7000000000000001,8147,8.11,5893,2254,27.667,73.684,89,31.2,22.2,-430.43,-0.0528,434.08,0.0125,-919.25,-0.1128,921.1,0.0001,-104.55,-0.0128
0.25,0.25,1.0,7232,7.2,5684,1548,21.405,80.0,41,45.7,39.0,-416.28,-0.0576,422.67,0.0141,-850.2,-0.1176,852.25,0.0002,-127.0,-0.0176
0.25,0.25,1.25,6634,6.61,5474,1160,17.486,83.333,22,58.9,39.8,-346.86,-0.0523,354.27,0.0279,-744.9,-0.1123,746.85,0.0005,-81.5,-0.0123
0.25,0.25,1.5,6117,6.09,5212,905,14.795,85.714,12,75.4,54.8,-299.18,-0.0489,308.35,0.0445,-666.2,-0.1089,668.5,0.0011,-54.5,-0.0089
0.25,0.25,1.7999999999999998,5610,5.59,4904,706,12.585,87.805,10,93.2,58.7,-269.2,-0.048,278.64,0.0594,-605.8,-0.108,608.65,0.002,-44.8,-0.008
0.25,0.25,2.0,5358,5.34,4739,619,11.553,88.889,7,103.5,65.6,-267.57,-0.0499,276.51,0.0598,-589.05,-0.1099,594.15,0.0024,-53.25,-0.0099
0.25,0.25,2.5,4804,4.78,4356,448,9.326,90.909,3,134.0,148.9,-223.16,-0.0465,233.22,0.0918,-511.4,-0.1065,517.8,0.0051,-31.0,-0.0065
0.25,0.25,3.0,4314,4.3,3969,345,7.997,92.308,3,169.1,148.9,-215.31,-0.0499,224.37,0.0978,-474.15,-0.1099,477.95,0.0073,-42.75,-0.0099
0.25,0.25,4.0,3672,3.66,3455,217,5.91,94.118,1,221.9,167.0,-151.13,-0.0412,181.84,0.1825,-371.45,-0.1012,377.65,0.0201,-4.25,-0.0012
0.25,0.25,5.0,3124,3.11,2975,149,4.77,95.238,1,293.4,253.6,-126.21,-0.0404,159.81,0.2312,-313.65,-0.1004,320.7,0.0354,-1.25,-0.0004
0.25,0.25,7.000000000000001,2452,2.44,2369,83,3.385,96.552,0,417.9,696.2,-86.83,-0.0354,132.58,0.3364,-233.95,-0.0954,254.2,0.0772,11.25,0.0046
0.25,0.25,10.0,1838,1.83,1793,45,2.448,97.561,0,618.8,696.2,-75.27,-0.041,114.07,0.3679,-185.55,-0.101,202.65,0.122,-1.75,-0.001
0.25,0.3,0.3,9970,9.93,4803,5167,51.825,50.0,304,17.1,5.7,-508.0,-0.051,511.14,0.0059,-1106.2,-0.111,1108.2,0.0,-109.2,-0.011
0.25,0.3,0.5,8805,8.77,5307,3498,39.727,62.5,133,27.3,13.8,-509.1,-0.0578,511.66,0.0057,-1037.4,-0.1178,1039.0,0.0,-156.9,-0.0178
0.25,0.3,0.7000000000000001,7820,7.79,5339,2481,31.726,70.0,66,38.8,22.2,-447.8,-0.0573,452.3,0.0104,-917.0,-0.1173,920.0,0.0001,-135.0,-0.0173
0.25,0.3,1.0,6830,6.8,5138,1692,24.773,76.923,30,58.0,39.0,-423.8,-0.062,430.3,0.0129,-833.6,-0.122,836.7,0.0002,-150.6,-0.022
0.25,0.3,1.25,6175,6.15,4918,1257,20.356,80.645,18,74.7,55.3,-342.85,-0.0555,352.64,0.0287,-713.35,-0.1155,716.35,0.0007,-95.85,-0.0155
0.25,0.3,1.5,5658,5.64,4683,975,17.232,83.333,9,95.9,75.1,-283.92,-0.0502,295.76,0.0512,-623.4,-0.1102,626.4,0.0017,-57.6,-0.0102
0.25,0.3,1.7999999999999998,5134,5.11,4366,768,14.959,85.714,7,118.5,82.6,-277.96,-0.0541,290.22,0.0536,-586.0,-0.1141,588.8,0.0025,-72.6,-0.0141
0.25,0.3,2.0,4889,4.87,4220,669,13.684,86.957,4,130.8,82.8,-267.56,-0.0547,279.84,0.059,-560.9,-0.1147,566.5,0.0031,-72.0,-0.0147
0.25,0.3,2.5,4297,4.28,3807,490,11.403,89.286,3,173.2,148.9,-254.78,-0.0593,265.64,0.0658,-512.6,-0.1193,518.2,0.005,-82.9,-0.0193
0.25,0.3,3.0,3872,3.86,3498,374,9.659,90.909,3,212.9,148.9,-227.48,-0.0587,252.3,0.0852,-459.8,-0.1188,467.0,0.0083,-72.6,-0.0187
0.25,0.3,4.0,3229,3.22,2999,230,7.123,93.023,1,282.5,155.2,-149.46,-0.0463,191.5,0.1831,-343.2,-0.1063,354.7,0.0263,-20.3,-0.0063
0.25,0.3,5.0,2694,2.68,2538,156,5.791,94.34,1,372.4,253.6,-126.36,-0.0469,165.62,0.2283,-288.0,-0.1069,302.3,0.0453,-18.6,-0.0069
0.25,0.3,7.000000000000001,2155,2.15,2066,89,4.13,95.89,0,497.4,696.3,-89.4,-0.0415,141.8,0.3222,-218.7,-0.1015,248.9,0.0883,-3.2,-0.0015
0.25,0.3,10.0,1618,1.61,1571,47,2.905,97.087,0,727.9,696.3,-63.42,-0.0392,108.9,0.4092,-160.5,-0.0992,185.9,0.1548,1.3,0.0008
0.25,0.4,0.3,9735,9.7,4097,5638,57.915,42.857,181,22.4,16.8,-442.0,-0.0454,447.48,0.0113,-1026.1,-0.1054,1029.1,0.0,-52.6,-0.0054
0.25,0.4,0.5,8381,8.35,4513,3868,46.152,55.556,83,37.0,23.8,-464.04,-0.0554,468.0,0.0089,-966.9,-0.1154,969.3,0.0001,-128.8,-0.0154
0.25,0.4,0.7000000000000001,7277,7.25,4513,2764,37.983,63.636,50,54.4,39.8,-420.68,-0.0578,430.12,0.0134,-857.3,-0.1178,861.7,0.0002,-129.6,-0.0178
0.25,0.4,1.0,6202,6.18,4340,1862,30.023,71.429,23,81.4,42.5,-374.08,-0.0603,389.2,0.0209,-746.2,-0.1203,752.2,0.0005,-126.0,-0.0203
0.25,0.4,1.25,5552,5.53,4155,1397,25.162,75.758,12,102.2,55.3,-306.33,-0.0552,323.76,0.0405,-639.45,-0.1152,647.4,0.0014,-84.25,-0.0152
0.25,0.4,1.5,4974,4.95,3892,1082,21.753,78.947,7,131.0,75.2,-265.16,-0.0533,287.94,0.0604,-563.6,-0.1133,575.2,0.003,-66.2,-0.0133
0.25,0.4,1.7999999999999998,4502,4.48,3655,847,18.814,81.818,5,159.8,82.6,-242.68,-0.0539,268.36,0.0746,-512.8,-0.1139,523.2,0.005,-62.6,-0.0139
0.25,0.4,2.0,4261,4.24,3522,739,17.343,83.333,3,176.6,82.8,-239.64,-0.0562,264.72,0.0761,-495.3,-0.1162,504.0,0.0059,-69.2,-0.0162
0.25,0.4,2.5,3667,3.65,3135,532,14.508,86.207,2,234.7,149.0,-222.68,-0.0607,250.34,0.0888,-442.7,-0.1207,452.7,0.0098,-76.0,-0.0207
0.25,0.4,3.0,3309,3.3,2907,402,12.149,88.235,2,274.6,149.0,-175.56,-0.0531,207.64,0.1403,-374.1,-0.1131,384.4,0.0192,-43.2,-0.0131
0.25,0.4,4.0,2662,2.65,2413,249,9.354,90.909,0,381.2,192.9,-137.28,-0.0516,181.52,0.2025,-297.0,-0.1116,318.1,0.0409,-30.8,-0.0116
0.25,0.4,5.0,2186,2.18,2023,163,7.457,92.593,0,500.8,267.0,-93.24,-0.0427,140.76,0.3136,-224.4,-0.1027,252.3,0.0844,-5.8,-0.0027
0.25,0.4,7.000000000000001,1738,1.73,1647,91,5.236,94.595,0,668.5,697.0,-47.72,-0.0275,108.8,0.4846,-152.0,-0.0875,195.5,0.1706,21.8,0.0125
0.25,0.4,10.0,1272,1.27,1225,47,3.695,96.154,0,976.4,697.0,-30.88,-0.0243,94.24,0.5651,-107.2,-0.0843,143.6,0.2632,20.0,0.0157
0.25,0.5,0.3,9470,9.43,3541,5929,62.608,37.5,113,28.2,17.2,-387.0,-0.0409,392.16,0.0194,-955.2,-0.1009,957.6,0.0001,-8.2,-0.0009
0.25,0.5,0.5,8024,7.99,3958,4066,50.673,50.0,45,46.9,38.7,-374.96,-0.0467,378.92,0.0213,-856.4,-0.1067,858.8,0.0002,-54.0,-0.0067
0.25,0.5,0.7000000000000001,6835,6.81,3916,2919,42.707,58.333,34,69.0,39.8,-358.7,-0.0525,367.84,0.0245,-768.8,-0.1125,772.4,0.0004,-85.3,-0.0125
0.25,0.5,1.0,5732,5.71,3778,1954,34.089,66.667,15,103.7,46.0,-294.28,-0.0513,307.98,0.0455,-638.2,-0.1113,642.7,0.0015,-65.0,-0.0113
0.25,0.5,1.25,5085,5.06,3622,1463,28.771,71.429,7,130.1,55.3,-221.15,-0.0435,238.13,0.0932,-526.25,-0.1035,533.8,0.0044,-17.75,-0.0035
0.25,0.5,1.5,4510,4.49,3360,1150,25.499,75.0,4,167.0,75.3,-225.4,-0.05,243.98,0.0883,-496.0,-0.11,506.4,0.0059,-45.0,-0.01
0.25,0.5,1.7999999999999998,4023,4.01,3137,886,22.023,78.261,2,206.9,82.6,-187.22,-0.0465,217.58,0.1278,-428.6,-0.1065,442.6,0.0114,-26.3,-0.0065
0.25,0.5,2.0,3803,3.79,3027,776,20.405,80.0,1,223.7,82.8,-190.62,-0.0501,220.94,0.1222,-418.8,-0.1101,431.5,0.0125,-38.5,-0.0101
0.25,0.5,2.5,3212,3.2,2656,556,17.31,83.333,1,295.2,149.2,-190.48,-0.0593,215.26,0.1206,-383.2,-0.1193,391.0,0.0175,-62.0,-0.0193
0.25,0.5,3.0,2872,2.86,2448,424,14.763,85.714,1,344.4,149.2,-162.88,-0.0567,188.38,0.1565,-335.2,-0.1167,344.9,0.0279,-48.0,-0.0167
0.25,0.5,4.0,2325,2.32,2066,259,11.14,88.889,0,462.9,192.9,-96.0,-0.0413,144.1,0.3015,-235.5,-0.1013,265.0,0.0746,-3.0,-0.0013
0.25,0.5,5.0,1882,1.87,1713,169,8.98,90.909,0,613.6,267.0,-63.78,-0.0339,115.12,0.4156,-176.7,-0.0939,211.3,0.1342,11.5,0.0061
0.25,0.5,7.000000000000001,1429,1.42,1337,92,6.438,93.333,0,852.6,697.0,-32.66,-0.0229,108.12,0.5599,-118.4,-0.0829,169.4,0.2374,24.5,0.0171
0.25,0.5,10.0,1071,1.07,1023,48,4.482,95.238,0,1196.3,697.0,-11.34,-0.0106,94.2,0.6814,-75.6,-0.0706,123.0,0.3581,31.5,0.0294
0.25,0.6,0.3,9158,9.12,3026,6132,66.958,33.333,82,35.1,29.0,-390.32,-0.0426,397.82,0.0186,-939.8,-0.1026,942.4,0.0001,-24.0,-0.0026
0.25,0.6,0.5,7630,7.6,3390,4240,55.57,45.455,31,58.3,52.2,-391.2,-0.0513,396.78,0.0178,-849.0,-0.1113,852.0,0.0002,-86.0,-0.0113
0.25,0.6,0.7000000000000001,6393,6.37,3360,3033,47.443,53.846,27,85.7,52.3,-362.82,-0.0568,374.58,0.0232,-746.4,-0.1168,750.8,0.0005,-107.1,-0.0168
0.25,0.6,1.0,5271,5.25,3253,2018,38.285,62.5,13,129.0,54.2,-277.04,-0.0526,296.16,0.0533,-593.3,-0.1126,602.3,0.0023,-66.2,-0.0126
0.25,0.6,1.25,4622,4.6,3105,1517,32.821,67.568,7,161.1,73.0,-218.13,-0.0472,237.78,0.0947,-495.45,-0.1072,505.3,0.0059,-33.25,-0.0072
0.25,0.6,1.5,4085,4.07,2903,1182,28.935,71.429,5,202.4,75.3,-194.6,-0.0476,223.44,0.1185,-439.7,-0.1076,456.3,0.0102,-31.2,-0.0076
0.25,0.6,1.7999999999999998,3587,3.57,2672,915,25.509,75.0,3,252.7,82.6,-187.28,-0.0522,229.04,0.126,-402.5,-0.1122,424.6,0.0146,-43.8,-0.0122
0.25,0.6,2.0,3371,3.36,2579,792,23.495,76.923,2,274.9,82.8,-171.44,-0.0509,213.52,0.1463,-373.7,-0.1109,393.6,0.0193,-36.6,-0.0109
0.25,0.6,2.5,2858,2.85,2291,567,19.839,80.645,1,355.2,153.8,-157.22,-0.055,187.8,0.1663,-328.7,-0.115,340.1,0.0299,-42.9,-0.015
0.25,0.6,3.0,2549,2.54,2115,434,17.026,83.333,1,411.3,153.8,-134.96,-0.0529,166.08,0.2045,-287.9,-0.1129,301.4,0.0442,-33.0,-0.0129
0.25,0.6,4.0,2027,2.02,1763,264,13.024,86.957,0,556.4,193.0,-79.28,-0.0391,131.08,0.3528,-200.9,-0.0991,236.8,0.1044,1.8,0.0009
0.25,0.6,5.0,1604,1.6,1434,170,10.599,89.286,0,746.9,267.0,-53.76,-0.0335,104.72,0.4568,-150.0,-0.0935,187.1,0.1743,10.4,0.0065
0.25,0.6,7.000000000000001,1221,1.22,1128,93,7.617,92.105,0,1026.0,697.0,-23.04,-0.0189,94.4,0.6127,-96.3,-0.0789,148.2,0.2943,25.8,0.0211
0.25,0.6,10.0,925,0.92,876,49,5.297,94.34,0,1416.2,697.0,-1.4,-0.0015,90.08,0.7464,-56.9,-0.0615,114.5,0.4282,35.6,0.0385
0.25,0.8,0.3,8588,8.55,2340,6248,72.753,27.273,44,49.3,40.1,-345.92,-0.0403,361.34,0.0284,-861.2,-0.1003,866.0,0.0002,-2.4,-0.0003
0.25,0.8,0.5,6962,6.93,2639,4323,62.094,38.462,17,80.7,52.2,-328.78,-0.0472,345.1,0.0325,-746.5,-0.1072,751.2,0.0005,-50.3,-0.0072
0.25,0.8,0.7000000000000001,5755,5.73,2648,3107,53.988,46.667,13,116.7,52.3,-286.7,-0.0498,308.84,0.0484,-632.0,-0.1098,641.9,0.0015,-56.5,-0.0098
0.25,0.8,1.0,4578,4.56,2512,2066,45.129,55.556,5,174.8,63.0,-239.52,-0.0523,272.6,0.0758,-514.2,-0.1123,532.0,0.0048,-56.4,-0.0123
0.25,0.8,1.25,3933,3.92,2386,1547,39.334,60.976,4,221.3,93.6,-182.27,-0.0463,216.49,0.1325,-418.25,-0.1063,435.3,0.0125,-24.95,-0.0063
0.25,0.8,1.5,3470,3.46,2262,1208,34.813,65.217,3,269.7,93.6,-141.2,-0.0407,180.64,0.1976,-349.4,-0.1007,375.4,0.0246,-2.4,-0.0007
0.25,0.8,1.7999999999999998,3027,3.01,2100,927,30.624,69.231,1,334.9,93.6,-109.68,-0.0362,155.72,0.2682,-291.3,-0.0962,317.9,0.0436,11.4,0.0038
0.25,0.8,2.0,2808,2.8,2004,804,28.632,71.429,0,367.1,93.6,-117.12,-0.0417,160.28,0.247,-285.6,-0.1017,308.7,0.0457,-4.8,-0.0017
0.25,0.8,2.5,2356,2.35,1776,580,24.618,75.758,0,469.3,153.8,-123.44,-0.0524,156.52,0.2286,-264.8,-0.1124,281.8,0.0555,-29.2,-0.0124
0.25,0.8,3.0,2092,2.08,1648,444,21.224,78.947,0,540.9,154.4,-97.28,-0.0465,137.56,0.2924,-222.8,-0.1065,247.4,0.0832,-13.6,-0.0065
0.25,0.8,4.0,1654,1.65,1389,265,16.022,83.333,0,730.0,228.0,-14.96,-0.009,91.0,0.6625,-114.2,-0.069,155.0,0.2454,51.2,0.031
0.25,0.8,5.0,1284,1.28,1111,173,13.474,86.207,0,979.9,267.0,-27.56,-0.0215,94.76,0.5857,-104.6,-0.0815,155.5,0.2709,23.8,0.0185
0.25,0.8,7.000000000000001,992,0.99,897,95,9.577,89.744,0,1303.4,697.0,12.92,0.013,75.88,0.8662,-46.6,-0.047,109.7,0.4775,52.6,0.053
0.25,0.8,10.0,722,0.72,674,48,6.648,92.593,0,1866.2,697.0,30.32,0.042,73.72,1.0247,-13.0,-0.018,93.0,0.6642,59.2,0.082
0.25,1.0,0.3,8057,8.02,1878,6179,76.691,23.077,26,63.4,44.8,-297.98,-0.037,314.06,0.045,-781.4,-0.097,787.9,0.0004,24.3,0.003
0.25,1.0,0.5,6428,6.4,2129,4299,66.879,33.333,15,103.5,52.2,-277.62,-0.0432,293.58,0.053,-663.3,-0.1032,668.7,0.0011,-20.5,-0.0032
0.25,1.0,0.7000000000000001,5229,5.21,2128,3101,59.304,41.176,12,150.9,56.5,-251.86,-0.0482,275.92,0.0671,-565.6,-0.1082,580.0,0.0029,-42.7,-0.0082
0.25,1.0,1.0,4080,4.06,2016,2064,50.588,50.0,4,220.8,63.9,-211.2,-0.0518,238.16,0.0986,-456.0,-0.1118,472.5,0.0085,-48.0,-0.0118
0.25,1.0,1.25,3463,3.45,1915,1548,44.701,55.556,4,279.8,93.8,-158.52,-0.0458,195.93,0.1648,-366.3,-0.1058,386.1,0.0206,-20.0,-0.0058
0.25,1.0,1.5,3027,3.01,1822,1205,39.808,60.0,3,339.7,93.8,-106.58,-0.0352,136.56,0.2743,-288.2,-0.0952,309.9,0.0445,14.5,0.0048
0.25,1.0,1.7999999999999998,2605,2.59,1683,922,35.393,64.286,1,422.1,93.8,-80.8,-0.031,127.2,0.3524,-237.1,-0.091,267.3,0.0737,23.4,0.009
0.25,1.0,2.0,2391,2.38,1603,788,32.957,66.667,0,463.6,102.9,-68.64,-0.0287,112.92,0.3961,-212.1,-0.0887,238.8,0.0943,27.0,0.0113
0.25,1.0,2.5,2013,2.0,1435,578,28.713,71.429,0,579.3,153.8,-90.52,-0.045,135.08,0.3133,-211.3,-0.105,241.7,0.0935,-10.0,-0.005
0.25,1.0,3.0,1755,1.75,1315,440,25.071,75.0,0,678.6,168.5,-75.2,-0.0428,122.24,0.3607,-180.5,-0.1028,204.3,0.1257,-5.0,-0.0028
0.25,1.0,4.0,1358,1.35,1100,258,18.999,80.0,0,937.0,265.9,13.68,0.0101,78.8,0.8781,-67.8,-0.0499,118.2,0.3886,68.0,0.0501
0.25,1.0,5.0,1042,1.04,872,170,16.315,83.333,0,1242.4,401.6,-19.68,-0.0189,105.6,0.6312,-82.2,-0.0789,137.4,0.3376,22.0,0.0211
0.25,1.0,7.000000000000001,801,0.8,707,94,11.735,87.5,0,1651.3,697.1,16.96,0.0212,82.88,0.8983,-31.1,-0.0388,106.7,0.5553,49.0,0.0612
0.25,1.0,10.0,584,0.58,536,48,8.219,90.909,0,2339.5,728.5,32.64,0.0559,74.16,1.0433,-2.4,-0.0041,83.0,0.7347,56.0,0.0959
0.25,1.5,0.3,6857,6.83,1152,5705,83.2,16.667,10,101.3,67.5,-257.78,-0.0376,277.38,0.0651,-669.2,-0.0976,681.4,0.0011,16.5,0.0024
0.25,1.5,0.5,5196,5.18,1296,3900,75.058,25.0,4,165.9,92.3,-213.84,-0.0412,243.94,0.0971,-525.6,-0.1012,537.4,0.0043,-6.0,-0.0012
0.25,1.5,0.7000000000000001,4167,4.15,1315,2852,68.443,31.818,4,234.9,99.3,-190.58,-0.0457,227.7,0.1197,-440.6,-0.1057,461.0,0.0098,-23.9,-0.0057
0.25,1.5,1.0,3157,3.14,1256,1901,60.215,40.0,2,341.8,99.3,-143.28,-0.0454,179.18,0.1885,-332.7,-0.1054,352.4,0.0283,-17.0,-0.0054
0.25,1.5,1.25,2671,2.66,1231,1440,53.912,45.455,2,423.0,144.4,-60.34,-0.0226,126.8,0.4256,-220.6,-0.0826,267.1,0.0856,46.5,0.0174
0.25,1.5,1.5,2276,2.27,1153,1123,49.341,50.0,2,506.6,144.5,-46.04,-0.0202,112.46,0.4884,-182.6,-0.0802,215.0,0.1245,45.0,0.0198
0.25,1.5,1.7999999999999998,1938,1.93,1073,865,44.634,54.545,1,632.2,170.0,-25.02,-0.0129,102.54,0.5995,-141.3,-0.0729,180.2,0.1872,52.5,0.0271
0.25,1.5,2.0,1782,1.77,1038,744,41.751,57.143,0,694.4,170.0,-2.28,-0.0013,83.12,0.7488,-109.2,-0.0613,159.6,0.2569,69.0,0.0387
0.25,1.5,2.5,1489,1.48,937,552,37.072,62.5,0,843.9,170.0,-34.06,-0.0229,94.46,0.5376,-123.4,-0.0829,165.8,0.2198,25.5,0.0171
0.25,1.5,3.0,1264,1.26,849,415,32.832,66.667,0,1005.9,170.0,-22.06,-0.0175,85.88,0.6029,-97.9,-0.0775,138.4,0.2822,28.5,0.0225
0.25,1.5,4.0,972,0.97,721,251,25.823,72.727,0,1368.8,469.1,38.62,0.0397,75.88,1.1047,-19.7,-0.0203,93.8,0.6164,77.5,0.0797
0.25,1.5,5.0,741,0.74,579,162,21.862,76.923,0,1836.5,469.1,28.86,0.0389,79.38,1.0147,-15.6,-0.0211,89.9,0.6503,58.5,0.0789
0.25,1.5,7.000000000000001,584,0.58,493,91,15.582,82.353,0,2343.1,697.1,79.14,0.1355,72.7,1.6531,44.1,0.0755,77.3,1.1645,102.5,0.1755
0.25,1.5,10.0,390,0.39,346,44,11.282,86.957,0,3585.2,805.8,63.4,0.1626,68.48,1.4328,40.0,0.1026,73.7,1.1339,79.0,0.2026
0.25,2.0,0.3,6036,6.01,810,5226,86.581,13.043,4,136.8,69.4,-189.24,-0.0314,202.1,0.1254,-551.4,-0.0914,557.7,0.0033,52.2,0.0086
0.25,2.0,0.5,4422,4.4,892,3530,79.828,20.0,1,224.3,143.2,-157.88,-0.0357,189.3,0.1654,-423.2,-0.0957,436.7,0.0116,19.0,0.0043
0.25,2.0,0.7000000000000001,3458,3.44,896,2562,74.089,25.926,2,314.0,132.9,-139.72,-0.0404,183.4,0.1944,-347.2,-0.1004,366.8,0.0244,-1.4,-0.0004
0.25,2.0,1.0,2571,2.56,856,1715,66.706,33.333,1,461.6,132.9,-105.84,-0.0412,154.0,0.2687,-260.1,-0.1012,287.5,0.0574,-3.0,-0.0012
0.25,2.0,1.25,2108,2.1,806,1302,61.765,38.462,1,580.8,144.4,-99.82,-0.0474,153.58,0.2836,-226.3,-0.1074,262.6,0.0799,-15.5,-0.0074
0.25,2.0,1.5,1806,1.8,778,1028,56.921,42.857,1,684.4,144.5,-58.24,-0.0322,128.66,0.4261,-166.6,-0.0922,215.1,0.144,14.0,0.0078
0.25,2.0,1.7999999999999998,1490,1.48,715,775,52.013,47.368,1,858.4,170.0,-24.6,-0.0165,87.84,0.5979,-114.0,-0.0765,157.7,0.2444,35.0,0.0235
0.25,2.0,2.0,1369,1.36,697,672,49.087,50.0,0,952.6,170.0,-4.76,-0.0035,84.68,0.725,-86.9,-0.0635,141.7,0.3187,50.0,0.0365
0.25,2.0,2.5,1147,1.14,646,501,43.679,55.556,0,1132.5,170.0,-6.38,-0.0056,79.74,0.7042,-75.2,-0.0656,120.7,0.3536,39.5,0.0344
0.25,2.0,3.0,964,0.96,588,376,39.004,60.0,0,1379.8,200.4,9.44,0.0098,74.88,0.8233,-48.4,-0.0502,104.1,0.4615,48.0,0.0498
0.25,2.0,4.0,730,0.73,499,231,31.644,66.667,0,1860.4,504.7,44.8,0.0614,78.08,1.1731,1.0,0.0014,90.2,0.7569,74.0,0.1014
0.25,2.0,5.0,577,0.57,417,160,27.73,71.429,0,2364.8,504.7,10.92,0.0189,91.84,0.8351,-23.7,-0.0411,100.6,0.5905,34.0,0.0589
0.25,2.0,7.000000000000001,447,0.45,357,90,20.134,77.778,0,3061.2,697.1,66.12,0.1479,73.36,1.4325,39.3,0.0879,77.1,1.0955,84.0,0.1879
0.25,2.0,10.0,306,0.3,262,44,14.379,83.333,0,4596.5,999.5,71.76,0.2345,68.76,1.5374,53.4,0.1745,72.9,1.2796,84.0,0.2745
0.25,3.0,0.3,4705,4.69,448,4257,90.478,9.091,2,209.6,157.5,-121.3,-0.0258,159.58,0.2393,-403.6,-0.0858,416.9,0.0142,66.9,0.0142
0.25,3.0,0.5,3326,3.31,483,2843,85.478,14.286,1,337.3,163.3,-105.54,-0.0317,148.58,0.2713,-305.1,-0.0917,325.9,0.0368,27.5,0.0083
0.25,3.0,0.7000000000000001,2580,2.57,489,2091,81.047,18.919,1,459.1,159.9,-99.9,-0.0387,142.82,0.2818,-254.7,-0.0987,280.7,0.0598,3.3,0.0013
0.25,3.0,1.0,1861,1.85,473,1388,74.584,25.0,1,666.5,159.9,-43.44,-0.0233,100.0,0.4901,-155.1,-0.0833,199.0,0.1603,31.0,0.0167
0.25,3.0,1.25,1527,1.52,459,1068,69.941,29.412,1,841.6,195.1,-19.08,-0.0125,109.14,0.6203,-110.7,-0.0725,180.85,0.2479,42.0,0.0275
0.25,3.0,1.5,1306,1.3,448,858,65.697,33.333,1,1003.5,189.4,4.76,0.0036,103.04,0.7806,-73.6,-0.0564,145.1,0.3564,57.0,0.0436
0.25,3.0,1.7999999999999998,1067,1.06,414,653,61.2,37.5,1,1247.4,212.4,23.92,0.0224,83.52,0.9507,-40.1,-0.0376,103.0,0.501,66.6,0.0624
0.25,3.0,2.0,973,0.97,399,574,58.993,40.0,0,1375.1,236.2,10.08,0.0104,79.28,0.8255,-48.3,-0.0496,106.1,0.4603,49.0,0.0504
0.25,3.0,2.5,792,0.79,369,423,53.409,45.455,0,1717.7,405.8,17.82,0.0225,81.54,0.8877,-29.7,-0.0375,93.8,0.5517,49.5,0.0625
0.25,3.0,3.0,683,0.68,349,334,48.902,50.0,0,1990.7,341.3,17.68,0.0259,82.72,0.8775,-23.3,-0.0341,94.6,0.5822,45.0,0.0659
0.25,3.0,4.0,513,0.51,307,206,40.156,57.143,0,2716.8,625.1,76.48,0.1491,75.76,1.5843,45.7,0.0891,80.1,1.1645,97.0,0.1891
0.25,3.0,5.0,402,0.4,260,142,35.323,62.5,0,3474.0,471.5,53.92,0.1341,78.08,1.2723,29.8,0.0741,81.2,0.9995,70.0,0.1741
0.25,3.0,7.000000000000001,309,0.31,226,83,26.861,70.0,0,4509.8,1041.2,84.64,0.2739,70.48,1.7048,66.1,0.2139,73.8,1.4164,97.0,0.3139
0.25,3.0,10.0,199,0.2,160,39,19.598,76.923,0,7125.5,1201.2,82.04,0.4123,70.68,1.7175,70.1,0.3523,73.2,1.5244,90.0,0.4523
0.25,5.0,0.3,3322,3.31,197,3125,94.07,5.66,1,349.9,428.1,-85.38,-0.0257,120.26,0.3307,-284.7,-0.0857,296.4,0.045,47.5,0.0143
0.25,5.0,0.5,2275,2.27,215,2060,90.549,9.091,1,554.2,428.1,-46.0,-0.0202,113.46,0.4742,-182.5,-0.0802,209.9,0.121,45.0,0.0198
0.25,5.0,0.7000000000000001,1723,1.72,216,1507,87.464,12.281,1,749.4,456.0,-43.82,-0.0254,127.24,0.4786,-147.2,-0.0854,193.1,0.1701,25.1,0.0146
0.25,5.0,1.0,1188,1.18,210,978,82.323,16.667,1,1121.8,456.8,24.48,0.0206,83.28,0.9431,-46.8,-0.0394,116.4,0.4622,72.0,0.0606
0.25,5.0,1.25,992,0.99,201,791,79.738,20.0,1,1363.4,428.1,-23.43,-0.0236,116.44,0.5827,-82.95,-0.0836,150.0,0.3211,16.25,0.0164
0.25,5.0,1.5,845,0.84,201,644,76.213,23.077,1,1623.9,529.5,5.2,0.0062,101.06,0.7676,-45.5,-0.0538,128.2,0.4621,39.0,0.0462
0.25,5.0,1.7999999999999998,692,0.69,194,498,71.965,26.471,1,2020.3,529.5,45.92,0.0664,95.28,1.1535,4.4,0.0064,111.4,0.7614,73.6,0.1064
0.25,5.0,2.0,632,0.63,192,440,69.62,28.571,0,2209.7,528.8,54.72,0.0866,84.56,1.2532,16.8,0.0266,95.9,0.8576,80.0,0.1266
0.25,5.0,2.5,506,0.5,177,329,65.02,33.333,0,2777.7,542.0,42.26,0.0835,80.66,1.1094,11.9,0.0235,85.4,0.8188,62.5,0.1235
0.25,5.0,3.0,433,0.43,171,262,60.508,37.5,0,3230.4,529.5,51.68,0.1194,65.44,1.2088,25.7,0.0594,71.5,0.932,69.0,0.1594
0.25,5.0,4.0,326,0.32,154,172,52.761,44.444,0,4323.7,863.6,68.96,0.2115,71.92,1.4361,49.4,0.1515,77.8,1.1809,82.0,0.2515
0.25,5.0,5.0,251,0.25,135,116,46.215,50.0,0,5631.9,1023.0,84.96,0.3385,71.2,1.7098,69.9,0.2785,73.0,1.4709,95.0,0.3785
0.25,5.0,7.000000000000001,205,0.2,129,76,37.073,58.333,0,6891.2,848.8,104.8,0.5112,68.0,2.0071,92.5,0.4512,69.5,1.7751,113.0,0.5512
0.25,5.0,10.0,124,0.12,89,35,28.226,66.667,0,11468.7,1206.1,90.04,0.7261,66.4,1.8317,82.6,0.6661,68.5,1.7006,95.0,0.7661
0.3,0.1,0.3,6838,6.81,4494,2344,34.279,75.0,930,6.5,2.5,-527.32,-0.0771,528.12,0.0051,-937.6,-0.1371,937.6,0.0001,-253.8,-0.0371
0.3,0.1,0.5,6642,6.62,5226,1416,21.319,83.333,407,8.4,6.2,-451.08,-0.0679,452.4,0.0108,-849.6,-0.1279,849.6,0.0002,-185.4,-0.0279
0.3,0.1,0.7000000000000001,6347,6.32,5404,943,14.857,87.5,203,10.7,7.5,-373.58,-0.0589,375.26,0.0232,-754.4,-0.1189,754.4,0.0005,-119.7,-0.0189
0.3,0.1,1.0,6063,6.04,5434,629,10.374,90.909,82,14.4,20.9,-328.12,-0.0541,329.74,0.0363,-691.9,-0.1141,691.9,0.001,-85.6,-0.0141
0.3,0.1,1.25,5852,5.83,5387,465,7.946,92.593,47,18.6,21.1,-276.63,-0.0473,278.25,0.0604,-627.75,-0.1073,627.75,0.0018,-42.55,-0.0073
0.3,0.1,1.5,5664,5.64,5287,377,6.656,93.75,29,23.3,33.8,-263.36,-0.0465,265.66,0.0686,-603.2,-0.1065,603.2,0.0023,-36.8,-0.0065
0.3,0.1,1.7999999999999998,5500,5.48,5183,317,5.764,94.737,24,28.9,47.9,-272.3,-0.0495,274.22,0.0621,-602.3,-0.1095,602.3,0.0023,-52.3,-0.0095
0.3,0.1,2.0,5357,5.34,5073,284,5.301,95.238,21,34.6,47.9,-274.98,-0.0513,277.02,0.0602,-596.4,-0.1113,596.4,0.0024,-60.7,-0.0113
0.3,0.1,2.5,5125,5.1,4921,204,3.98,96.154,9,44.5,77.6,-222.9,-0.0435,225.16,0.1006,-530.4,-0.1035,530.4,0.0046,-17.9,-0.0035
0.3,0.1,3.0,4875,4.86,4709,166,3.405,96.774,8,56.1,111.5,-222.1,-0.0456,223.66,0.1002,-514.6,-0.1056,514.6,0.0054,-27.1,-0.0056
0.3,0.1,4.0,4495,4.48,4377,118,2.625,97.561,4,78.9,166.8,-214.1,-0.0476,221.94,0.1064,-483.8,-0.1076,483.8,0.0072,-34.3,-0.0076
0.3,0.1,5.0,4093,4.08,4004,89,2.174,98.039,2,105.8,253.2,-208.32,-0.0509,214.86,0.1107,-453.9,-0.1109,453.9,0.0095,-44.6,-0.0109
0.3,0.1,7.000000000000001,3522,3.51,3466,56,1.59,98.592,1,159.1,440.3,-186.28,-0.0529,188.14,0.1341,-397.6,-0.1129,397.6,0.0162,-45.4,-0.0129
0.3,0.1,10.0,3037,3.02,3005,32,1.054,99.01,0,221.8,660.0,-140.98,-0.0464,153.52,0.2053,-323.2,-0.1064,323.2,0.0331,-19.5,-0.0064
0.3,0.16,0.3,6831,6.8,4141,2690,39.379,65.217,619,8.3,2.5,-417.68,-0.0611,419.62,0.0151,-827.54,-0.1211,828.28,0.0002,-144.44,-0.0211
0.3,0.16,0.5,6544,6.52,4793,1751,26.757,75.758,267,11.7,6.2,-370.38,-0.0566,373.02,0.0239,-763.02,-0.1166,764.34,0.0005,-108.62,-0.0166
0.3,0.16,0.7000000000000001,6148,6.12,4930,1218,19.811,81.395,137,15.8,8.1,-309.72,-0.0504,312.96,0.0435,-678.6,-0.1104,680.22,0.0011,-63.8,-0.0104
0.3,0.16,1.0,5748,5.73,4905,843,14.666,86.207,60,21.8,20.9,-288.12,-0.0501,291.76,0.0534,-633.0,-0.1101,634.56,0.0017,-58.2,-0.0101
0.3,0.16,1.25,5464,5.44,4841,623,11.402,88.652,37,29.0,21.1,-222.75,-0.0408,225.87,0.102,-550.59,-0.1008,552.15,0.0038,-4.19,-0.0008
0.3,0.16,1.5,5227,5.21,4734,493,9.432,90.361,19,36.5,47.8,-191.14,-0.0366,196.56,0.1389,-504.76,-0.0966,506.62,0.006,17.94,0.0034
0.3,0.16,1.7999999999999998,5018,5.0,4606,412,8.21,91.837,16,43.6,57.8,-205.36,-0.0409,209.08,0.1191,-506.44,-0.1009,508.3,0.0059,-4.64,-0.0009
0.3,0.16,2.0,4868,4.85,4501,367,7.539,92.593,13,50.7,57.8,-208.56,-0.0428,213.6,0.1146,-500.64,-0.1028,502.5,0.0062,-13.84,-0.0028
0.3,0.16,2.5,4582,4.56,4316,266,5.805,93.985,4,68.3,85.3,-157.72,-0.0344,165.2,0.1887,-432.64,-0.0944,434.44,0.0121,25.56,0.0056
0.3,0.16,3.0,4258,4.24,4046,212,4.979,94.937,4,87.7,111.5,-158.96,-0.0373,168.52,0.1841,-414.44,-0.0973,415.58,0.0143,11.36,0.0027
0.3,0.16,4.0,3804,3.79,3663,141,3.707,96.154,2,122.2,166.8,-130.08,-0.0342,147.36,0.2413,-358.32,-0.0942,364.6,0.0246,22.08,0.0058
0.3,0.16,5.0,3464,3.45,3358,106,3.06,96.899,1,155.1,253.2,-131.28,-0.0379,143.04,0.2335,-339.12,-0.0979,342.42,0.0292,7.28,0.0021
0.3,0.16,7.000000000000001,3021,3.01,2955,66,2.185,97.765,1,214.8,440.3,-110.04,-0.0364,121.12,0.2797,-291.3,-0.0964,293.1,0.0456,10.8,0.0036
0.3,0.16,10.0,2484,2.47,2450,34,1.369,98.425,0,319.8,660.0,-47.36,-0.0191,70.04,0.5173,-196.4,-0.0791,207.74,0.1164,52.0,0.0209
0.3,0.2,0.3,6824,6.8,3870,2954,43.288,60.0,494,9.9,3.7,-385.16,-0.0564,387.86,0.0208,-794.6,-0.1164,796.1,0.0003,-112.2,-0.0164
0.3,0.2,0.5,6466,6.44,4479,1987,30.73,71.429,221,14.9,12.1,-356.34,-0.0551,359.86,0.0274,-744.3,-0.1151,746.5,0.0006,-97.7,-0.0151
0.3,0.2,0.7000000000000001,6028,6.0,4619,1409,23.374,77.778,113,20.5,12.5,-303.62,-0.0504,307.94,0.0459,-665.3,-0.1104,668.0,0.0012,-62.5,-0.0104
0.3,0.2,1.0,5566,5.54,4584,982,17.643,83.333,50,29.5,38.5,-287.84,-0.0517,293.2,0.053,-621.8,-0.1117,624.4,0.0019,-65.2,-0.0117
0.3,0.2,1.25,5264,5.24,4537,727,13.811,86.207,31,38.7,38.5,-211.91,-0.0403,219.64,0.1124,-527.75,-0.1003,530.35,0.0048,-1.35,-0.0003
0.3,0.2,1.5,4989,4.97,4409,580,11.626,88.235,16,47.5,38.5,-187.76,-0.0376,199.0,0.1419,-487.1,-0.0976,490.2,0.0071,11.8,0.0024
0.3,0.2,1.7999999999999998,4738,4.72,4252,486,10.257,90.0,13,57.8,57.8,-213.92,-0.0451,221.68,0.1078,-498.2,-0.1051,501.3,0.0063,-24.4,-0.0051
0.3,0.2,2.0,4570,4.55,4141,429,9.387,90.909,11,66.3,57.8,-212.6,-0.0465,221.68,0.1084,-486.8,-0.1065,489.9,0.007,-29.8,-0.0065
0.3,0.2,2.5,4220,4.2,3902,318,7.536,92.593,3,89.0,85.3,-183.4,-0.0435,193.48,0.1432,-436.6,-0.1035,439.6,0.0114,-14.6,-0.0035
0.3,0.2,3.0,3888,3.87,3643,245,6.301,93.75,3,115.5,111.5,-161.92,-0.0416,172.16,0.1756,-395.2,-0.1016,397.1,0.017,-6.4,-0.0016
0.3,0.2,4.0,3438,3.42,3274,164,4.77,95.238,1,159.0,166.8,-138.72,-0.0403,156.88,0.2168,-345.0,-0.1003,353.2,0.0275,-1.2,-0.0003
0.3,0.2,5.0,3078,3.07,2959,119,3.866,96.154,1,199.4,253.2,-126.32,-0.041,143.2,0.2409,-311.0,-0.101,319.6,0.0379,-3.2,-0.001
0.3,0.2,7.000000000000001,2574,2.56,2503,71,2.758,97.222,1,287.3,440.3,-99.36,-0.0386,119.68,0.3068,-253.8,-0.0986,259.9,0.0654,3.6,0.0014
0.3,0.2,10.0,2102,2.09,2064,38,1.808,98.039,0,412.9,660.0,-51.28,-0.0244,71.44,0.4863,-177.4,-0.0844,190.0,0.1377,32.8,0.0156
0.3,0.25,0.3,6806,6.78,3559,3247,47.708,54.545,376,12.0,3.7,-356.59,-0.0524,360.24,0.0275,-764.95,-0.1124,767.4,0.0005,-84.35,-0.0124
0.3,0.25,0.5,6386,6.36,4125,2261,35.406,66.667,172,18.7,12.2,-354.69,-0.0555,359.31,0.0276,-737.85,-0.1155,741.15,0.0006,-99.25,-0.0155
0.3,0.25,0.7000000000000001,5878,5.85,4261,1617,27.509,73.684,86,26.2,16.8,-301.77,-0.0513,307.44,0.0463,-654.45,-0.1113,658.5,0.0014,-66.65,-0.0113
0.3,0.25,1.0,5337,5.32,4197,1140,21.36,80.0,39,38.3,38.5,-304.23,-0.057,310.78,0.0444,-624.45,-0.117,628.35,0.0018,-90.75,-0.017
0.3,0.25,1.25,4999,4.98,4154,845,16.903,83.333,22,51.3,38.5,-217.71,-0.0436,230.43,0.1046,-517.65,-0.1036,521.55,0.0052,-17.75,-0.0036
0.3,0.25,1.5,4685,4.67,4024,661,14.109,85.714,12,64.6,52.9,-172.9,-0.0369,189.28,0.1625,-454.0,-0.0969,459.0,0.0098,14.5,0.0031
0.3,0.25,1.7999999999999998,4409,4.39,3855,554,12.565,87.805,9,77.7,54.8,-209.81,-0.0476,223.95,0.1106,-474.35,-0.1076,479.05,0.0078,-33.45,-0.0076
0.3,0.25,2.0,4242,4.23,3757,485,11.433,88.889,7,87.3,57.2,-200.43,-0.0472,215.79,0.1206,-454.95,-0.1072,460.35,0.0094,-30.75,-0.0072
0.3,0.25,2.5,3885,3.87,3527,358,9.215,90.909,3,116.7,85.3,-168.65,-0.0434,186.76,0.1634,-401.75,-0.1034,408.4,0.0158,-13.25,-0.0034
0.3,0.25,3.0,3536,3.52,3267,269,7.607,92.308,3,150.8,111.5,-131.69,-0.0372,149.15,0.2343,-343.85,-0.0972,350.75,0.028,9.75,0.0028
0.3,0.25,4.0,3080,3.07,2900,180,5.844,94.118,1,203.4,167.0,-118.2,-0.0384,143.09,0.262,-303.0,-0.0984,318.35,0.0412,5.0,0.0016
0.3,0.25,5.0,2710,2.7,2584,126,4.649,95.238,1,262.1,253.6,-92.4,-0.0341,120.33,0.3344,-255.0,-0.0941,269.4,0.0657,16.0,0.0059
0.3,0.25,7.000000000000001,2240,2.23,2164,76,3.393,96.552,0,374.6,438.2,-80.6,-0.036,111.44,0.3648,-215.0,-0.096,226.8,0.095,9.0,0.004
0.3,0.25,10.0,1791,1.78,1751,40,2.233,97.561,0,535.2,661.2,-33.89,-0.0189,62.61,0.5718,-141.35,-0.0789,159.35,0.1951,37.75,0.0211
0.3,0.3,0.3,6780,6.75,3275,3505,51.696,50.0,274,14.4,5.4,-340.2,-0.0502,344.22,0.0323,-747.0,-0.1102,749.8,0.0006,-69.0,-0.0102
0.3,0.3,0.5,6281,6.26,3794,2487,39.596,62.5,127,22.6,12.3,-356.54,-0.0568,361.2,0.0269,-733.4,-0.1168,736.8,0.0006,-105.3,-0.0168
0.3,0.3,0.7000000000000001,5725,5.7,3927,1798,31.406,70.0,64,32.4,16.8,-309.5,-0.0541,314.56,0.0425,-653.0,-0.1141,656.6,0.0014,-80.5,-0.0141
0.3,0.3,1.0,5121,5.1,3860,1261,24.624,76.923,28,48.2,38.5,-307.84,-0.0601,317.2,0.0424,-615.1,-0.1201,619.5,0.002,-103.0,-0.0201
0.3,0.3,1.25,4729,4.71,3788,941,19.898,80.645,18,64.8,55.3,-229.01,-0.0484,241.86,0.0924,-512.75,-0.1084,516.95,0.0054,-39.85,-0.0084
0.3,0.3,1.5,4409,4.39,3679,730,16.557,83.333,9,83.2,75.1,-167.66,-0.038,185.12,0.1692,-432.2,-0.098,438.6,0.012,8.7,0.002
0.3,0.3,1.7999999999999998,4109,4.09,3499,610,14.845,85.714,6,99.7,75.1,-212.66,-0.0518,231.98,0.1061,-459.2,-0.1118,466.5,0.009,-48.3,-0.0118
0.3,0.3,2.0,3930,3.91,3404,526,13.384,86.957,4,112.0,75.1,-188.0,-0.0478,209.26,0.135,-423.8,-0.1078,432.4,0.0127,-30.8,-0.0078
0.3,0.3,2.5,3568,3.55,3173,395,11.071,89.286,3,146.6,85.3,-178.32,-0.05,200.38,0.1461,-392.4,-0.11,404.2,0.0171,-35.6,-0.01
0.3,0.3,3.0,3241,3.23,2950,291,8.979,90.909,3,186.7,110.2,-117.64,-0.0363,144.52,0.2662,-312.1,-0.0963,326.1,0.038,12.0,0.0037
0.3,0.3,4.0,2734,2.72,2537,197,7.206,93.023,1,256.2,155.2,-136.26,-0.0498,171.32,0.2152,-300.3,-0.1098,320.3,0.0417,-26.9,-0.0098
0.3,0.3,5.0,2387,2.38,2255,132,5.53,94.34,1,326.2,253.6,-78.98,-0.0331,116.62,0.3787,-222.2,-0.0931,240.9,0.0903,16.5,0.0069
0.3,0.3,7.000000000000001,1986,1.98,1903,83,4.179,95.89,0,449.6,438.2,-89.54,-0.0451,128.68,0.327,-208.7,-0.1051,228.7,0.0992,-10.1,-0.0051
0.3,0.3,10.0,1519,1.51,1477,42,2.765,97.087,0,668.3,661.3,-37.66,-0.0248,74.98,0.5441,-128.8,-0.0848,151.4,0.2185,23.1,0.0152
0.3,0.4,0.3,6690,6.66,2825,3865,57.773,42.857,165,18.9,6.8,-297.1,-0.0444,303.52,0.0492,-698.5,-0.1044,702.4,0.0009,-29.5,-0.0044
0.3,0.4,0.5,6071,6.05,3282,2789,45.94,55.556,82,30.9,23.8,-324.54,-0.0535,332.46,0.0366,-688.8,-0.1135,693.3,0.001,-81.7,-0.0135
0.3,0.4,0.7000000000000001,5447,5.43,3407,2040,37.452,63.636,49,44.9,39.8,-283.08,-0.052,292.92,0.0545,-609.9,-0.112,614.7,0.0021,-65.2,-0.012
0.3,0.4,1.0,4779,4.76,3353,1426,29.839,71.429,20,67.8,42.5,-275.96,-0.0577,292.64,0.0573,-562.7,-0.1177,567.9,0.0033,-84.8,-0.0177
0.3,0.4,1.25,4367,4.35,3285,1082,24.777,75.758,11,88.9,55.3,-213.18,-0.0488,232.05,0.106,-475.2,-0.1088,481.2,0.0077,-38.5,-0.0088
0.3,0.4,1.5,3999,3.98,3156,843,21.08,78.947,7,114.9,86.8,-162.06,-0.0405,184.1,0.1752,-402.0,-0.1005,412.7,0.0159,-2.1,-0.0005
0.3,0.4,1.7999999999999998,3699,3.68,3005,694,18.762,81.818,5,136.7,86.8,-195.16,-0.0528,226.56,0.1237,-417.1,-0.1128,431.3,0.0134,-47.2,-0.0128
0.3,0.4,2.0,3513,3.5,2912,601,17.108,83.333,3,154.0,86.8,-177.72,-0.0506,211.8,0.1462,-388.5,-0.1106,401.7,0.0177,-37.2,-0.0106
0.3,0.4,2.5,3138,3.13,2688,450,14.34,86.207,2,200.2,85.3,-175.32,-0.0559,200.28,0.1469,-363.6,-0.1159,374.7,0.0223,-49.8,-0.0159
0.3,0.4,3.0,2822,2.81,2493,329,11.658,88.235,2,249.2,110.2,-102.68,-0.0364,130.24,0.3018,-272.0,-0.0964,283.9,0.0554,10.2,0.0036
0.3,0.4,4.0,2313,2.3,2097,216,9.339,90.909,0,348.8,192.9,-117.72,-0.0509,154.96,0.2536,-256.5,-0.1109,278.1,0.0632,-25.2,-0.0109
0.3,0.4,5.0,1958,1.95,1818,140,7.15,92.593,0,467.2,320.2,-51.12,-0.0261,97.92,0.4931,-168.6,-0.0861,198.6,0.1522,27.2,0.0139
0.3,0.4,7.000000000000001,1643,1.64,1556,87,5.295,94.595,0,606.0,438.2,-52.32,-0.0318,102.6,0.4679,-150.9,-0.0918,185.4,0.1744,13.4,0.0082
0.3,0.4,10.0,1176,1.17,1133,43,3.656,96.154,0,954.6,723.0,-23.84,-0.0203,74.96,0.6199,-94.4,-0.0803,126.3,0.3059,23.2,0.0197
0.3,0.5,0.3,6598,6.57,2481,4117,62.398,37.5,107,23.7,15.2,-258.52,-0.0392,268.44,0.0717,-654.4,-0.0992,658.0,0.0014,5.4,0.0008
0.3,0.5,0.5,5904,5.88,2920,2984,50.542,50.0,47,39.9,38.7,-268.16,-0.0454,278.82,0.0635,-622.4,-0.1054,626.2,0.0018,-32.0,-0.0054
0.3,0.5,0.7000000000000001,5216,5.2,3016,2200,42.178,58.333,33,59.2,44.1,-240.64,-0.0461,253.22,0.0822,-553.6,-0.1061,557.2,0.0036,-32.0,-0.0061
0.3,0.5,1.0,4512,4.49,2985,1527,33.843,66.667,13,89.4,56.4,-214.98,-0.0476,231.08,0.1039,-485.7,-0.1076,493.5,0.0069,-34.5,-0.0076
0.3,0.5,1.25,4072,4.06,2910,1162,28.536,71.429,6,117.4,56.4,-160.38,-0.0394,180.44,0.1769,-404.7,-0.0994,412.1,0.0153,2.5,0.0006
0.3,0.5,1.5,3700,3.69,2787,913,24.676,75.0,4,151.4,91.8,-124.0,-0.0335,145.24,0.2519,-346.0,-0.0935,355.6,0.0273,24.0,0.0065
0.3,0.5,1.7999999999999998,3393,3.38,2650,743,21.898,78.261,2,180.0,91.8,-148.12,-0.0437,183.08,0.1947,-351.7,-0.1037,367.9,0.0254,-12.4,-0.0037
0.3,0.5,2.0,3198,3.19,2552,646,20.2,80.0,1,199.2,91.8,-143.92,-0.045,178.82,0.2014,-335.8,-0.105,351.8,0.0295,-16.0,-0.005
0.3,0.5,2.5,2827,2.82,2348,479,16.944,83.333,1,254.3,85.4,-136.58,-0.0483,158.7,0.2127,-306.2,-0.1083,317.0,0.0389,-23.5,-0.0083
0.3,0.5,3.0,2498,2.49,2143,355,14.211,85.714,1,320.5,110.2,-93.42,-0.0374,125.86,0.3249,-243.3,-0.0974,257.8,0.0725,6.5,0.0026
0.3,0.5,4.0,2055,2.05,1825,230,11.192,88.889,0,433.9,192.9,-89.7,-0.0436,135.04,0.3298,-213.0,-0.1036,242.6,0.096,-7.5,-0.0036
0.3,0.5,5.0,1710,1.7,1563,147,8.596,90.909,0,581.5,552.9,-21.9,-0.0128,74.46,0.6514,-124.5,-0.0728,161.2,0.2333,46.5,0.0272
0.3,0.5,7.000000000000001,1350,1.34,1261,89,6.593,93.333,0,790.5,552.9,-46.5,-0.0344,106.54,0.4918,-127.5,-0.0944,171.3,0.2186,7.5,0.0056
0.3,0.5,10.0,993,0.99,949,44,4.431,95.238,0,1178.5,723.0,-5.22,-0.0053,72.32,0.7408,-64.8,-0.0653,104.8,0.4081,34.5,0.0347
0.3,0.6,0.3,6477,6.45,2156,4321,66.713,33.333,78,29.3,29.0,-261.78,-0.0404,273.58,0.0688,-650.4,-0.1004,653.9,0.0014,-2.7,-0.0004
0.3,0.6,0.5,5715,5.69,2557,3158,55.258,45.455,31,50.3,52.2,-273.4,-0.0478,286.46,0.0596,-616.3,-0.1078,619.3,0.0019,-44.8,-0.0078
0.3,0.6,0.7000000000000001,4971,4.95,2641,2330,46.872,53.846,24,73.3,52.3,-245.24,-0.0493,258.9,0.0775,-543.5,-0.1093,547.9,0.0039,-46.4,-0.0093
0.3,0.6,1.0,4230,4.21,2629,1601,37.849,62.5,11,113.8,55.8,-192.8,-0.0456,209.6,0.1279,-446.6,-0.1056,456.8,0.0101,-23.6,-0.0056
0.3,0.6,1.25,3768,3.75,2535,1233,32.723,67.568,7,148.0,55.8,-170.97,-0.0454,189.3,0.1568,-397.05,-0.1054,406.35,0.0163,-20.25,-0.0054
0.3,0.6,1.5,3394,3.38,2433,961,28.315,71.429,5,189.4,93.8,-117.46,-0.0346,135.52,0.2651,-321.1,-0.0946,330.5,0.0345,18.3,0.0054
0.3,0.6,1.7999999999999998,3073,3.06,2293,780,25.382,75.0,3,225.5,93.8,-151.12,-0.0492,180.88,0.1862,-335.5,-0.1092,349.2,0.0294,-28.2,-0.0092
0.3,0.6,2.0,2893,2.88,2219,674,23.298,76.923,2,247.3,93.8,-132.32,-0.0457,159.48,0.2231,-305.9,-0.1057,316.5,0.0393,-16.6,-0.0057
0.3,0.6,2.5,2554,2.54,2052,502,19.655,80.645,1,308.5,85.7,-125.96,-0.0493,141.9,0.2331,-279.2,-0.1093,288.9,0.0503,-23.8,-0.0093
0.3,0.6,3.0,2249,2.24,1877,372,16.541,83.333,1,384.7,113.8,-79.76,-0.0355,105.68,0.367,-214.7,-0.0955,226.8,0.0951,10.2,0.0045
0.3,0.6,4.0,1814,1.81,1578,236,13.01,86.957,0,530.9,193.0,-69.76,-0.0385,117.2,0.3984,-178.6,-0.0985,212.5,0.134,2.8,0.0015
0.3,0.6,5.0,1478,1.47,1327,151,10.217,89.286,0,714.5,655.8,-17.92,-0.0121,70.0,0.6714,-106.6,-0.0721,144.5,0.2764,41.2,0.0279
0.3,0.6,7.000000000000001,1156,1.15,1066,90,7.785,92.105,0,970.0,655.8,-36.64,-0.0317,91.28,0.5395,-106.0,-0.0917,149.9,0.2694,9.6,0.0083
0.3,0.6,10.0,862,0.86,817,45,5.22,94.34,0,1401.6,723.0,5.72,0.0066,68.24,0.8197,-46.0,-0.0534,87.1,0.4885,40.2,0.0466
0.3,0.8,0.3,6196,6.17,1691,4505,72.708,27.273,42,42.3,29.0,-246.54,-0.0398,261.92,0.0789,-618.3,-0.0998,624.6,0.0019,1.3,0.0002
0.3,0.8,0.5,5357,5.34,2041,3316,61.9,38.462,17,70.7,52.2,-239.48,-0.0447,259.88,0.0819,-560.9,-0.1047,568.4,0.0033,-25.2,-0.0047
0.3,0.8,0.7000000000000001,4581,4.56,2111,2470,53.918,46.667,11,102.3,54.6,-223.44,-0.0488,247.82,0.0941,-498.3,-0.1088,511.5,0.006,-40.2,-0.0088
0.3,0.8,1.0,3779,3.76,2075,1704,45.091,55.556,5,157.0,63.0,-195.16,-0.0516,218.52,0.122,-421.9,-0.1116,437.9,0.0126,-44.0,-0.0116
0.3,0.8,1.25,3298,3.28,2002,1296,39.297,60.976,4,206.6,93.6,-150.32,-0.0456,175.18,0.1883,-348.2,-0.1056,364.3,0.026,-18.4,-0.0056
0.3,0.8,1.5,2979,2.97,1958,1021,34.273,65.217,3,259.5,95.1,-84.26,-0.0283,116.92,0.3602,-263.0,-0.0883,283.9,0.0602,34.9,0.0117
0.3,0.8,1.7999999999999998,2670,2.66,1850,820,30.712,69.231,1,308.8,95.1,-102.8,-0.0385,150.12,0.2947,-263.0,-0.0985,294.6,0.0593,4.0,0.0015
0.3,0.8,2.0,2491,2.48,1780,711,28.543,71.429,0,341.0,146.5,-97.64,-0.0392,135.88,0.308,-247.1,-0.0992,268.1,0.069,2.0,0.0008
0.3,0.8,2.5,2178,2.17,1656,522,23.967,75.758,0,422.4,146.5,-67.32,-0.0309,106.16,0.4098,-198.0,-0.0909,219.2,0.1108,19.8,0.0091
0.3,0.8,3.0,1905,1.9,1512,393,20.63,78.947,0,517.5,154.4,-45.6,-0.0239,86.64,0.5042,-159.9,-0.0839,185.6,0.1606,30.6,0.0161
0.3,0.8,4.0,1508,1.5,1267,241,15.981,83.333,0,717.1,216.0,-10.72,-0.0071,75.16,0.7077,-101.2,-0.0671,141.3,0.2862,49.6,0.0329
0.3,0.8,5.0,1190,1.19,1036,154,12.941,86.207,0,975.7,267.0,11.2,0.0094,65.72,0.8868,-60.2,-0.0506,107.5,0.434,58.8,0.0494
0.3,0.8,7.000000000000001,953,0.95,860,93,9.759,89.744,0,1263.3,693.5,-1.12,-0.0012,74.8,0.7575,-58.3,-0.0612,112.3,0.4274,37.0,0.0388
0.3,0.8,10.0,684,0.68,638,46,6.725,92.593,0,1886.5,1162.8,23.04,0.0337,69.76,0.9641,-18.0,-0.0263,79.6,0.6394,50.4,0.0737
0.3,1.0,0.3,5926,5.9,1385,4541,76.628,23.077,24,54.9,41.6,-214.34,-0.0362,231.54,0.1072,-569.9,-0.0962,580.6,0.0031,22.7,0.0038
0.3,1.0,0.5,5034,5.01,1679,3355,66.647,33.333,14,92.2,52.2,-199.86,-0.0397,225.48,0.1195,-501.9,-0.0997,517.2,0.0058,1.5,0.0003
0.3,1.0,0.7000000000000001,4233,4.22,1729,2504,59.154,41.176,10,135.5,54.6,-193.12,-0.0456,224.54,0.125,-447.1,-0.1056,468.9,0.0098,-23.8,-0.0056
0.3,1.0,1.0,3454,3.44,1722,1732,50.145,50.0,4,199.3,63.0,-148.16,-0.0429,180.32,0.1911,-355.4,-0.1029,378.8,0.024,-10.0,-0.0029
0.3,1.0,1.25,2978,2.97,1650,1328,44.594,55.556,4,266.7,93.8,-129.12,-0.0434,163.92,0.228,-307.8,-0.1034,334.8,0.0381,-10.0,-0.0034
0.3,1.0,1.5,2657,2.65,1618,1039,39.104,60.0,3,328.4,95.5,-46.78,-0.0176,80.06,0.5136,-206.2,-0.0776,232.4,0.1042,59.5,0.0224
0.3,1.0,1.7999999999999998,2359,2.35,1527,832,35.269,64.286,1,395.0,104.7,-64.96,-0.0275,114.8,0.4223,-206.5,-0.0875,242.0,0.1024,29.4,0.0125
0.3,1.0,2.0,2161,2.15,1449,712,32.948,66.667,0,444.1,146.7,-61.44,-0.0284,106.2,0.4356,-191.1,-0.0884,219.9,0.119,25.0,0.0116
0.3,1.0,2.5,1899,1.89,1367,532,28.015,71.429,0,539.6,146.7,-38.96,-0.0205,87.32,0.5343,-152.9,-0.0805,183.9,0.1708,37.0,0.0195
0.3,1.0,3.0,1633,1.63,1237,396,24.25,75.0,0,661.3,168.5,-16.32,-0.01,72.16,0.6659,-114.3,-0.07,142.4,0.2498,49.0,0.03
0.3,1.0,4.0,1261,1.26,1021,240,19.033,80.0,0,927.3,265.5,10.56,0.0084,75.12,0.8672,-65.1,-0.0516,110.7,0.4068,61.0,0.0484
0.3,1.0,5.0,996,0.99,841,155,15.562,83.333,0,1231.2,401.6,26.16,0.0263,80.4,1.0195,-33.6,-0.0337,90.0,0.5607,66.0,0.0663
0.3,1.0,7.000000000000001,790,0.79,697,93,11.772,87.5,0,1596.7,693.6,14.4,0.0182,79.68,0.8783,-33.0,-0.0418,95.9,0.5465,46.0,0.0582
0.3,1.0,10.0,575,0.57,528,47,8.174,90.909,0,2316.3,1179.3,35.0,0.0609,69.36,1.0744,0.5,0.0009,77.4,0.7607,58.0,0.1009
0.3,1.5,0.3,5292,5.27,896,4396,83.069,16.667,9,91.4,67.5,-186.48,-0.0352,202.34,0.1374,-504.0,-0.0952,514.4,0.0057,25.2,0.0048
0.3,1.5,0.5,4298,4.28,1071,3227,75.081,25.0,4,152.1,67.5,-178.92,-0.0416,208.56,0.1423,-436.8,-0.1016,450.6,0.0108,-7.0,-0.0016
0.3,1.5,0.7000000000000001,3546,3.53,1128,2418,68.19,31.818,4,218.6,67.5,-142.44,-0.0402,180.76,0.1999,-355.2,-0.1002,378.8,0.0238,-0.6,-0.0002
0.3,1.5,1.0,2779,2.77,1127,1652,59.446,40.0,2,324.8,72.8,-72.66,-0.0261,122.7,0.3924,-239.4,-0.0861,265.5,0.074,38.5,0.0139
0.3,1.5,1.25,2377,2.37,1101,1276,53.681,45.455,2,405.3,144.4,-38.58,-0.0162,96.75,0.5438,-181.2,-0.0762,216.95,0.1305,56.5,0.0238
0.3,1.5,1.5,2078,2.07,1062,1016,48.893,50.0,2,497.8,144.5,-14.12,-0.0068,92.62,0.6873,-138.8,-0.0668,174.8,0.1974,69.0,0.0332
0.3,1.5,1.7999999999999998,1827,1.82,1014,813,44.499,54.545,1,609.8,170.0,-15.48,-0.0085,95.36,0.6695,-125.1,-0.0685,175.2,0.2236,57.6,0.0315
0.3,1.5,2.0,1680,1.67,975,705,41.964,57.143,0,662.3,170.0,-14.7,-0.0087,90.8,0.6712,-115.5,-0.0687,159.6,0.2448,52.5,0.0313
0.3,1.5,2.5,1401,1.4,890,511,36.474,62.5,0,828.3,170.0,1.46,0.001,82.52,0.7811,-82.6,-0.059,129.2,0.3368,57.5,0.041
0.3,1.5,3.0,1194,1.19,812,382,31.993,66.667,0,992.3,170.0,24.24,0.0203,68.02,0.9768,-47.4,-0.0397,93.7,0.477,72.0,0.0603
0.3,1.5,4.0,935,0.93,694,241,25.775,72.727,0,1344.7,469.1,39.6,0.0424,76.7,1.1282,-16.5,-0.0176,99.3,0.6436,77.0,0.0824
0.3,1.5,5.0,725,0.72,569,156,21.517,76.923,0,1790.6,469.1,44.5,0.0614,75.8,1.1971,1.0,0.0014,84.4,0.7747,73.5,0.1014
0.3,1.5,7.000000000000001,572,0.57,481,91,15.909,82.353,0,2310.8,693.7,61.62,0.1077,73.9,1.3892,27.3,0.0477,81.7,0.9856,84.5,0.1477
0.3,1.5,10.0,397,0.4,353,44,11.083,86.957,0,3456.9,1182.3,73.62,0.1854,61.16,1.5858,49.8,0.1254,62.9,1.2498,89.5,0.2254
0.3,2.0,0.3,4802,4.78,646,4156,86.547,13.043,4,127.6,69.4,-146.88,-0.0306,161.68,0.1988,-435.0,-0.0906,441.0,0.0111,45.2,0.0094
0.3,2.0,0.5,3771,3.76,756,3015,79.952,20.0,1,214.2,114.9,-146.34,-0.0388,173.02,0.1919,-372.6,-0.0988,383.2,0.0199,4.5,0.0012
0.3,2.0,0.7000000000000001,3028,3.02,786,2242,74.042,25.926,2,305.3,114.9,-118.52,-0.0391,151.24,0.2476,-300.2,-0.0991,314.2,0.0402,2.6,0.0009
0.3,2.0,1.0,2342,2.33,785,1557,66.482,33.333,1,433.9,114.9,-80.68,-0.0344,118.72,0.3533,-221.2,-0.0944,240.6,0.0866,13.0,0.0056
0.3,2.0,1.25,1942,1.93,749,1193,61.432,38.462,1,562.2,144.4,-70.93,-0.0365,117.22,0.3862,-187.45,-0.0965,217.3,0.1203,6.75,0.0035
0.3,2.0,1.5,1675,1.67,732,943,56.299,42.857,1,683.4,148.4,-17.5,-0.0104,86.94,0.6526,-118.0,-0.0704,160.0,0.2387,49.5,0.0296
0.3,2.0,1.7999999999999998,1448,1.44,697,751,51.865,47.368,1,824.0,170.0,-15.72,-0.0109,88.88,0.6583,-102.6,-0.0709,152.0,0.276,42.2,0.0291
0.3,2.0,2.0,1326,1.32,676,650,49.02,50.0,0,910.0,170.0,-1.04,-0.0008,84.36,0.759,-80.6,-0.0608,128.6,0.3424,52.0,0.0392
0.3,2.0,2.5,1115,1.11,635,480,43.049,55.556,0,1113.3,200.4,25.4,0.0228,75.58,0.9764,-41.5,-0.0372,100.2,0.4999,70.0,0.0628
0.3,2.0,3.0,928,0.92,571,357,38.47,60.0,0,1362.0,219.2,33.88,0.0365,65.96,1.0641,-21.8,-0.0235,84.8,0.6096,71.0,0.0765
0.3,2.0,4.0,700,0.7,478,222,31.714,66.667,0,1875.4,504.7,40.0,0.0571,81.76,1.1311,-2.0,-0.0029,93.4,0.743,68.0,0.0971
0.3,2.0,5.0,574,0.57,421,153,26.655,71.429,0,2326.3,504.7,54.04,0.0941,70.28,1.2962,19.6,0.0341,75.2,0.9185,77.0,0.1341
0.3,2.0,7.000000000000001,439,0.44,351,88,20.046,77.778,0,3065.1,693.7,68.44,0.1559,70.24,1.4755,42.1,0.0959,73.6,1.1338,86.0,0.1959
0.3,2.0,10.0,307,0.31,263,44,14.332,83.333,0,4517.9,1182.7,73.72,0.2401,67.32,1.5675,55.3,0.1801,71.0,1.3039,86.0,0.2801
0.3,3.0,0.3,3946,3.93,381,3565,90.345,9.091,2,196.8,155.2,-84.34,-0.0214,117.46,0.3578,-321.1,-0.0814,330.9,0.0335,73.5,0.0186
0.3,3.0,0.5,2950,2.94,429,2521,85.458,14.286,1,326.4,155.6,-91.5,-0.031,128.78,0.321,-268.5,-0.091,284.8,0.0546,26.5,0.009
0.3,3.0,0.7000000000000001,2331,2.32,445,1886,80.909,18.919,1,448.8,159.9,-78.44,-0.0337,119.14,0.3579,-218.3,-0.0937,243.1,0.0883,14.8,0.0063
0.3,3.0,1.0,1736,1.73,451,1285,74.021,25.0,1,658.2,159.9,-1.44,-0.0008,72.96,0.7572,-105.6,-0.0608,151.1,0.267,68.0,0.0392
0.3,3.0,1.25,1421,1.42,435,986,69.388,29.412,1,839.3,159.9,15.66,0.011,80.7,0.8931,-69.6,-0.049,126.7,0.3806,72.5,0.051
0.3,3.0,1.5,1238,1.23,427,811,65.509,33.333,1,979.8,159.9,14.98,0.0121,88.9,0.8774,-59.3,-0.0479,126.0,0.4172,64.5,0.0521
0.3,3.0,1.7999999999999998,1041,1.04,407,634,60.903,37.5,1,1220.0,210.8,38.16,0.0367,75.68,1.1031,-24.3,-0.0233,93.8,0.5905,79.8,0.0767
0.3,3.0,2.0,931,0.93,382,549,58.969,40.0,0,1365.2,241.1,10.76,0.0116,75.84,0.8417,-45.1,-0.0484,104.1,0.4813,48.0,0.0516
0.3,3.0,2.5,767,0.76,355,412,53.716,45.455,0,1689.0,405.8,4.32,0.0056,84.04,0.7831,-41.7,-0.0544,98.8,0.494,35.0,0.0456
0.3,3.0,3.0,642,0.64,329,313,48.754,50.0,0,2061.8,625.1,22.32,0.0348,87.52,0.9363,-16.2,-0.0252,102.4,0.6368,48.0,0.0748
0.3,3.0,4.0,504,0.5,300,204,40.476,57.143,0,2675.0,471.5,63.84,0.1267,72.52,1.4027,33.6,0.0667,76.8,1.0366,84.0,0.1667
0.3,3.0,5.0,396,0.39,257,139,35.101,62.5,0,3423.8,492.4,60.16,0.1519,70.08,1.3614,36.4,0.0919,73.2,1.0734,76.0,0.1919
0.3,3.0,7.000000000000001,301,0.3,220,81,26.91,70.0,0,4586.5,693.7,80.96,0.269,72.32,1.656,62.9,0.209,74.3,1.3825,93.0,0.309
0.3,3.0,10.0,202,0.2,162,40,19.802,76.923,0,6953.1,1203.4,77.92,0.3857,66.56,1.6379,65.8,0.3257,68.9,1.451,86.0,0.4257
0.3,5.0,0.3,2903,2.89,181,2722,93.765,5.66,1,337.3,241.1,-27.72,-0.0095,77.84,0.6014,-201.9,-0.0695,209.3,0.1053,88.4,0.0305
0.3,5.0,0.5,2109,2.1,200,1909,90.517,9.091,1,539.3,257.5,-38.86,-0.0184,87.56,0.5196,-165.4,-0.0784,193.3,0.1465,45.5,0.0216
0.3,5.0,0.7000000000000001,1585,1.58,203,1382,87.192,12.281,1,778.8,456.8,-15.8,-0.01,103.12,0.6455,-110.9,-0.07,154.0,0.2492,47.6,0.03
0.3,5.0,1.0,1139,1.13,204,935,82.09,16.667,1,1120.3,456.8,39.44,0.0346,75.36,1.1058,-28.9,-0.0254,95.5,0.5581,85.0,0.0746
0.3,5.0,1.25,948,0.94,200,748,78.903,20.0,1,1354.6,394.0,27.08,0.0286,74.39,0.9703,-29.8,-0.0314,98.65,0.5492,65.0,0.0686
0.3,5.0,1.5,814,0.81,198,616,75.676,23.077,1,1613.8,401.2,33.44,0.0411,81.2,1.0251,-15.4,-0.0189,99.9,0.6288,66.0,0.0811
0.3,5.0,1.7999999999999998,686,0.68,194,492,71.72,26.471,1,1973.2,542.0,56.96,0.083,83.12,1.2895,15.8,0.023,94.7,0.8543,84.4,0.123
0.3,5.0,2.0,616,0.61,184,432,70.13,28.571,0,2194.6,542.0,31.36,0.0509,86.64,1.0034,-5.6,-0.0091,97.3,0.6931,56.0,0.0909
0.3,5.0,2.5,521,0.52,184,337,64.683,33.333,0,2615.7,529.5,56.66,0.1088,70.38,1.2673,25.4,0.0488,74.7,0.927,77.5,0.1488
0.3,5.0,3.0,421,0.42,170,251,59.62,37.5,0,3292.6,456.8,80.16,0.1904,65.76,1.6173,54.9,0.1304,69.9,1.2563,97.0,0.2304
0.3,5.0,4.0,315,0.31,150,165,52.381,44.444,0,4395.7,863.6,77.4,0.2457,72.52,1.5793,58.5,0.1857,76.0,1.3074,90.0,0.2857
0.3,5.0,5.0,245,0.24,131,114,46.531,50.0,0,5723.9,1017.5,75.2,0.3069,71.2,1.5623,60.5,0.2469,73.0,1.3488,85.0,0.3469
0.3,5.0,7.000000000000001,196,0.2,124,72,36.735,58.333,0,7168.8,848.8,108.16,0.5518,68.8,2.11,96.4,0.4918,70.0,1.8763,116.0,0.5918
0.3,5.0,10.0,131,0.13,94,37,28.244,66.667,0,10778.1,1022.8,94.76,0.7234,71.36,1.8883,86.9,0.6634,73.4,1.7458,100.0,0.7634
0.4,0.1,0.3,3244,3.23,1989,1255,38.687,75.0,640,5.5,0.8,-307.36,-0.0947,307.9,0.0459,-502.0,-0.1547,502.0,0.0065,-177.6,-0.0547
0.4,0.1,0.5,3225,3.21,2445,780,24.186,83.333,314,6.6,2.4,-274.5,-0.0851,275.46,0.0635,-468.0,-0.1451,468.0,0.0091,-145.5,-0.0451
0.4,0.1,0.7000000000000001,3145,3.13,2622,523,16.63,87.5,173,8.0,4.9,-229.7,-0.073,230.9,0.0991,-418.4,-0.133,418.4,0.015,-103.9,-0.033
0.4,0.1,1.0,3051,3.04,2712,339,11.111,90.909,73,10.3,10.8,-189.84,-0.0622,191.1,0.147,-372.9,-0.1222,372.9,0.0235,-67.8,-0.0222
0.4,0.1,1.25,2982,2.97,2719,263,8.82,92.593,44,13.0,16.9,-176.13,-0.0591,177.33,0.168,-355.05,-0.1191,355.05,0.028,-56.85,-0.0191
0.4,0.1,1.5,2925,2.91,2712,213,7.282,93.75,28,16.6,33.8,-165.3,-0.0565,166.5,0.1866,-340.8,-0.1165,340.8,0.0322,-48.3,-0.0165
0.4,0.1,1.7999999999999998,2859,2.85,2681,178,6.226,94.737,23,22.5,47.9,-166.66,-0.0583,167.86,0.1831,-338.2,-0.1183,338.2,0.0329,-52.3,-0.0183
0.4,0.1,2.0,2811,2.8,2650,161,5.727,95.238,20,27.9,47.9,-169.44,-0.0603,170.64,0.1775,-338.1,-0.1203,338.1,0.0328,-57.0,-0.0203
0.4,0.1,2.5,2716,2.71,2600,116,4.271,96.154,9,39.3,70.9,-138.64,-0.051,139.78,0.2405,-301.6,-0.111,301.6,0.0471,-30.0,-0.011
0.4,0.1,3.0,2631,2.62,2532,99,3.763,96.774,8,51.4,111.5,-149.04,-0.0566,149.88,0.2149,-306.9,-0.1166,306.9,0.0443,-43.8,-0.0166
0.4,0.1,4.0,2502,2.49,2428,74,2.958,97.561,4,74.9,166.8,-153.28,-0.0613,155.02,0.2028,-303.4,-0.1213,303.4,0.0451,-53.2,-0.0213
0.4,0.1,5.0,2362,2.35,2310,52,2.202,98.039,1,99.0,166.8,-123.48,-0.0523,128.34,0.2716,-265.2,-0.1123,265.2,0.0657,-29.0,-0.0123
0.4,0.1,7.000000000000001,2142,2.13,2106,36,1.681,98.592,1,154.3,402.2,-127.08,-0.0593,129.46,0.2554,-255.6,-0.1193,255.6,0.0706,-41.4,-0.0193
0.4,0.1,10.0,1899,1.89,1875,24,1.264,99.01,0,209.2,402.2,-128.46,-0.0676,139.2,0.243,-242.4,-0.1276,242.4,0.0777,-52.5,-0.0276
0.4,0.16,0.3,3244,3.23,1876,1368,42.17,65.217,448,6.5,1.9,-240.0,-0.074,241.0,0.0899,-434.64,-0.134,435.06,0.0128,-110.24,-0.034
0.4,0.16,0.5,3217,3.2,2290,927,28.816,75.758,215,8.6,2.6,-225.78,-0.0702,227.22,0.103,-418.8,-0.1302,419.52,0.0149,-97.1,-0.0302
0.4,0.16,0.7000000000000001,3110,3.1,2456,654,21.029,81.395,119,11.3,7.6,-189.24,-0.0608,191.16,0.1478,-375.84,-0.1208,376.8,0.0228,-64.84,-0.0208
0.4,0.16,1.0,2968,2.96,2520,448,15.094,86.207,54,15.5,11.8,-163.52,-0.0551,165.88,0.1899,-341.6,-0.1151,342.62,0.0319,-44.8,-0.0151
0.4,0.16,1.25,2873,2.86,2527,346,12.043,88.652,34,20.5,17.0,-143.1,-0.0498,145.02,0.2318,-315.48,-0.1098,316.44,0.0413,-28.18,-0.0098
0.4,0.16,1.5,2793,2.78,2512,281,10.061,90.361,18,26.2,47.8,-131.3,-0.047,133.22,0.2596,-298.88,-0.107,299.84,0.0485,-19.58,-0.007
0.4,0.16,1.7999999999999998,2708,2.7,2474,234,8.641,91.837,15,34.7,57.8,-133.68,-0.0494,135.6,0.2519,-296.16,-0.1094,297.12,0.0495,-25.36,-0.0094
0.4,0.16,2.0,2660,2.65,2446,214,8.045,92.593,12,41.7,57.8,-143.04,-0.0538,145.32,0.2283,-302.64,-0.1138,303.6,0.0462,-36.64,-0.0138
0.4,0.16,2.5,2536,2.53,2384,152,5.994,93.985,4,59.7,72.3,-100.0,-0.0394,105.92,0.3494,-252.16,-0.0994,253.06,0.0762,1.44,0.0006
0.4,0.16,3.0,2421,2.41,2291,130,5.37,94.937,4,76.4,111.5,-120.28,-0.0497,126.4,0.282,-265.54,-0.1097,266.08,0.0659,-23.44,-0.0097
0.4,0.16,4.0,2252,2.24,2159,93,4.13,96.154,2,108.0,166.8,-116.64,-0.0518,123.32,0.2877,-251.76,-0.1118,253.26,0.0744,-26.56,-0.0118
0.4,0.16,5.0,2119,2.11,2050,69,3.256,96.899,1,139.8,166.8,-101.76,-0.048,116.88,0.3296,-228.9,-0.108,232.02,0.0923,-17.0,-0.008
0.4,0.16,7.000000000000001,1850,1.84,1808,42,2.27,97.765,1,221.0,402.2,-78.72,-0.0426,88.52,0.4075,-189.72,-0.1026,190.74,0.1342,-4.72,-0.0026
0.4,0.16,10.0,1625,1.62,1599,26,1.6,98.425,0,302.2,505.8,-69.16,-0.0426,84.24,0.4346,-166.66,-0.1026,174.04,0.1638,-4.16,-0.0026
0.4,0.2,0.3,3244,3.23,1775,1469,45.284,60.0,373,7.4,2.2,-215.46,-0.0664,217.02,0.1147,-410.1,-0.1264,410.8,0.0163,-85.7,-0.0264
0.4,0.2,0.5,3206,3.19,2174,1032,32.19,71.429,185,10.2,4.4,-209.44,-0.0653,211.46,0.121,-401.8,-0.1253,403.0,0.0176,-81.2,-0.0253
0.4,0.2,0.7000000000000001,3085,3.07,2348,737,23.89,77.778,101,13.8,11.3,-169.7,-0.055,172.26,0.179,-354.8,-0.115,356.4,0.0281,-46.3,-0.015
0.4,0.2,1.0,2925,2.91,2409,516,17.641,83.333,45,19.7,11.8,-151.2,-0.0517,154.4,0.2137,-326.7,-0.1117,328.4,0.0369,-34.2,-0.0117
0.4,0.2,1.25,2816,2.8,2416,400,14.205,86.207,28,25.3,17.0,-129.44,-0.046,132.0,0.2642,-298.4,-0.106,300.0,0.0487,-16.8,-0.006
0.4,0.2,1.5,2717,2.71,2391,326,11.999,88.235,15,32.2,47.8,-119.48,-0.044,122.9,0.2903,-282.5,-0.104,284.1,0.0568,-10.8,-0.004
0.4,0.2,1.7999999999999998,2624,2.61,2355,269,10.252,90.0,12,41.3,57.8,-118.16,-0.045,120.72,0.2921,-275.6,-0.105,277.2,0.0604,-13.2,-0.005
0.4,0.2,2.0,2561,2.55,2316,245,9.567,90.909,10,50.1,57.8,-129.24,-0.0505,132.16,0.26,-282.9,-0.1105,284.5,0.0559,-26.8,-0.0105
0.4,0.2,2.5,2415,2.41,2229,186,7.702,92.593,3,71.1,72.3,-115.8,-0.048,120.88,0.2947,-260.7,-0.108,262.2,0.0691,-19.2,-0.008
0.4,0.2,3.0,2304,2.29,2149,155,6.727,93.75,3,90.5,111.5,-127.36,-0.0553,131.68,0.2594,-265.6,-0.1153,266.5,0.065,-35.2,-0.0153
0.4,0.2,4.0,2101,2.09,1987,114,5.426,95.238,1,138.1,166.8,-142.64,-0.0679,147.36,0.2177,-268.7,-0.1279,270.9,0.0616,-58.6,-0.0279
0.4,0.2,5.0,1920,1.91,1838,82,4.271,96.154,0,181.3,166.8,-119.2,-0.0621,131.52,0.272,-234.4,-0.1221,237.2,0.0858,-42.4,-0.0221
0.4,0.2,7.000000000000001,1594,1.59,1546,48,3.011,97.222,1,299.7,402.2,-90.56,-0.0568,94.56,0.3561,-186.2,-0.1168,187.9,0.1367,-26.8,-0.0168
0.4,0.2,10.0,1389,1.38,1359,30,2.16,98.039,0,417.1,536.7,-83.76,-0.0603,93.68,0.3673,-167.1,-0.1203,173.3,0.1595,-28.2,-0.0203
0.4,0.25,0.3,3244,3.23,1665,1579,48.674,54.545,284,8.7,3.0,-187.21,-0.0577,189.26,0.1518,-381.85,-0.1177,383.1,0.0216,-57.45,-0.0177
0.4,0.25,0.5,3194,3.18,2042,1152,36.068,66.667,146,12.6,5.2,-193.26,-0.0605,195.78,0.1417,-384.9,-0.1205,386.7,0.0208,-65.5,-0.0205
0.4,0.25,0.7000000000000001,3053,3.04,2207,846,27.71,73.684,78,17.3,11.3,-162.57,-0.0532,165.72,0.1913,-345.75,-0.1132,348.0,0.0306,-40.45,-0.0132
0.4,0.25,1.0,2862,2.85,2270,592,20.685,80.0,36,26.1,16.2,-138.98,-0.0486,143.79,0.24,-310.7,-0.1086,312.8,0.043,-24.5,-0.0086
0.4,0.25,1.25,2734,2.72,2276,458,16.752,83.333,21,35.1,38.1,-112.86,-0.0413,116.19,0.3097,-276.9,-0.1013,279.0,0.06,-3.5,-0.0013
0.4,0.25,1.5,2622,2.61,2251,371,14.15,85.714,12,44.2,47.8,-98.63,-0.0376,107.94,0.355,-255.95,-0.0976,258.05,0.0735,6.25,0.0024
0.4,0.25,1.7999999999999998,2512,2.5,2205,307,12.221,87.805,9,56.3,57.8,-101.83,-0.0405,107.47,0.341,-252.55,-0.1005,254.65,0.0755,-1.35,-0.0005
0.4,0.25,2.0,2445,2.44,2167,278,11.37,88.889,7,66.1,57.8,-112.05,-0.0458,117.78,0.3061,-258.75,-0.1058,260.85,0.0705,-14.25,-0.0058
0.4,0.25,2.5,2292,2.28,2083,209,9.119,90.909,3,92.8,79.8,-93.43,-0.0408,102.46,0.3651,-230.95,-0.1008,233.2,0.0922,-1.75,-0.0008
0.4,0.25,3.0,2174,2.17,2003,171,7.866,92.308,3,117.6,111.5,-99.21,-0.0456,104.31,0.3406,-229.65,-0.1056,231.0,0.0923,-12.25,-0.0056
0.4,0.25,4.0,1991,1.98,1868,123,6.178,94.118,1,165.9,167.0,-104.64,-0.0526,114.53,0.3155,-224.1,-0.1126,227.3,0.0954,-25.0,-0.0126
0.4,0.25,5.0,1809,1.8,1720,89,4.92,95.238,0,228.4,257.3,-87.36,-0.0483,111.09,0.37,-195.9,-0.1083,203.85,0.1248,-15.0,-0.0083
0.4,0.25,7.000000000000001,1496,1.49,1443,53,3.543,96.552,1,367.9,459.7,-70.09,-0.0469,77.33,0.4309,-159.85,-0.1069,162.95,0.1755,-10.25,-0.0069
0.4,0.25,10.0,1300,1.29,1267,33,2.538,97.561,0,509.3,659.7,-65.25,-0.0502,80.66,0.4345,-143.25,-0.1102,152.4,0.199,-13.25,-0.0102
0.4,0.3,0.3,3240,3.23,1539,1701,52.5,50.0,208,10.4,5.4,-178.2,-0.055,180.3,0.1658,-372.6,-0.115,374.0,0.0237,-48.6,-0.015
0.4,0.3,0.5,3169,3.16,1889,1280,40.391,62.5,110,15.6,5.8,-200.06,-0.0631,202.12,0.1319,-390.2,-0.1231,391.6,0.0197,-73.3,-0.0231
0.4,0.3,0.7000000000000001,3012,3.0,2053,959,31.839,70.0,61,22.0,12.3,-175.88,-0.0584,178.52,0.1666,-356.6,-0.1184,358.4,0.0273,-55.4,-0.0184
0.4,0.3,1.0,2791,2.78,2110,681,24.4,76.923,28,33.9,20.2,-159.64,-0.0572,164.32,0.1939,-327.1,-0.1172,329.7,0.0363,-48.0,-0.0172
0.4,0.3,1.25,2639,2.63,2112,527,19.97,80.645,18,46.7,47.0,-130.71,-0.0495,134.89,0.2571,-289.05,-0.1095,291.9,0.0527,-25.15,-0.0095
0.4,0.3,1.5,2523,2.51,2093,430,17.043,83.333,9,60.3,75.1,-118.02,-0.0468,124.68,0.2897,-269.4,-0.1068,272.0,0.0637,-17.1,-0.0068
0.4,0.3,1.7999999999999998,2391,2.38,2034,357,14.931,85.714,6,76.7,75.1,-128.04,-0.0536,134.54,0.2596,-271.5,-0.1136,274.1,0.0618,-32.4,-0.0136
0.4,0.3,2.0,2311,2.3,1993,318,13.76,86.957,4,89.6,75.1,-130.54,-0.0565,137.38,0.2518,-269.2,-0.1165,271.8,0.0628,-38.1,-0.0165
0.4,0.3,2.5,2144,2.14,1903,241,11.241,89.286,3,120.8,79.8,-117.36,-0.0547,126.44,0.2839,-246.0,-0.1147,249.4,0.0783,-31.6,-0.0147
0.4,0.3,3.0,2013,2.0,1818,195,9.687,90.909,3,154.1,111.5,-120.12,-0.0597,127.2,0.2727,-240.9,-0.1197,243.3,0.0814,-39.6,-0.0197
0.4,0.3,4.0,1818,1.81,1680,138,7.591,93.023,1,217.9,167.0,-120.72,-0.0664,138.06,0.2648,-229.8,-0.1264,236.0,0.0889,-48.0,-0.0264
0.4,0.3,5.0,1644,1.64,1547,97,5.9,94.34,0,293.4,257.3,-86.66,-0.0527,112.94,0.3681,-185.3,-0.1127,200.5,0.1371,-20.9,-0.0127
0.4,0.3,7.000000000000001,1302,1.3,1244,58,4.455,95.89,1,483.6,459.7,-84.88,-0.0652,98.22,0.3665,-163.0,-0.1252,168.5,0.1676,-32.8,-0.0252
0.4,0.3,10.0,1096,1.09,1062,34,3.102,97.087,0,685.0,659.8,-65.24,-0.0595,86.24,0.4318,-131.0,-0.1195,143.0,0.2235,-21.4,-0.0195
0.4,0.4,0.3,3230,3.22,1347,1883,58.297,42.857,121,13.6,6.5,-155.3,-0.0481,157.9,0.2075,-349.1,-0.1081,351.2,0.0298,-26.1,-0.0081
0.4,0.4,0.5,3126,3.11,1670,1456,46.577,55.556,70,21.9,23.8,-185.04,-0.0592,187.56,0.1522,-372.6,-0.1192,374.7,0.0233,-60.0,-0.0192
0.4,0.4,0.7000000000000001,2932,2.92,1816,1116,38.063,63.636,46,31.4,23.8,-172.08,-0.0587,174.92,0.1715,-348.0,-0.1187,350.1,0.0295,-54.8,-0.0187
0.4,0.4,1.0,2678,2.67,1876,802,29.948,71.429,18,49.2,23.8,-158.72,-0.0593,164.12,0.1934,-319.4,-0.1193,322.5,0.0387,-51.6,-0.0193
0.4,0.4,1.25,2510,2.5,1886,624,24.861,75.758,11,65.4,47.0,-126.0,-0.0502,130.77,0.2659,-276.6,-0.1102,279.75,0.0589,-25.6,-0.0102
0.4,0.4,1.5,2377,2.37,1866,511,21.498,78.947,7,84.9,75.2,-115.18,-0.0485,123.68,0.2937,-257.8,-0.1085,260.3,0.0705,-20.1,-0.0085
0.4,0.4,1.7999999999999998,2223,2.21,1798,425,19.118,81.818,5,108.3,75.2,-134.72,-0.0606,138.08,0.2389,-268.1,-0.1206,270.5,0.0629,-45.8,-0.0206
0.4,0.4,2.0,2137,2.13,1761,376,17.595,83.333,3,124.8,75.2,-133.08,-0.0623,136.56,0.2414,-261.3,-0.1223,263.7,0.0669,-47.6,-0.0223
0.4,0.4,2.5,1958,1.95,1675,283,14.454,86.207,2,169.3,79.8,-115.82,-0.0592,127.22,0.2831,-233.3,-0.1192,239.9,0.0873,-37.5,-0.0192
0.4,0.4,3.0,1816,1.81,1592,224,12.335,88.235,2,212.8,111.5,-107.84,-0.0594,120.16,0.3029,-216.8,-0.1194,224.8,0.1018,-35.2,-0.0194
0.4,0.4,4.0,1580,1.57,1423,157,9.937,90.909,0,315.9,167.0,-122.0,-0.0772,138.04,0.2564,-216.8,-0.1372,228.7,0.0993,-58.8,-0.0372
0.4,0.4,5.0,1422,1.42,1312,110,7.736,92.593,0,419.6,267.0,-82.08,-0.0577,101.88,0.3776,-167.4,-0.1177,181.8,0.1607,-25.2,-0.0177
0.4,0.4,7.000000000000001,1141,1.14,1077,64,5.609,94.595,0,634.2,459.7,-62.84,-0.0551,86.0,0.4485,-131.3,-0.1151,141.6,0.226,-17.2,-0.0151
0.4,0.4,10.0,922,0.92,884,38,4.121,96.154,0,946.3,723.0,-63.28,-0.0686,93.28,0.43,-118.6,-0.1286,139.5,0.2471,-26.4,-0.0286
0.4,0.5,0.3,3217,3.2,1178,2039,63.382,37.5,82,17.3,8.0,-151.38,-0.0471,153.04,0.2148,-344.4,-0.1071,345.2,0.0311,-22.7,-0.0071
0.4,0.5,0.5,3083,3.07,1498,1585,51.411,50.0,43,29.2,38.7,-166.82,-0.0541,170.24,0.1814,-351.8,-0.1141,353.4,0.0285,-43.5,-0.0141
0.4,0.5,0.7000000000000001,2860,2.85,1630,1230,43.007,58.333,31,41.8,39.4,-160.4,-0.0561,164.44,0.1911,-332.0,-0.1161,334.0,0.0343,-46.0,-0.0161
0.4,0.5,1.0,2589,2.58,1706,883,34.106,66.667,12,66.1,56.4,-133.56,-0.0516,138.08,0.2462,-288.9,-0.1116,291.8,0.052,-30.0,-0.0116
0.4,0.5,1.25,2406,2.4,1713,693,28.803,71.429,7,87.6,56.4,-105.99,-0.0441,111.78,0.3211,-250.35,-0.1041,254.7,0.0757,-9.75,-0.0041
0.4,0.5,1.5,2264,2.25,1694,570,25.177,75.0,4,111.9,75.3,-98.56,-0.0435,106.7,0.3424,-234.4,-0.1035,238.0,0.0879,-8.0,-0.0035
0.4,0.5,1.7999999999999998,2102,2.09,1638,464,22.074,78.261,2,138.3,75.3,-100.28,-0.0477,115.46,0.333,-226.4,-0.1077,229.1,0.0942,-16.2,-0.0077
0.4,0.5,2.0,2013,2.0,1601,412,20.467,80.0,1,157.9,75.3,-104.02,-0.0517,110.9,0.3185,-224.8,-0.1117,227.8,0.0951,-23.5,-0.0117
0.4,0.5,2.5,1817,1.81,1509,308,16.951,83.333,1,215.5,79.8,-88.18,-0.0485,104.62,0.3683,-197.2,-0.1085,203.6,0.1237,-15.5,-0.0085
0.4,0.5,3.0,1661,1.65,1418,243,14.63,85.714,1,272.6,111.5,-86.44,-0.052,98.38,0.3701,-186.1,-0.112,194.2,0.1365,-20.0,-0.012
0.4,0.5,4.0,1404,1.4,1236,168,11.966,88.889,0,398.7,155.4,-110.16,-0.0785,131.88,0.2849,-194.4,-0.1385,204.0,0.1226,-54.0,-0.0385
0.4,0.5,5.0,1269,1.26,1154,115,9.062,90.909,0,517.8,267.0,-48.76,-0.0384,85.24,0.5216,-124.9,-0.0984,143.7,0.2434,2.0,0.0016
0.4,0.5,7.000000000000001,1021,1.02,953,68,6.66,93.333,0,753.8,459.7,-40.34,-0.0395,80.2,0.5542,-101.6,-0.0995,122.0,0.3001,0.5,0.0005
0.4,0.5,10.0,823,0.82,785,38,4.617,95.238,0,1106.1,723.0,-20.42,-0.0248,66.24,0.6584,-69.8,-0.0848,97.9,0.4016,12.5,0.0152
0.4,0.6,0.3,3192,3.18,1022,2170,67.982,33.333,65,21.4,29.0,-165.48,-0.0518,166.44,0.1858,-357.0,-0.1118,357.6,0.0273,-37.8,-0.0118
0.4,0.6,0.5,3038,3.03,1323,1715,56.452,45.455,30,37.6,52.2,-185.22,-0.061,187.06,0.1499,-367.5,-0.121,369.0,0.0242,-63.7,-0.021
0.4,0.6,0.7000000000000001,2791,2.78,1441,1350,48.37,53.846,25,52.8,52.3,-192.04,-0.0688,194.32,0.1381,-359.5,-0.1288,361.0,0.0258,-80.4,-0.0288
0.4,0.6,1.0,2493,2.48,1535,958,38.428,62.5,11,84.1,54.2,-136.72,-0.0548,140.0,0.2361,-286.3,-0.1148,288.3,0.0528,-37.0,-0.0148
0.4,0.6,1.25,2301,2.29,1530,771,33.507,67.568,8,111.1,54.4,-137.79,-0.0599,143.81,0.2307,-275.85,-0.1199,280.65,0.0579,-45.75,-0.0199
0.4,0.6,1.5,2160,2.15,1531,629,29.12,71.429,5,140.3,75.3,-111.3,-0.0515,121.52,0.2975,-240.9,-0.1115,245.2,0.0813,-24.9,-0.0115
0.4,0.6,1.7999999999999998,1982,1.97,1471,511,25.782,75.0,3,172.4,75.3,-116.48,-0.0588,134.48,0.2793,-235.4,-0.1188,239.1,0.0849,-37.2,-0.0188
0.4,0.6,2.0,1895,1.89,1450,445,23.483,76.923,2,195.3,75.3,-95.8,-0.0506,102.92,0.3415,-209.5,-0.1106,213.3,0.1094,-20.0,-0.0106
0.4,0.6,2.5,1706,1.7,1367,339,19.871,80.645,1,257.8,80.3,-95.54,-0.056,103.82,0.3369,-197.9,-0.116,203.3,0.1209,-27.3,-0.016
0.4,0.6,3.0,1540,1.53,1273,267,17.338,83.333,1,322.8,111.5,-98.8,-0.0642,107.36,0.3218,-191.2,-0.1242,197.3,0.1276,-37.2,-0.0242
0.4,0.6,4.0,1284,1.28,1107,177,13.785,86.957,0,478.6,156.8,-95.16,-0.0741,115.44,0.3271,-172.2,-0.1341,184.0,0.1513,-43.8,-0.0341
0.4,0.6,5.0,1151,1.15,1031,120,10.426,89.286,0,615.3,267.0,-27.44,-0.0238,78.4,0.6388,-96.5,-0.0838,123.9,0.32,18.6,0.0162
0.4,0.6,7.000000000000001,902,0.9,834,68,7.539,92.105,0,915.9,459.7,-11.68,-0.0129,76.24,0.7359,-65.8,-0.0729,99.6,0.4281,24.4,0.0271
0.4,0.6,10.0,724,0.72,685,39,5.387,94.34,0,1324.8,723.0,-7.96,-0.011,68.12,0.74,-51.4,-0.071,83.6,0.479,21.0,0.029
0.4,0.8,0.3,3134,3.12,838,2296,73.261,27.273,37,29.6,29.0,-143.76,-0.0459,146.2,0.2288,-331.8,-0.1059,332.8,0.0348,-18.4,-0.0059
0.4,0.8,0.5,2948,2.94,1099,1849,62.72,38.462,16,52.1,52.2,-163.22,-0.0554,174.66,0.1844,-340.1,-0.1154,343.8,0.0314,-45.3,-0.0154
0.4,0.8,0.7000000000000001,2681,2.67,1211,1470,54.83,46.667,11,73.1,52.3,-167.44,-0.0625,175.7,0.1738,-328.3,-0.1225,332.7,0.0347,-60.2,-0.0225
0.4,0.8,1.0,2337,2.33,1281,1056,45.186,55.556,5,117.9,54.2,-124.68,-0.0534,133.56,0.2616,-264.9,-0.1134,268.8,0.0643,-31.2,-0.0134
0.4,0.8,1.25,2123,2.11,1274,849,39.991,60.976,5,158.7,58.9,-126.97,-0.0598,137.49,0.2522,-254.35,-0.1198,261.45,0.0705,-42.05,-0.0198
0.4,0.8,1.5,1972,1.96,1281,691,35.041,65.217,3,200.8,84.2,-90.58,-0.0459,108.46,0.3587,-208.9,-0.1059,214.8,0.1097,-11.7,-0.0059
0.4,0.8,1.7999999999999998,1801,1.79,1244,557,30.927,69.231,1,246.3,84.4,-79.44,-0.0441,105.76,0.3963,-187.5,-0.1041,198.4,0.1344,-7.4,-0.0041
0.4,0.8,2.0,1700,1.69,1213,487,28.647,71.429,0,276.3,84.6,-71.6,-0.0421,93.44,0.4259,-173.6,-0.1021,181.3,0.1534,-3.6,-0.0021
0.4,0.8,2.5,1517,1.51,1144,373,24.588,75.758,0,362.0,98.8,-77.98,-0.0514,93.38,0.3926,-169.0,-0.1114,176.2,0.1578,-17.3,-0.0114
0.4,0.8,3.0,1353,1.35,1059,294,21.729,78.947,0,450.5,168.5,-88.92,-0.0657,101.08,0.347,-170.1,-0.1257,176.3,0.154,-34.8,-0.0257
0.4,0.8,4.0,1092,1.09,904,188,17.216,83.333,0,659.2,157.4,-72.48,-0.0664,98.28,0.4031,-138.0,-0.1264,149.6,0.2092,-28.8,-0.0264
0.4,0.8,5.0,975,0.97,845,130,13.333,86.207,0,839.0,267.0,-13.0,-0.0133,70.8,0.7224,-71.5,-0.0733,102.7,0.4023,26.0,0.0267
0.4,0.8,7.000000000000001,768,0.76,693,75,9.766,89.744,0,1157.5,459.7,-1.32,-0.0017,80.92,0.796,-47.4,-0.0617,97.6,0.5019,29.4,0.0383
0.4,0.8,10.0,592,0.59,552,40,6.757,92.593,0,1785.6,1162.8,17.92,0.0303,54.56,0.9485,-17.6,-0.0297,65.9,0.6647,41.6,0.0703
0.4,1.0,0.3,3070,3.06,700,2370,77.199,23.077,23,40.2,41.6,-133.8,-0.0436,138.54,0.2506,-318.0,-0.1036,319.6,0.0397,-11.0,-0.0036
0.4,1.0,0.5,2862,2.85,931,1931,67.47,33.333,14,69.1,52.2,-148.98,-0.0521,164.1,0.21,-320.7,-0.1121,324.9,0.0377,-34.5,-0.0121
0.4,1.0,0.7000000000000001,2572,2.56,1031,1541,59.914,41.176,10,101.5,56.5,-150.58,-0.0585,160.9,0.2028,-304.9,-0.1185,310.4,0.0433,-47.7,-0.0185
0.4,1.0,1.0,2216,2.21,1112,1104,49.819,50.0,4,160.9,86.2,-80.64,-0.0364,97.84,0.3995,-213.6,-0.0964,223.1,0.1056,8.0,0.0036
0.4,1.0,1.25,1998,1.99,1102,896,44.845,55.556,4,211.2,86.2,-97.92,-0.049,112.26,0.3313,-217.8,-0.109,227.25,0.0998,-18.0,-0.009
0.4,1.0,1.5,1835,1.83,1095,740,40.327,60.0,3,267.5,88.5,-88.4,-0.0482,102.82,0.3596,-198.5,-0.1082,207.2,0.1195,-15.0,-0.0082
0.4,1.0,1.7999999999999998,1652,1.65,1060,592,35.835,64.286,1,336.8,104.7,-71.68,-0.0434,96.4,0.4203,-170.8,-0.1034,179.6,0.1558,-5.6,-0.0034
0.4,1.0,2.0,1554,1.55,1038,516,33.205,66.667,0,377.3,104.7,-56.16,-0.0361,79.32,0.4877,-149.4,-0.0961,158.7,0.1918,6.0,0.0039
0.4,1.0,2.5,1384,1.38,993,391,28.251,71.429,0,472.7,136.2,-39.86,-0.0288,78.56,0.5642,-122.9,-0.0888,132.9,0.2457,15.5,0.0112
0.4,1.0,3.0,1223,1.22,911,312,25.511,75.0,0,583.6,168.5,-73.92,-0.0604,96.48,0.3953,-147.3,-0.1204,154.3,0.1896,-25.0,-0.0204
0.4,1.0,4.0,975,0.97,780,195,20.0,80.0,0,863.5,265.5,-39.0,-0.04,84.16,0.5547,-97.5,-0.1,114.9,0.3088,0.0,0.0
0.4,1.0,5.0,851,0.85,714,137,16.099,83.333,0,1094.7,267.0,-5.04,-0.0059,79.2,0.7686,-56.1,-0.0659,101.7,0.4611,29.0,0.0341
0.4,1.0,7.000000000000001,680,0.68,599,81,11.912,87.5,0,1455.5,459.7,4.8,0.0071,79.04,0.8269,-36.0,-0.0529,89.6,0.5496,32.0,0.0471
0.4,1.0,10.0,498,0.5,457,41,8.233,90.909,0,2285.3,1179.3,27.08,0.0544,59.76,1.0287,-2.8,-0.0056,68.6,0.7628,47.0,0.0944
0.4,1.5,0.3,2922,2.91,489,2433,83.265,16.667,8,69.7,55.6,-113.28,-0.0388,124.46,0.3016,-288.6,-0.0988,293.4,0.0522,3.6,0.0012
0.4,1.5,0.5,2634,2.62,659,1975,74.981,25.0,4,118.0,56.2,-104.36,-0.0396,132.9,0.3192,-262.4,-0.0996,273.4,0.0656,1.0,0.0004
0.4,1.5,0.7000000000000001,2310,2.3,730,1580,68.398,31.818,4,171.5,105.1,-103.4,-0.0448,127.08,0.3152,-242.0,-0.1048,255.6,0.0787,-11.0,-0.0048
0.4,1.5,1.0,1926,1.92,789,1137,59.034,40.0,2,270.9,105.1,-30.54,-0.0159,81.2,0.6372,-146.1,-0.0759,172.1,0.2005,46.5,0.0241
0.4,1.5,1.25,1702,1.7,783,919,53.995,45.455,2,345.2,105.1,-42.33,-0.0249,91.46,0.5582,-144.45,-0.0849,167.25,0.2009,25.75,0.0151
0.4,1.5,1.5,1532,1.53,773,759,49.543,50.0,2,427.7,105.1,-40.28,-0.0263,84.28,0.5625,-132.2,-0.0863,152.8,0.2242,21.0,0.0137
0.4,1.5,1.7999999999999998,1376,1.37,755,621,45.131,54.545,1,535.0,120.6,-40.34,-0.0293,90.86,0.5546,-122.9,-0.0893,148.8,0.2427,14.7,0.0107
0.4,1.5,2.0,1277,1.27,739,538,42.13,57.143,0,599.0,120.6,-18.58,-0.0145,68.76,0.6857,-95.2,-0.0745,123.9,0.3185,32.5,0.0255
0.4,1.5,2.5,1119,1.11,712,407,36.372,62.5,0,729.9,140.8,5.74,0.0051,73.38,0.8596,-61.4,-0.0549,93.8,0.4391,50.5,0.0451
0.4,1.5,3.0,974,0.97,655,319,32.752,66.667,0,885.8,144.6,-13.46,-0.0138,78.62,0.7017,-71.9,-0.0738,100.5,0.391,25.5,0.0262
0.4,1.5,4.0,769,0.77,561,208,27.048,72.727,0,1289.8,471.2,-21.26,-0.0276,83.8,0.64,-67.4,-0.0876,111.2,0.4032,9.5,0.0124
0.4,1.5,5.0,643,0.64,503,140,21.773,76.923,0,1668.7,471.2,28.78,0.0448,80.2,1.052,-9.8,-0.0152,94.0,0.7151,54.5,0.0848
0.4,1.5,7.000000000000001,513,0.51,432,81,15.789,82.353,0,2174.7,471.2,60.48,0.1179,81.88,1.417,29.7,0.0579,86.2,1.0415,81.0,0.1579
0.4,1.5,10.0,365,0.36,326,39,10.685,86.957,0,3385.3,1182.3,84.4,0.2312,53.86,1.8199,62.5,0.1712,56.2,1.4622,99.0,0.2712
0.4,2.0,0.3,2809,2.8,383,2426,86.365,13.043,4,102.8,69.1,-74.16,-0.0264,101.7,0.4368,-242.7,-0.0864,247.7,0.0809,38.2,0.0136
0.4,2.0,0.5,2468,2.46,512,1956,79.254,20.0,1,173.6,83.8,-52.72,-0.0214,90.92,0.5205,-200.8,-0.0814,219.2,0.1183,46.0,0.0186
0.4,2.0,0.7000000000000001,2113,2.1,546,1567,74.16,25.926,2,244.5,139.5,-89.42,-0.0423,116.44,0.3532,-216.2,-0.1023,230.7,0.0993,-4.9,-0.0023
0.4,2.0,1.0,1726,1.72,602,1124,65.122,33.333,1,379.5,143.4,10.96,0.0063,42.6,0.9364,-92.6,-0.0537,118.4,0.3323,80.0,0.0463
0.4,2.0,1.25,1498,1.49,586,912,60.881,38.462,1,487.2,143.5,-27.92,-0.0186,69.78,0.627,-117.8,-0.0786,136.1,0.255,32.0,0.0214
0.4,2.0,1.5,1327,1.32,582,745,56.142,42.857,1,598.2,148.4,-6.58,-0.005,61.74,0.7669,-86.2,-0.065,114.3,0.3457,46.5,0.035
0.4,2.0,1.7999999999999998,1181,1.18,573,608,51.482,47.368,1,714.9,166.3,4.36,0.0037,62.76,0.8443,-66.5,-0.0563,106.4,0.4155,51.6,0.0437
0.4,2.0,2.0,1089,1.08,560,529,48.577,50.0,0,802.8,168.8,18.44,0.0169,55.6,0.9672,-46.9,-0.0431,84.7,0.503,62.0,0.0569
0.4,2.0,2.5,935,0.93,539,396,42.353,55.556,0,983.5,168.8,50.6,0.0541,61.06,1.315,-5.5,-0.0059,70.9,0.7503,88.0,0.0941
0.4,2.0,3.0,820,0.82,501,319,38.902,60.0,0,1190.8,204.3,12.2,0.0149,73.44,0.8839,-37.0,-0.0451,86.2,0.5402,45.0,0.0549
0.4,2.0,4.0,630,0.63,427,203,32.222,66.667,0,1733.0,369.7,16.8,0.0267,90.36,0.9201,-21.0,-0.0333,99.9,0.6303,42.0,0.0667
0.4,2.0,5.0,527,0.52,388,139,26.376,71.429,0,2147.5,460.8,59.92,0.1137,68.6,1.4091,28.3,0.0537,72.5,1.027,81.0,0.1537
0.4,2.0,7.000000000000001,418,0.42,337,81,19.378,77.778,0,2743.6,590.8,90.28,0.216,69.88,1.8743,65.2,0.156,72.7,1.4587,107.0,0.256
0.4,2.0,10.0,292,0.29,253,39,13.356,83.333,0,4295.8,1182.7,104.32,0.3573,51.16,2.1912,86.8,0.2973,52.9,1.8395,116.0,0.3973
0.4,3.0,0.3,2525,2.51,247,2278,90.218,9.091,2,164.2,115.1,-43.4,-0.0172,78.1,0.575,-194.9,-0.0772,210.0,0.1263,57.6,0.0228
0.4,3.0,0.5,2108,2.1,317,1791,84.962,14.286,1,281.6,137.2,-28.82,-0.0137,81.52,0.6372,-155.3,-0.0737,180.7,0.1798,55.5,0.0263
0.4,3.0,0.7000000000000001,1778,1.77,340,1438,80.877,18.919,1,386.4,139.5,-57.72,-0.0325,103.6,0.4663,-164.4,-0.0925,183.3,0.1603,13.4,0.0075
0.4,3.0,1.0,1380,1.37,370,1010,73.188,25.0,1,590.4,147.3,44.8,0.0325,58.48,1.2637,-38.0,-0.0275,92.7,0.552,100.0,0.0725
0.4,3.0,1.25,1204,1.2,372,832,69.103,29.412,1,734.0,145.8,27.84,0.0231,57.37,1.05,-44.4,-0.0369,89.65,0.5097,76.0,0.0631
0.4,3.0,1.5,1058,1.05,370,688,65.028,33.333,1,904.8,164.2,35.68,0.0337,71.98,1.1223,-27.8,-0.0263,91.3,0.5947,78.0,0.0737
0.4,3.0,1.7999999999999998,915,0.91,357,558,60.984,37.5,1,1091.7,164.2,30.0,0.0328,79.2,1.0523,-24.9,-0.0272,99.1,0.6076,66.6,0.0728
0.4,3.0,2.0,837,0.83,347,490,58.542,40.0,0,1215.1,146.8,27.52,0.0329,87.32,1.023,-22.7,-0.0271,111.8,0.6189,61.0,0.0729
0.4,3.0,2.5,687,0.68,324,363,52.838,45.455,0,1540.3,405.8,37.02,0.0539,87.34,1.1184,-4.2,-0.0061,94.6,0.7404,64.5,0.0939
0.4,3.0,3.0,605,0.6,307,298,49.256,50.0,0,1844.1,377.0,2.8,0.0046,91.12,0.7831,-33.5,-0.0554,97.6,0.5445,27.0,0.0446
0.4,3.0,4.0,453,0.45,266,187,41.28,57.143,0,2649.6,626.0,31.88,0.0704,75.44,1.0488,4.7,0.0104,88.1,0.799,50.0,0.1104
0.4,3.0,5.0,369,0.37,238,131,35.501,62.5,0,3314.5,626.0,44.24,0.1199,81.04,1.1829,22.1,0.0599,84.1,0.9478,59.0,0.1599
0.4,3.0,7.000000000000001,279,0.28,204,75,26.882,70.0,0,4527.7,626.0,75.84,0.2718,79.76,1.6091,59.1,0.2118,82.4,1.3612,87.0,0.3118
0.4,3.0,10.0,202,0.2,162,40,19.802,76.923,0,6461.4,1111.7,77.92,0.3857,60.76,1.6379,65.8,0.3257,61.9,1.451,86.0,0.4257
0.4,5.0,0.3,2078,2.07,131,1947,93.696,5.66,1,290.4,241.1,-12.22,-0.0059,71.6,0.7487,-136.9,-0.0659,154.8,0.215,70.9,0.0341
0.4,5.0,0.5,1627,1.62,162,1465,90.043,9.091,1,516.5,257.5,12.42,0.0076,76.44,0.9138,-85.2,-0.0524,120.1,0.3441,77.5,0.0476
0.4,5.0,0.7000000000000001,1342,1.34,170,1172,87.332,12.281,1,681.4,257.5,-24.08,-0.0179,105.9,0.6216,-104.6,-0.0779,147.8,0.2777,29.6,0.0221
0.4,5.0,1.0,1012,1.01,184,828,81.818,16.667,1,1012.4,381.1,51.52,0.0509,79.92,1.2853,-9.2,-0.0091,100.1,0.7002,92.0,0.0909
0.4,5.0,1.25,840,0.84,177,663,78.929,20.0,1,1345.3,529.5,22.65,0.027,87.8,0.9609,-27.75,-0.033,108.15,0.5803,56.25,0.067
0.4,5.0,1.5,733,0.73,177,556,75.853,23.077,1,1603.9,529.5,21.68,0.0296,97.48,0.9412,-22.3,-0.0304,115.6,0.6061,51.0,0.0696
0.4,5.0,1.7999999999999998,626,0.62,169,457,73.003,26.471,1,1906.7,529.5,-2.64,-0.0042,116.08,0.7364,-40.2,-0.0642,135.0,0.5056,22.4,0.0358
0.4,5.0,2.0,558,0.56,169,389,69.713,28.571,0,2147.9,529.5,44.68,0.0801,69.96,1.1776,11.2,0.0201,81.9,0.8424,67.0,0.1201
0.4,5.0,2.5,469,0.47,163,306,65.245,33.333,0,2612.9,456.8,31.24,0.0666,87.16,1.018,3.1,0.0066,97.9,0.7681,50.0,0.1066
0.4,5.0,3.0,394,0.39,158,236,59.898,37.5,0,3197.2,414.8,66.24,0.1681,74.88,1.4375,42.6,0.1081,79.2,1.1349,82.0,0.2081
0.4,5.0,4.0,297,0.3,138,159,53.535,44.444,0,4389.6,1046.3,42.12,0.1418,73.8,1.1315,24.3,0.0818,78.5,0.9466,54.0,0.1818
0.4,5.0,5.0,243,0.24,130,113,46.502,50.0,0,5379.3,992.1,75.28,0.3098,76.8,1.5675,60.7,0.2498,79.5,1.3549,85.0,0.3498
0.4,5.0,7.000000000000001,176,0.18,111,65,36.932,58.333,0,7678.9,915.7,92.96,0.5282,68.0,1.8745,82.4,0.4682,69.5,1.6869,100.0,0.5682
0.4,5.0,10.0,119,0.12,85,34,28.571,66.667,0,11490.3,1221.7,80.24,0.6743,65.56,1.6777,73.1,0.6143,66.4,1.5622,85.0,0.7143
0.5,0.1,0.3,1706,1.7,968,738,43.259,75.0,440,5.2,0.3,-192.84,-0.113,193.14,0.1447,-295.2,-0.173,295.2,0.0519,-124.6,-0.073
0.5,0.1,0.5,1706,1.7,1236,470,27.55,83.333,234,5.9,0.8,-179.64,-0.1053,180.18,0.1647,-282.0,-0.1653,282.0,0.0591,-111.4,-0.0653
0.5,0.1,0.7000000000000001,1683,1.68,1367,316,18.776,87.5,135,6.7,1.7,-151.82,-0.0902,152.48,0.2172,-252.8,-0.1502,252.8,0.079,-84.5,-0.0502
0.5,0.1,1.0,1647,1.64,1440,207,12.568,90.909,61,8.3,4.8,-128.88,-0.0783,129.6,0.2724,-227.7,-0.1383,227.7,0.1013,-63.0,-0.0383
0.5,0.1,1.25,1622,1.62,1461,161,9.926,92.593,39,10.1,6.2,-120.03,-0.074,120.69,0.297,-217.35,-0.134,217.35,0.1121,-55.15,-0.034
0.5,0.1,1.5,1597,1.59,1472,125,7.827,93.75,27,13.1,20.4,-104.18,-0.0652,104.84,0.3475,-200.0,-0.1252,200.0,0.1332,-40.3,-0.0252
0.5,0.1,1.7999999999999998,1575,1.57,1470,105,6.667,94.737,22,18.4,24.0,-105.0,-0.0667,105.66,0.3436,-199.5,-0.1267,199.5,0.1334,-42.0,-0.0267
0.5,0.1,2.0,1560,1.55,1464,96,6.154,95.238,18,22.4,46.2,-108.0,-0.0692,108.66,0.3327,-201.6,-0.1292,201.6,0.1304,-45.6,-0.0292
0.5,0.1,2.5,1527,1.52,1458,69,4.519,96.154,8,33.3,56.9,-87.78,-0.0575,88.44,0.4063,-179.4,-0.1175,179.4,0.1624,-26.7,-0.0175
0.5,0.1,3.0,1504,1.5,1442,62,4.122,96.774,7,45.3,111.5,-101.96,-0.0678,102.38,0.3503,-192.2,-0.1278,192.2,0.1419,-41.8,-0.0278
0.5,0.1,4.0,1461,1.46,1412,49,3.354,97.561,4,72.5,166.8,-113.24,-0.0775,114.2,0.3092,-200.9,-0.1375,200.9,0.1286,-54.8,-0.0375
0.5,0.1,5.0,1389,1.38,1352,37,2.664,98.039,2,98.8,166.8,-105.36,-0.0759,108.36,0.332,-188.7,-0.1359,188.7,0.1442,-49.8,-0.0359
0.5,0.1,7.000000000000001,1260,1.25,1233,27,2.143,98.592,1,178.1,402.2,-116.1,-0.0921,116.76,0.2919,-191.7,-0.1521,191.7,0.1369,-65.7,-0.0521
0.5,0.1,10.0,1189,1.18,1175,14,1.177,99.01,0,214.9,402.2,-70.06,-0.0589,77.92,0.46,-141.4,-0.1189,141.4,0.2252,-22.5,-0.0189
0.5,0.16,0.3,1706,1.7,932,774,45.369,65.217,320,5.8,1.1,-151.32,-0.0887,151.92,0.2191,-253.68,-0.1487,253.98,0.0786,-83.08,-0.0487
0.5,0.16,0.5,1706,1.7,1176,530,31.067,75.758,165,7.1,1.9,-145.08,-0.085,146.16,0.2324,-247.44,-0.145,247.98,0.0834,-76.84,-0.045
0.5,0.16,0.7000000000000001,1675,1.67,1301,374,22.328,81.395,93,8.9,4.2,-120.64,-0.072,121.96,0.2959,-221.14,-0.132,221.8,0.1082,-53.64,-0.032
0.5,0.16,1.0,1618,1.61,1356,262,16.193,86.207,46,11.8,8.0,-109.76,-0.0678,111.2,0.3286,-206.84,-0.1278,207.56,0.1244,-45.04,-0.0278
0.5,0.16,1.25,1584,1.58,1375,209,13.194,88.652,31,16.0,10.1,-104.61,-0.066,105.93,0.3449,-199.65,-0.126,200.31,0.1332,-41.25,-0.026
0.5,0.16,1.5,1551,1.54,1386,165,10.638,90.361,19,21.7,47.8,-87.78,-0.0566,89.1,0.4072,-180.84,-0.1166,181.5,0.1604,-25.74,-0.0166
0.5,0.16,1.7999999999999998,1520,1.51,1383,137,9.013,91.837,15,30.2,47.8,-86.12,-0.0567,87.44,0.4124,-177.32,-0.1167,177.98,0.1655,-25.32,-0.0167
0.5,0.16,2.0,1504,1.5,1380,124,8.245,92.593,11,35.2,47.8,-87.36,-0.0581,89.28,0.4063,-177.6,-0.1181,178.26,0.1646,-27.2,-0.0181
0.5,0.16,2.5,1455,1.45,1366,89,6.117,93.985,4,53.1,69.3,-62.14,-0.0427,63.6,0.5212,-149.44,-0.1027,150.1,0.2176,-3.94,-0.0027
0.5,0.16,3.0,1425,1.42,1344,81,5.684,94.937,4,67.9,111.5,-84.96,-0.0596,88.04,0.4112,-170.46,-0.1196,170.88,0.1747,-27.96,-0.0196
0.5,0.16,4.0,1373,1.37,1313,60,4.37,96.154,2,99.2,166.8,-84.84,-0.0618,88.2,0.4067,-167.22,-0.1218,168.18,0.1783,-29.92,-0.0218
0.5,0.16,5.0,1304,1.3,1259,45,3.451,96.899,2,129.8,166.8,-75.72,-0.0581,85.44,0.4416,-153.96,-0.1181,156.24,0.2018,-23.56,-0.0181
0.5,0.16,7.000000000000001,1159,1.15,1127,32,2.761,97.765,1,228.6,402.2,-90.04,-0.0777,96.92,0.3736,-159.58,-0.1377,160.24,0.1862,-43.68,-0.0377
0.5,0.16,10.0,1052,1.05,1037,15,1.426,98.425,0,327.4,505.8,-26.16,-0.0249,42.44,0.7093,-89.28,-0.0849,96.48,0.3772,15.92,0.0151
0.5,0.2,0.3,1706,1.7,898,808,47.362,60.0,270,6.3,1.2,-131.04,-0.0768,131.84,0.2681,-233.4,-0.1368,233.9,0.0962,-62.8,-0.0368
0.5,0.2,0.5,1706,1.7,1132,574,33.646,71.429,140,8.1,4.1,-128.84,-0.0755,130.28,0.273,-231.2,-0.1355,232.1,0.098,-60.6,-0.0355
0.5,0.2,0.7000000000000001,1672,1.67,1260,412,24.641,77.778,80,10.6,5.0,-103.28,-0.0618,105.04,0.3514,-203.6,-0.1218,204.7,0.1287,-36.4,-0.0218
0.5,0.2,1.0,1606,1.6,1314,292,18.182,83.333,41,14.6,8.3,-93.44,-0.0582,95.84,0.386,-189.8,-0.1182,191.0,0.1471,-29.2,-0.0182
0.5,0.2,1.25,1572,1.57,1339,233,14.822,86.207,27,19.3,10.1,-86.33,-0.0549,88.09,0.4129,-180.65,-0.1149,181.75,0.1606,-23.45,-0.0149
0.5,0.2,1.5,1532,1.53,1349,183,11.945,88.235,15,25.9,47.8,-65.98,-0.0431,71.16,0.5049,-157.9,-0.1031,159.0,0.2012,-4.7,-0.0031
0.5,0.2,1.7999999999999998,1496,1.49,1342,154,10.294,90.0,11,35.0,47.8,-68.64,-0.0459,70.8,0.4894,-158.4,-0.1059,159.5,0.1993,-8.8,-0.0059
0.5,0.2,2.0,1478,1.47,1340,138,9.337,90.909,8,41.0,47.8,-67.12,-0.0454,73.76,0.4956,-155.8,-0.1054,156.9,0.204,-8.0,-0.0054
0.5,0.2,2.5,1422,1.42,1319,103,7.243,92.593,3,61.1,69.3,-50.58,-0.0356,56.76,0.582,-135.9,-0.0956,137.0,0.2478,6.3,0.0044
0.5,0.2,3.0,1390,1.38,1296,94,6.763,93.75,3,77.3,111.5,-78.4,-0.0564,86.56,0.4361,-161.8,-0.1164,162.5,0.1892,-22.8,-0.0164
0.5,0.2,4.0,1314,1.31,1243,71,5.403,95.238,1,120.1,166.8,-87.96,-0.0669,96.48,0.3903,-166.8,-0.1269,168.4,0.1773,-35.4,-0.0269
0.5,0.2,5.0,1240,1.24,1187,53,4.274,96.154,0,157.3,166.8,-77.2,-0.0623,91.84,0.4303,-151.6,-0.1223,158.8,0.2043,-27.6,-0.0223
0.5,0.2,7.000000000000001,1081,1.08,1044,37,3.423,97.222,1,271.4,402.2,-93.44,-0.0864,104.96,0.3563,-158.3,-0.1464,162.8,0.1861,-50.2,-0.0464
0.5,0.2,10.0,911,0.91,894,17,1.866,98.039,0,448.3,536.7,-27.64,-0.0303,51.84,0.6911,-82.3,-0.0903,94.3,0.3999,8.8,0.0097
0.5,0.25,0.3,1706,1.7,853,853,50.0,54.545,219,7.2,1.3,-110.89,-0.065,112.02,0.3277,-213.25,-0.125,214.0,0.1176,-42.65,-0.025
0.5,0.25,0.5,1704,1.7,1074,630,36.972,66.667,116,9.7,4.1,-114.66,-0.0673,116.34,0.3141,-216.9,-0.1273,218.1,0.1129,-46.5,-0.0273
0.5,0.25,0.7000000000000001,1668,1.66,1207,461,27.638,73.684,62,12.8,5.0,-87.67,-0.0526,89.77,0.4098,-187.75,-0.1126,189.25,0.1505,-20.95,-0.0126
0.5,0.25,1.0,1595,1.59,1263,332,20.815,80.0,33,19.1,16.2,-80.05,-0.0502,82.36,0.4398,-175.75,-0.1102,177.4,0.1688,-16.25,-0.0102
0.5,0.25,1.25,1552,1.55,1285,267,17.204,83.333,21,26.3,26.1,-74.58,-0.0481,76.68,0.4625,-167.7,-0.1081,169.2,0.1821,-12.5,-0.0081
0.5,0.25,1.5,1512,1.51,1297,215,14.22,85.714,13,35.8,66.2,-58.73,-0.0388,62.44,0.5401,-149.45,-0.0988,150.95,0.2179,1.75,0.0012
0.5,0.25,1.7999999999999998,1468,1.46,1291,177,12.057,87.805,9,47.7,66.2,-54.57,-0.0372,58.06,0.5605,-142.65,-0.0972,144.15,0.2322,4.15,0.0028
0.5,0.25,2.0,1447,1.44,1289,158,10.919,88.889,6,54.6,66.2,-51.63,-0.0357,59.04,0.5755,-138.45,-0.0957,139.95,0.2414,6.25,0.0043
0.5,0.25,2.5,1374,1.37,1259,115,8.37,90.909,3,79.5,79.8,-27.71,-0.0202,40.95,0.7279,-110.15,-0.0802,111.65,0.319,27.25,0.0198
0.5,0.25,3.0,1335,1.33,1231,104,7.79,92.308,3,100.7,111.5,-57.65,-0.0432,64.61,0.5335,-137.75,-0.1032,138.65,0.2393,-4.25,-0.0032
0.5,0.25,4.0,1260,1.25,1182,78,6.19,94.118,1,149.6,167.0,-66.9,-0.0531,79.15,0.4785,-142.5,-0.1131,145.15,0.2245,-16.5,-0.0131
0.5,0.25,5.0,1184,1.18,1126,58,4.899,95.238,0,203.3,176.8,-55.86,-0.0472,70.14,0.5287,-126.9,-0.1072,134.1,0.2597,-8.5,-0.0072
0.5,0.25,7.000000000000001,1037,1.03,998,39,3.761,96.552,1,315.7,402.2,-64.98,-0.0627,73.58,0.4707,-127.2,-0.1227,129.2,0.2525,-23.5,-0.0227
0.5,0.25,10.0,883,0.88,861,22,2.492,97.561,0,495.8,536.7,-40.07,-0.0454,63.67,0.5936,-93.05,-0.1054,104.4,0.3493,-4.75,-0.0054
0.5,0.3,0.3,1706,1.7,804,902,52.872,50.0,163,8.1,2.1,-97.64,-0.0572,99.12,0.3737,-200.0,-0.1172,201.0,0.1341,-29.4,-0.0172
0.5,0.3,0.5,1703,1.7,1012,691,40.575,62.5,87,11.5,5.4,-110.02,-0.0646,112.1,0.3283,-212.2,-0.1246,213.8,0.1181,-41.9,-0.0246
0.5,0.3,0.7000000000000001,1663,1.66,1143,520,31.269,70.0,50,15.7,5.4,-87.62,-0.0527,90.22,0.4089,-187.4,-0.1127,189.4,0.1506,-21.1,-0.0127
0.5,0.3,1.0,1580,1.57,1200,380,24.051,76.923,26,23.5,16.8,-83.2,-0.0527,86.84,0.4245,-178.0,-0.1127,180.2,0.1644,-20.0,-0.0127
0.5,0.3,1.25,1530,1.52,1227,303,19.804,80.645,18,33.4,27.8,-71.85,-0.047,76.7,0.4733,-163.65,-0.107,165.65,0.1888,-10.65,-0.007
0.5,0.3,1.5,1487,1.48,1241,246,16.543,83.333,10,46.1,66.4,-56.18,-0.0378,58.78,0.5513,-145.4,-0.0978,147.4,0.2258,3.3,0.0022
0.5,0.3,1.7999999999999998,1430,1.42,1227,203,14.196,85.714,6,60.5,66.4,-54.5,-0.0381,58.4,0.5577,-140.3,-0.0981,142.3,0.2363,2.7,0.0019
0.5,0.3,2.0,1402,1.4,1224,178,12.696,86.957,4,69.9,66.4,-44.88,-0.032,51.78,0.6123,-129.0,-0.092,131.0,0.2639,11.2,0.008
0.5,0.3,2.5,1326,1.32,1194,132,9.955,89.286,3,100.3,79.8,-24.84,-0.0187,45.48,0.744,-104.4,-0.0787,106.4,0.3356,28.2,0.0213
0.5,0.3,3.0,1287,1.28,1172,115,8.936,90.909,3,126.4,111.5,-44.88,-0.0349,52.98,0.6023,-122.1,-0.0949,123.3,0.2781,6.6,0.0051
0.5,0.3,4.0,1202,1.2,1117,85,7.072,93.023,1,179.7,167.0,-52.98,-0.0441,67.5,0.5461,-125.1,-0.1041,132.3,0.2654,-4.9,-0.0041
0.5,0.3,5.0,1132,1.13,1067,65,5.742,94.34,0,238.3,176.8,-50.18,-0.0443,68.7,0.5539,-118.1,-0.1043,129.9,0.2806,-4.9,-0.0043
0.5,0.3,7.000000000000001,975,0.97,934,41,4.205,95.89,1,364.3,402.2,-45.8,-0.047,59.38,0.5668,-104.3,-0.107,110.5,0.3156,-6.8,-0.007
0.5,0.3,10.0,835,0.83,812,23,2.754,97.087,0,577.2,619.4,-19.8,-0.0237,51.36,0.7225,-69.9,-0.0837,83.9,0.4376,13.6,0.0163
0.5,0.4,0.3,1706,1.7,726,980,57.444,42.857,99,10.3,3.3,-71.84,-0.0421,73.64,0.4825,-174.2,-0.1021,175.7,0.1732,-3.6,-0.0021
0.5,0.4,0.5,1696,1.69,920,776,45.755,55.556,58,15.5,5.4,-87.84,-0.0518,90.0,0.4083,-189.6,-0.1118,191.4,0.1475,-20.0,-0.0118
0.5,0.4,0.7000000000000001,1646,1.64,1036,610,37.06,63.636,38,21.6,5.4,-78.44,-0.0477,80.94,0.4458,-177.2,-0.1077,179.1,0.1659,-12.6,-0.0077
0.5,0.4,1.0,1546,1.54,1087,459,29.69,71.429,16,33.0,17.2,-86.04,-0.0557,90.32,0.4097,-178.8,-0.1157,180.7,0.1619,-24.2,-0.0157
0.5,0.4,1.25,1492,1.49,1127,365,24.464,75.758,11,46.2,27.8,-65.13,-0.0437,67.29,0.502,-154.65,-0.1037,156.45,0.2049,-5.45,-0.0037
0.5,0.4,1.5,1442,1.44,1135,307,21.29,78.947,7,63.1,66.5,-64.18,-0.0445,66.34,0.5036,-150.7,-0.1045,152.5,0.2119,-6.5,-0.0045
0.5,0.4,1.7999999999999998,1368,1.36,1112,256,18.713,81.818,5,85.0,66.5,-70.72,-0.0517,74.08,0.4685,-152.8,-0.1117,154.6,0.206,-16.0,-0.0117
0.5,0.4,2.0,1337,1.33,1112,225,16.829,83.333,3,96.3,66.5,-58.68,-0.0439,60.84,0.5265,-138.9,-0.1039,140.7,0.2359,-5.2,-0.0039
0.5,0.4,2.5,1248,1.24,1085,163,13.061,86.207,2,140.2,79.8,-23.42,-0.0188,41.9,0.7448,-98.3,-0.0788,101.0,0.3521,26.5,0.0212
0.5,0.4,3.0,1199,1.19,1060,139,11.593,88.235,2,175.7,111.5,-40.96,-0.0342,52.6,0.6175,-112.9,-0.0942,115.9,0.3006,7.0,0.0058
0.5,0.4,4.0,1098,1.09,996,102,9.29,90.909,0,253.8,167.0,-53.52,-0.0487,73.96,0.5341,-119.4,-0.1087,129.1,0.2762,-9.6,-0.0087
0.5,0.4,5.0,1017,1.01,943,74,7.276,92.593,0,351.4,267.0,-33.48,-0.0329,56.16,0.6452,-94.5,-0.0929,104.7,0.3503,7.2,0.0071
0.5,0.4,7.000000000000001,854,0.85,807,47,5.504,94.595,0,525.3,402.2,-40.36,-0.0473,65.56,0.588,-91.6,-0.1073,98.2,0.352,-6.2,-0.0073
0.5,0.4,10.0,728,0.73,702,26,3.571,96.154,0,809.9,619.8,-8.32,-0.0114,46.44,0.7959,-52.0,-0.0714,72.8,0.5141,20.8,0.0286
0.5,0.5,0.3,1702,1.7,638,1064,62.515,37.5,68,13.4,5.2,-68.28,-0.0401,68.98,0.4987,-170.4,-0.1001,170.8,0.1795,-0.2,-0.0001
0.5,0.5,0.5,1685,1.68,834,851,50.504,50.0,34,20.7,9.8,-75.9,-0.045,77.74,0.4583,-177.0,-0.105,178.6,0.1666,-8.5,-0.005
0.5,0.5,0.7000000000000001,1620,1.61,939,681,42.037,58.333,25,29.5,11.7,-72.0,-0.0444,74.52,0.473,-169.2,-0.1044,171.2,0.1788,-7.2,-0.0044
0.5,0.5,1.0,1515,1.51,1002,513,33.861,66.667,11,46.8,28.9,-72.6,-0.0479,75.42,0.4656,-163.5,-0.1079,165.6,0.1874,-12.0,-0.0079
0.5,0.5,1.25,1445,1.44,1034,411,28.443,71.429,7,65.2,29.0,-54.55,-0.0378,57.03,0.5538,-141.25,-0.0978,143.25,0.2326,3.25,0.0022
0.5,0.5,1.5,1391,1.39,1037,354,25.449,75.0,4,86.7,66.9,-68.14,-0.049,70.44,0.4796,-151.6,-0.109,153.6,0.208,-12.5,-0.009
0.5,0.5,1.7999999999999998,1313,1.31,1026,287,21.858,78.261,2,111.3,66.9,-56.12,-0.0427,65.78,0.5373,-134.9,-0.1027,138.8,0.2442,-3.6,-0.0027
0.5,0.5,2.0,1277,1.27,1021,256,20.047,80.0,1,125.3,66.9,-52.58,-0.0412,58.78,0.554,-129.2,-0.1012,131.2,0.2573,-1.5,-0.0012
0.5,0.5,2.5,1181,1.18,998,183,15.495,83.333,1,181.4,79.8,-5.74,-0.0049,38.86,0.8799,-76.6,-0.0649,83.8,0.433,41.5,0.0351
0.5,0.5,3.0,1121,1.12,969,152,13.559,85.714,1,224.7,111.5,-16.34,-0.0146,53.64,0.7825,-83.6,-0.0746,94.7,0.3992,28.5,0.0254
0.5,0.5,4.0,1025,1.02,915,110,10.732,88.889,0,304.9,145.4,-23.5,-0.0229,53.56,0.714,-85.0,-0.0829,101.2,0.3858,17.5,0.0171
0.5,0.5,5.0,930,0.93,854,76,8.172,90.909,0,432.1,267.0,9.8,0.0105,40.74,0.9892,-46.0,-0.0495,61.6,0.566,47.0,0.0505
0.5,0.5,7.000000000000001,788,0.78,739,49,6.218,93.333,0,609.5,416.4,-5.02,-0.0064,57.08,0.8307,-52.3,-0.0664,71.3,0.5176,26.5,0.0336
0.5,0.5,10.0,664,0.66,637,27,4.066,95.238,0,946.6,621.7,21.94,0.033,42.06,1.069,-17.9,-0.027,48.9,0.7176,48.5,0.073
0.5,0.6,0.3,1702,1.7,552,1150,67.568,33.333,58,16.9,8.5,-81.88,-0.0481,82.32,0.4343,-184.0,-0.1081,184.2,0.1563,-13.8,-0.0081
0.5,0.6,0.5,1679,1.67,738,941,56.045,45.455,26,26.7,9.8,-94.86,-0.0565,96.06,0.3776,-195.6,-0.1165,196.6,0.1378,-27.7,-0.0165
0.5,0.6,0.7000000000000001,1603,1.6,834,769,47.973,53.846,20,38.4,11.7,-102.02,-0.0636,103.9,0.3484,-198.2,-0.1236,199.6,0.133,-37.9,-0.0236
0.5,0.6,1.0,1482,1.48,909,573,38.664,62.5,10,62.6,40.8,-86.88,-0.0586,88.16,0.4008,-175.8,-0.1186,176.8,0.1646,-27.6,-0.0186
0.5,0.6,1.25,1397,1.39,936,461,32.999,67.568,8,85.7,41.6,-70.53,-0.0505,72.99,0.4683,-154.35,-0.1105,156.15,0.2024,-14.65,-0.0105
0.5,0.6,1.5,1341,1.34,952,389,29.008,71.429,5,113.2,67.7,-65.94,-0.0492,69.02,0.4863,-146.4,-0.1092,148.4,0.2174,-12.3,-0.0092
0.5,0.6,1.7999999999999998,1255,1.25,938,317,25.259,75.0,3,142.4,67.7,-58.0,-0.0462,70.16,0.5226,-133.3,-0.1062,137.5,0.2459,-7.8,-0.0062
0.5,0.6,2.0,1219,1.21,941,278,22.806,76.923,2,155.7,67.7,-40.16,-0.0329,49.8,0.6219,-113.3,-0.0929,115.3,0.2991,8.6,0.0071
0.5,0.6,2.5,1120,1.12,912,208,18.571,80.645,1,221.3,80.3,-17.6,-0.0157,49.68,0.7722,-84.8,-0.0757,90.0,0.3942,27.2,0.0243
0.5,0.6,3.0,1056,1.05,884,172,16.288,83.333,1,272.6,111.5,-27.84,-0.0264,53.44,0.6884,-91.2,-0.0864,98.2,0.3652,14.4,0.0136
0.5,0.6,4.0,949,0.95,831,118,12.434,86.957,0,391.6,156.8,-11.36,-0.012,55.12,0.7981,-68.3,-0.072,84.2,0.4514,26.6,0.028
0.5,0.6,5.0,861,0.86,778,83,9.64,89.286,0,521.7,185.8,17.36,0.0202,43.12,1.0537,-34.3,-0.0398,59.1,0.6285,51.8,0.0602
0.5,0.6,7.000000000000001,724,0.72,675,49,6.768,92.105,0,740.3,483.1,33.04,0.0456,44.8,1.2122,-10.4,-0.0144,57.1,0.785,62.0,0.0856
0.5,0.6,10.0,595,0.59,565,30,5.042,94.34,0,1132.7,621.7,15.2,0.0255,47.84,0.9812,-20.5,-0.0345,59.1,0.6865,39.0,0.0655
0.5,0.8,0.3,1682,1.68,456,1226,72.889,27.273,32,23.4,9.2,-70.28,-0.0418,71.28,0.4853,-171.2,-0.1018,171.8,0.1768,-3.0,-0.0018
0.5,0.8,0.5,1650,1.64,625,1025,62.121,38.462,14,39.1,27.2,-78.5,-0.0476,83.06,0.4413,-177.5,-0.1076,179.3,0.1639,-12.5,-0.0076
0.5,0.8,0.7000000000000001,1566,1.56,713,853,54.47,46.667,11,56.8,27.2,-89.34,-0.057,92.76,0.3917,-183.3,-0.117,185.9,0.1529,-26.7,-0.017
0.5,0.8,1.0,1423,1.42,777,646,45.397,55.556,5,91.1,40.8,-81.32,-0.0571,84.0,0.4187,-166.7,-0.1171,168.7,0.1781,-24.4,-0.0171
0.5,0.8,1.25,1326,1.32,796,530,39.97,60.976,5,125.3,41.6,-78.74,-0.0594,83.32,0.4254,-158.3,-0.1194,161.9,0.1918,-25.7,-0.0194
0.5,0.8,1.5,1265,1.26,818,447,35.336,65.217,3,167.2,84.2,-66.7,-0.0527,71.22,0.4752,-142.6,-0.1127,146.4,0.2223,-16.1,-0.0127
0.5,0.8,1.7999999999999998,1170,1.17,811,359,30.684,69.231,1,212.8,84.4,-44.2,-0.0378,56.76,0.5905,-114.4,-0.0978,118.8,0.2925,2.6,0.0022
0.5,0.8,2.0,1129,1.12,809,320,28.344,71.429,0,230.3,84.6,-37.96,-0.0336,56.28,0.6248,-105.7,-0.0936,108.5,0.3172,7.2,0.0064
0.5,0.8,2.5,1025,1.02,780,245,23.902,75.758,0,323.9,96.2,-29.5,-0.0288,49.7,0.6718,-91.0,-0.0888,95.9,0.363,11.5,0.0112
0.5,0.8,3.0,946,0.94,739,207,21.882,78.947,0,404.0,111.5,-67.64,-0.0715,79.8,0.4515,-124.4,-0.1315,130.8,0.2557,-29.8,-0.0315
0.5,0.8,4.0,814,0.81,681,133,16.339,83.333,0,580.6,157.4,-19.76,-0.0243,57.56,0.7198,-68.6,-0.0843,82.9,0.4415,12.8,0.0157
0.5,0.8,5.0,741,0.74,646,95,12.821,86.207,0,750.5,186.9,12.16,0.0164,46.68,0.9784,-32.3,-0.0436,58.1,0.6271,41.8,0.0564
0.5,0.8,7.000000000000001,604,0.6,545,59,9.768,89.744,0,1054.9,483.1,-1.16,-0.0019,63.36,0.8347,-37.4,-0.0619,77.4,0.5807,23.0,0.0381
0.5,0.8,10.0,479,0.48,446,33,6.889,92.593,0,1701.4,1162.8,7.64,0.0159,48.48,0.8916,-21.1,-0.0441,60.0,0.6687,26.8,0.0559
0.5,1.0,0.3,1669,1.66,392,1277,76.513,23.077,18,30.1,14.2,-57.86,-0.0347,61.5,0.5467,-158.0,-0.0947,159.1,0.2007,8.9,0.0053
0.5,1.0,0.5,1627,1.62,547,1080,66.38,33.333,11,51.0,27.2,-58.08,-0.0357,66.24,0.5371,-155.7,-0.0957,159.6,0.2022,7.0,0.0043
0.5,1.0,0.7000000000000001,1536,1.53,624,912,59.375,41.176,9,78.6,56.5,-75.84,-0.0494,82.16,0.4439,-168.0,-0.1094,171.9,0.1765,-14.4,-0.0094
0.5,1.0,1.0,1380,1.37,685,695,50.362,50.0,4,128.4,86.2,-65.2,-0.0472,72.64,0.4862,-148.0,-0.1072,153.1,0.2123,-10.0,-0.0072
0.5,1.0,1.25,1272,1.27,694,578,45.44,55.556,4,167.7,86.2,-79.38,-0.0624,86.85,0.4172,-155.7,-0.1224,161.1,0.1944,-28.5,-0.0224
0.5,1.0,1.5,1207,1.2,725,482,39.934,60.0,3,219.3,88.5,-46.28,-0.0383,51.84,0.5748,-118.7,-0.0983,123.6,0.2784,2.0,0.0017
0.5,1.0,1.7999999999999998,1114,1.11,724,390,35.009,64.286,1,285.6,104.7,-22.56,-0.0203,50.32,0.7221,-89.4,-0.0803,95.7,0.3699,22.0,0.0197
0.5,1.0,2.0,1071,1.07,723,348,32.493,66.667,0,309.2,104.7,-15.84,-0.0148,43.68,0.7673,-80.1,-0.0748,84.0,0.4034,27.0,0.0252
0.5,1.0,2.5,966,0.96,705,261,27.019,71.429,0,412.8,107.5,13.86,0.0143,38.96,1.0209,-44.1,-0.0457,60.6,0.5717,52.5,0.0543
0.5,1.0,3.0,887,0.88,665,222,25.028,75.0,0,502.1,146.8,-36.48,-0.0411,55.36,0.6066,-89.7,-0.1011,97.1,0.356,-1.0,-0.0011
0.5,1.0,4.0,755,0.75,608,147,19.47,80.0,0,719.8,265.3,-10.2,-0.0135,66.76,0.7764,-55.5,-0.0735,83.9,0.4934,20.0,0.0265
0.5,1.0,5.0,661,0.66,558,103,15.582,83.333,0,948.4,265.3,16.56,0.0251,45.36,1.0047,-23.1,-0.0349,53.4,0.6756,43.0,0.0651
0.5,1.0,7.000000000000001,539,0.54,473,66,12.245,87.5,0,1343.5,483.1,-10.56,-0.0196,66.88,0.7416,-42.9,-0.0796,78.5,0.5365,11.0,0.0204
0.5,1.0,10.0,413,0.41,377,36,8.717,90.909,0,2132.9,1179.3,0.48,0.0012,46.32,0.813,-24.3,-0.0588,55.8,0.6343,17.0,0.0412
0.5,1.5,0.3,1628,1.62,283,1345,82.617,16.667,7,57.9,55.8,-44.12,-0.0271,65.5,0.6195,-141.8,-0.0871,144.8,0.2331,21.0,0.0129
0.5,1.5,0.5,1554,1.55,404,1150,74.003,25.0,3,100.6,55.8,-31.16,-0.0201,50.56,0.69,-124.4,-0.0801,129.2,0.2714,31.0,0.0199
0.5,1.5,0.7000000000000001,1443,1.44,474,969,67.152,31.818,3,147.7,56.5,-25.02,-0.0173,49.74,0.7212,-111.6,-0.0773,118.0,0.3033,32.7,0.0227
0.5,1.5,1.0,1271,1.27,520,751,59.087,40.0,2,223.6,94.8,-21.84,-0.0172,39.96,0.7304,-98.1,-0.0772,105.7,0.3405,29.0,0.0228
0.5,1.5,1.25,1165,1.16,533,632,54.249,45.455,2,287.5,94.8,-37.1,-0.0318,49.19,0.6186,-107.0,-0.0918,117.35,0.3073,9.5,0.0082
0.5,1.5,1.5,1074,1.07,548,526,48.976,50.0,2,382.2,94.8,-9.96,-0.0093,40.74,0.8021,-74.4,-0.0693,84.4,0.4209,33.0,0.0307
0.5,1.5,1.7999999999999998,982,0.98,545,437,44.501,54.545,1,478.6,115.8,-8.38,-0.0085,53.3,0.8056,-67.3,-0.0685,85.4,0.4467,30.9,0.0315
0.5,1.5,2.0,936,0.93,541,395,42.201,57.143,0,510.0,119.9,-15.94,-0.017,53.82,0.7409,-72.1,-0.077,85.4,0.4224,21.5,0.023
0.5,1.5,2.5,816,0.81,526,290,35.539,62.5,0,685.9,138.1,31.36,0.0384,42.0,1.1769,-17.6,-0.0216,61.0,0.7212,64.0,0.0784
0.5,1.5,3.0,738,0.74,496,242,32.791,66.667,0,806.1,146.8,-11.52,-0.0156,53.52,0.7545,-55.8,-0.0756,67.9,0.4844,18.0,0.0244
0.5,1.5,4.0,621,0.62,461,160,25.765,72.727,0,1116.1,266.1,26.66,0.0429,52.34,1.0873,-10.6,-0.0171,64.8,0.749,51.5,0.0829
0.5,1.5,5.0,537,0.53,429,108,20.112,76.923,0,1444.2,267.0,82.02,0.1527,40.72,1.8832,49.8,0.0927,50.8,1.3647,103.5,0.1927
0.5,1.5,7.000000000000001,442,0.44,373,69,15.611,82.353,0,1907.0,319.5,58.82,0.1331,63.0,1.4468,32.3,0.0731,67.5,1.1098,76.5,0.1731
0.5,1.5,10.0,332,0.33,296,36,10.843,86.957,0,2983.2,1182.3,70.72,0.213,42.36,1.6183,50.8,0.153,44.7,1.3261,84.0,0.253
0.5,2.0,0.3,1586,1.58,224,1362,85.876,13.043,4,87.4,69.1,-24.04,-0.0152,54.18,0.7477,-119.2,-0.0752,128.3,0.2886,39.4,0.0248
0.5,2.0,0.5,1497,1.49,316,1181,78.891,20.0,1,153.4,76.3,-18.38,-0.0123,45.68,0.7703,-108.2,-0.0723,119.6,0.3136,41.5,0.0277
0.5,2.0,0.7000000000000001,1363,1.36,363,1000,73.368,25.926,2,220.0,76.3,-28.52,-0.0209,50.36,0.6828,-110.3,-0.0809,117.1,0.3012,26.0,0.0191
0.5,2.0,1.0,1173,1.17,400,773,65.899,33.333,1,329.0,96.8,-19.92,-0.017,39.84,0.7282,-90.3,-0.077,99.3,0.3601,27.0,0.023
0.5,2.0,1.25,1061,1.06,409,652,61.451,38.462,1,421.8,96.8,-39.44,-0.0372,55.68,0.5906,-103.1,-0.0972,111.05,0.3123,3.0,0.0028
0.5,2.0,1.5,966,0.96,424,542,56.108,42.857,1,534.1,118.8,-3.64,-0.0038,41.86,0.8338,-61.6,-0.0638,69.9,0.4669,35.0,0.0362
0.5,2.0,1.7999999999999998,871,0.87,423,448,51.435,47.368,1,640.0,124.1,4.76,0.0055,53.36,0.8964,-47.5,-0.0545,72.2,0.5314,39.6,0.0455
0.5,2.0,2.0,826,0.82,418,408,49.395,50.0,0,674.7,124.1,-13.04,-0.0158,55.96,0.744,-62.6,-0.0758,78.2,0.4531,20.0,0.0242
0.5,2.0,2.5,706,0.7,411,295,41.785,55.556,0,935.7,157.2,56.26,0.0797,44.6,1.4738,13.9,0.0197,53.3,0.9649,84.5,0.1197
0.5,2.0,3.0,636,0.63,388,248,38.994,60.0,0,1131.2,161.6,6.56,0.0103,68.88,0.8825,-31.6,-0.0497,83.0,0.6024,32.0,0.0503
0.5,2.0,4.0,507,0.5,345,162,31.953,66.667,0,1578.3,341.0,21.72,0.0428,56.24,1.016,-8.7,-0.0172,66.2,0.7494,42.0,0.0828
0.5,2.0,5.0,439,0.44,323,116,26.424,71.429,0,2020.2,460.8,48.44,0.1103,78.4,1.3109,22.1,0.0503,86.5,1.0073,66.0,0.1503
0.5,2.0,7.000000000000001,356,0.35,286,70,19.663,77.778,0,2708.1,563.8,67.76,0.1903,67.32,1.5547,46.4,0.1303,73.8,1.2558,82.0,0.2303
0.5,2.0,10.0,258,0.26,222,36,13.953,83.333,0,4236.3,1182.7,73.68,0.2856,55.08,1.6489,58.2,0.2256,57.7,1.4126,84.0,0.3256
0.5,3.0,0.3,1488,1.48,160,1328,89.247,9.091,2,147.3,115.1,22.08,0.0148,30.36,1.1553,-67.2,-0.0452,95.7,0.473,81.6,0.0548
0.5,3.0,0.5,1354,1.35,211,1143,84.417,14.286,1,257.8,137.2,7.34,0.0054,37.58,0.9666,-73.9,-0.0546,99.0,0.4288,61.5,0.0454
0.5,3.0,0.7000000000000001,1206,1.2,246,960,79.602,18.919,1,370.0,137.2,17.76,0.0147,41.44,1.0465,-54.6,-0.0453,72.1,0.5074,66.0,0.0547
0.5,3.0,1.0,1006,1.0,269,737,73.26,25.0,1,527.8,118.2,29.76,0.0296,45.92,1.1525,-30.6,-0.0304,66.0,0.6301,70.0,0.0696
0.5,3.0,1.25,900,0.9,274,626,69.556,29.412,1,655.6,142.1,3.5,0.0039,57.88,0.8735,-50.5,-0.0561,72.55,0.5089,39.5,0.0439
0.5,3.0,1.5,814,0.81,283,531,65.233,33.333,1,832.0,164.2,19.94,0.0245,62.48,1.0143,-28.9,-0.0355,71.8,0.6222,52.5,0.0645
0.5,3.0,1.7999999999999998,716,0.71,280,436,60.894,37.5,1,1003.1,240.5,26.56,0.0371,57.6,1.0731,-16.4,-0.0229,68.6,0.6982,55.2,0.0771
0.5,3.0,2.0,666,0.66,277,389,58.408,40.0,0,1107.0,241.1,26.36,0.0396,59.12,1.0645,-13.6,-0.0204,71.3,0.7137,53.0,0.0796
0.5,3.0,2.5,552,0.55,261,291,52.717,45.455,0,1500.0,405.8,33.42,0.0605,65.72,1.1349,0.3,0.0005,74.6,0.8148,55.5,0.1005
0.5,3.0,3.0,508,0.51,262,246,48.425,50.0,0,1742.9,413.6,27.68,0.0545,78.4,1.0494,-2.8,-0.0055,86.0,0.7735,48.0,0.0945
0.5,3.0,4.0,397,0.4,239,158,39.798,57.143,0,2396.1,427.7,69.12,0.1741,70.64,1.5777,45.3,0.1141,74.6,1.2434,85.0,0.2141
0.5,3.0,5.0,325,0.32,213,112,34.462,62.5,0,3218.2,647.2,66.0,0.2031,78.08,1.5239,46.5,0.1431,81.2,1.254,79.0,0.2431
0.5,3.0,7.000000000000001,268,0.27,197,71,26.493,70.0,0,4042.2,647.2,83.28,0.3107,65.28,1.7568,67.2,0.2507,67.2,1.496,94.0,0.3507
0.5,3.0,10.0,194,0.19,158,36,18.557,76.923,0,6117.0,1203.4,106.24,0.5476,44.8,2.2254,94.6,0.4876,46.0,1.9814,114.0,0.5876
0.5,5.0,0.3,1332,1.33,92,1240,93.093,5.66,1,269.9,218.7,34.72,0.0261,43.48,1.2592,-45.2,-0.0339,76.0,0.5661,88.0,0.0661
0.5,5.0,0.5,1162,1.16,121,1041,89.587,9.091,1,475.9,257.5,38.02,0.0327,42.6,1.2472,-31.7,-0.0273,68.8,0.621,84.5,0.0727
0.5,5.0,0.7000000000000001,1002,1.0,133,869,86.727,12.281,1,677.4,456.8,16.62,0.0166,66.38,0.984,-43.5,-0.0434,92.0,0.5392,56.7,0.0566
0.5,5.0,1.0,781,0.78,141,640,81.946,16.667,1,989.8,456.8,33.76,0.0432,72.56,1.1443,-13.1,-0.0168,89.9,0.7161,65.0,0.0832
0.5,5.0,1.25,688,0.69,140,548,79.651,20.0,1,1217.2,456.8,-12.52,-0.0182,97.41,0.7133,-53.8,-0.0782,114.15,0.4718,15.0,0.0218
0.5,5.0,1.5,614,0.61,147,467,76.059,23.077,1,1453.8,456.8,9.94,0.0162,83.08,0.8767,-26.9,-0.0438,96.7,0.6063,34.5,0.0562
0.5,5.0,1.7999999999999998,530,0.53,147,383,72.264,26.471,1,1751.1,456.8,24.4,0.046,84.24,1.0033,-7.4,-0.014,96.3,0.7298,45.6,0.086
0.5,5.0,2.0,486,0.48,150,336,69.136,28.571,0,1954.6,456.8,58.56,0.1205,71.32,1.3995,29.4,0.0605,77.0,1.0455,78.0,0.1605
0.5,5.0,2.5,396,0.39,140,256,64.646,33.333,0,2641.3,456.8,44.16,0.1115,67.72,1.2103,20.4,0.0515,72.9,0.9542,60.0,0.1515
0.5,5.0,3.0,348,0.35,135,213,61.207,37.5,0,3091.4,442.6,22.08,0.0634,76.48,0.9604,1.2,0.0034,81.4,0.7792,36.0,0.1034
0.5,5.0,4.0,279,0.28,134,145,51.971,44.444,0,3996.6,721.6,78.84,0.2826,80.96,1.6606,62.1,0.2226,83.9,1.4048,90.0,0.3226
0.5,5.0,5.0,208,0.21,109,99,47.596,50.0,0,5762.6,721.6,41.68,0.2004,83.12,1.1698,29.2,0.1404,87.8,1.0325,50.0,0.2404
0.5,5.0,7.000000000000001,173,0.17,108,65,37.572,58.333,0,7134.6,721.6,78.08,0.4513,72.16,1.6211,67.7,0.3913,73.9,1.4614,85.0,0.4913
0.5,5.0,10.0,121,0.12,88,33,27.273,66.667,0,10803.6,1240.2,105.16,0.8691,60.6,2.1564,97.9,0.8091,61.5,2.0059,110.0,0.9091
0.6,0.1,0.3,967,0.96,517,450,46.536,75.0,299,5.1,0.3,-121.98,-0.1261,122.22,0.2945,-180.0,-0.1861,180.0,0.1647,-83.3,-0.0861
0.6,0.1,0.5,967,0.96,664,303,31.334,83.333,179,5.6,0.8,-123.78,-0.128,124.08,0.2887,-181.8,-0.188,181.8,0.1615,-85.1,-0.088
0.6,0.1,0.7000000000000001,965,0.96,755,210,21.762,87.5,114,6.1,1.4,-110.1,-0.1141,110.64,0.3306,-168.0,-0.1741,168.0,0.1851,-71.5,-0.0741
0.6,0.1,1.0,951,0.95,819,132,13.88,90.909,54,7.2,2.0,-88.14,-0.0927,88.68,0.4112,-145.2,-0.1527,145.2,0.2322,-50.1,-0.0527
0.6,0.1,1.25,942,0.94,845,97,10.297,92.593,37,8.5,3.0,-74.43,-0.079,75.57,0.4711,-130.95,-0.139,130.95,0.2676,-36.75,-0.039
0.6,0.1,1.5,936,0.93,861,75,8.013,93.75,25,9.9,4.4,-63.84,-0.0682,65.5,0.5233,-120.0,-0.1282,120.0,0.2983,-26.4,-0.0282
0.6,0.1,1.7999999999999998,930,0.93,865,65,6.989,94.737,21,15.6,24.0,-67.7,-0.0728,68.78,0.5024,-123.5,-0.1328,123.5,0.2874,-30.5,-0.0328
0.6,0.1,2.0,925,0.92,866,59,6.378,95.238,17,16.4,24.0,-68.4,-0.0739,71.1,0.4983,-123.9,-0.1339,123.9,0.2859,-31.4,-0.0339
0.6,0.1,2.5,913,0.91,873,40,4.381,96.154,7,22.5,29.3,-49.22,-0.0539,52.08,0.6032,-104.0,-0.1139,104.0,0.3486,-12.7,-0.0139
0.6,0.1,3.0,905,0.9,870,35,3.867,96.774,6,29.7,40.2,-54.2,-0.0599,59.66,0.572,-108.5,-0.1199,108.5,0.3321,-18.0,-0.0199
0.6,0.1,4.0,882,0.88,855,27,3.061,97.561,2,42.9,56.2,-57.78,-0.0655,63.66,0.5485,-110.7,-0.1255,110.7,0.3229,-22.5,-0.0255
0.6,0.1,5.0,856,0.85,833,23,2.687,98.039,2,65.6,115.4,-65.94,-0.077,71.82,0.5017,-117.3,-0.137,117.3,0.3,-31.7,-0.037
0.6,0.1,7.000000000000001,831,0.83,819,12,1.444,98.592,1,135.7,402.2,-35.34,-0.0425,44.82,0.6806,-85.2,-0.1025,85.2,0.4132,-2.1,-0.0025
0.6,0.1,10.0,804,0.8,796,8,0.995,99.01,0,138.2,402.2,-32.56,-0.0405,42.58,0.6914,-80.8,-0.1005,80.8,0.4267,-0.4,-0.0005
0.6,0.16,0.3,967,0.96,503,464,47.983,65.217,231,5.4,1.1,-97.4,-0.1007,97.88,0.3764,-155.42,-0.1607,155.66,0.2106,-58.72,-0.0607
0.6,0.16,0.5,967,0.96,641,326,33.713,75.758,135,6.3,1.2,-99.12,-0.1025,99.72,0.3692,-157.14,-0.1625,157.44,0.2065,-60.44,-0.0625
0.6,0.16,0.7000000000000001,965,0.96,732,233,24.145,81.395,82,7.4,3.2,-84.58,-0.0876,85.88,0.4262,-142.48,-0.1476,143.02,0.2387,-45.98,-0.0476
0.6,0.16,1.0,939,0.94,776,163,17.359,86.207,42,9.0,3.2,-76.4,-0.0814,77.64,0.4614,-132.74,-0.1414,133.28,0.2625,-38.84,-0.0414
0.6,0.16,1.25,926,0.92,802,124,13.391,88.652,29,11.7,9.2,-63.72,-0.0688,66.0,0.523,-119.28,-0.1288,120.42,0.2999,-26.68,-0.0288
0.6,0.16,1.5,916,0.91,819,97,10.59,90.361,17,14.3,16.8,-51.1,-0.0558,53.94,0.5926,-106.06,-0.1158,107.2,0.3419,-14.46,-0.0158
0.6,0.16,1.7999999999999998,905,0.9,824,81,8.95,91.837,14,23.6,44.2,-50.16,-0.0554,52.32,0.5969,-104.46,-0.1154,105.54,0.3466,-13.96,-0.0154
0.6,0.16,2.0,901,0.9,828,73,8.102,92.593,10,25.5,44.2,-49.56,-0.055,52.32,0.5995,-103.62,-0.115,104.7,0.349,-13.52,-0.015
0.6,0.16,2.5,884,0.88,831,53,5.995,93.985,4,33.9,44.2,-34.9,-0.0395,39.3,0.6928,-87.94,-0.0995,89.02,0.4075,0.46,0.0005
0.6,0.16,3.0,875,0.87,827,48,5.486,94.937,4,42.4,55.1,-46.68,-0.0533,53.12,0.6126,-99.18,-0.1133,102.06,0.3622,-11.68,-0.0133
0.6,0.16,4.0,844,0.84,810,34,4.028,96.154,2,65.1,71.8,-40.16,-0.0476,46.92,0.6501,-90.8,-0.1076,93.68,0.3916,-6.4,-0.0076
0.6,0.16,5.0,820,0.82,793,27,3.293,96.899,2,88.3,115.4,-40.92,-0.0499,51.72,0.6407,-90.12,-0.1099,95.52,0.3915,-8.12,-0.0099
0.6,0.16,7.000000000000001,781,0.78,767,14,1.793,97.765,1,178.1,402.2,-6.52,-0.0083,34.32,0.9029,-53.38,-0.0683,62.2,0.565,24.72,0.0317
0.6,0.16,10.0,750,0.75,741,9,1.2,98.425,0,211.9,505.8,-1.44,-0.0019,36.4,0.9384,-46.44,-0.0619,55.62,0.5982,28.56,0.0381
0.6,0.2,0.3,967,0.96,489,478,49.431,60.0,199,5.7,1.2,-84.28,-0.0872,84.92,0.429,-142.3,-0.1472,142.7,0.24,-45.6,-0.0472
0.6,0.2,0.5,967,0.96,620,347,35.884,71.429,117,6.9,1.2,-88.18,-0.0912,88.98,0.4116,-146.2,-0.1512,146.7,0.2303,-49.5,-0.0512
0.6,0.2,0.7000000000000001,965,0.96,712,253,26.218,77.778,70,8.3,3.2,-73.3,-0.076,75.28,0.4767,-131.2,-0.136,132.1,0.267,-34.7,-0.036
0.6,0.2,1.0,936,0.93,755,181,19.338,83.333,38,10.9,8.3,-67.44,-0.0721,69.44,0.504,-123.6,-0.1321,124.5,0.2872,-30.0,-0.0321
0.6,0.2,1.25,923,0.92,783,140,15.168,86.207,26,14.3,9.2,-55.32,-0.0599,58.36,0.5678,-110.7,-0.1199,112.6,0.3262,-18.4,-0.0199
0.6,0.2,1.5,909,0.91,798,111,12.211,88.235,14,17.5,16.8,-43.26,-0.0476,49.1,0.6396,-97.8,-0.1076,99.7,0.3706,-6.9,-0.0076
0.6,0.2,1.7999999999999998,893,0.89,799,94,10.526,90.0,11,27.3,44.2,-45.12,-0.0505,49.44,0.626,-98.7,-0.1105,100.5,0.3662,-9.4,-0.0105
0.6,0.2,2.0,887,0.88,803,84,9.47,90.909,8,30.6,44.2,-42.88,-0.0483,48.6,0.6392,-96.1,-0.1083,97.9,0.3752,-7.4,-0.0083
0.6,0.2,2.5,865,0.86,800,65,7.514,92.593,3,41.7,44.2,-37.1,-0.0429,44.66,0.6748,-89.0,-0.1029,91.7,0.4014,-2.5,-0.0029
0.6,0.2,3.0,855,0.85,796,59,6.901,93.75,3,52.2,55.1,-52.0,-0.0608,61.6,0.5776,-103.3,-0.1208,108.1,0.3456,-17.8,-0.0208
0.6,0.2,4.0,814,0.81,772,42,5.16,95.238,1,88.4,145.4,-46.16,-0.0567,56.52,0.6079,-95.0,-0.1167,99.9,0.3728,-13.6,-0.0167
0.6,0.2,5.0,794,0.79,762,32,4.03,96.154,1,117.6,145.4,-39.36,-0.0496,53.76,0.6462,-87.0,-0.1096,96.0,0.4011,-7.6,-0.0096
0.6,0.2,7.000000000000001,737,0.73,717,20,2.714,97.222,1,215.3,402.2,-26.08,-0.0354,51.36,0.7307,-70.3,-0.0954,82.4,0.4694,3.4,0.0046
0.6,0.2,10.0,681,0.68,670,11,1.615,98.039,0,312.5,536.7,-3.24,-0.0048,52.68,0.9115,-44.1,-0.0648,59.7,0.6056,24.0,0.0352
0.6,0.25,0.3,967,0.96,470,497,51.396,54.545,167,6.2,1.2,-70.28,-0.0727,71.12,0.4933,-128.3,-0.1327,128.9,0.276,-31.6,-0.0327
0.6,0.25,0.5,967,0.96,593,374,38.676,66.667,100,7.9,2.0,-77.43,-0.0801,78.27,0.4579,-135.45,-0.1401,136.05,0.2562,-38.75,-0.0401
0.6,0.25,0.7000000000000001,965,0.96,687,278,28.808,73.684,56,9.8,3.2,-61.45,-0.0637,63.13,0.536,-119.35,-0.1237,120.55,0.3002,-22.85,-0.0237
0.6,0.25,1.0,933,0.93,730,203,21.758,80.0,31,13.3,8.3,-57.82,-0.062,59.5,0.5538,-113.8,-0.122,115.0,0.3163,-20.5,-0.022
0.6,0.25,1.25,918,0.91,755,163,17.756,83.333,20,18.7,26.1,-51.72,-0.0563,54.0,0.5871,-106.8,-0.1163,108.3,0.3383,-15.0,-0.0163
0.6,0.25,1.5,902,0.9,770,132,14.634,85.714,12,26.1,66.2,-41.58,-0.0461,47.6,0.6484,-95.7,-0.1061,97.2,0.3772,-5.5,-0.0061
0.6,0.25,1.7999999999999998,879,0.88,769,110,12.514,87.805,9,37.8,66.2,-40.91,-0.0465,46.62,0.6507,-93.65,-0.1065,95.15,0.3839,-5.75,-0.0065
0.6,0.25,2.0,870,0.87,771,99,11.379,88.889,6,41.7,66.2,-40.05,-0.046,46.8,0.655,-92.25,-0.106,94.5,0.3885,-5.25,-0.006
0.6,0.25,2.5,838,0.83,764,74,8.831,90.909,3,56.0,66.2,-27.52,-0.0328,36.9,0.74,-77.8,-0.0928,81.4,0.4474,6.0,0.0072
0.6,0.25,3.0,827,0.82,760,67,8.102,92.308,3,71.9,66.2,-44.08,-0.0533,53.96,0.6225,-93.7,-0.1133,98.9,0.3788,-11.0,-0.0133
0.6,0.25,4.0,786,0.78,738,48,6.107,94.118,1,116.6,145.4,-38.94,-0.0495,53.38,0.6497,-86.1,-0.1095,95.2,0.4052,-7.5,-0.0095
0.6,0.25,5.0,758,0.75,723,35,4.617,95.238,1,158.4,145.4,-24.57,-0.0324,48.93,0.7458,-70.05,-0.0924,83.25,0.4731,5.75,0.0076
0.6,0.25,7.000000000000001,699,0.7,677,22,3.147,96.552,1,261.2,402.2,-12.71,-0.0182,53.08,0.8304,-54.65,-0.0782,72.5,0.5458,15.25,0.0218
0.6,0.25,10.0,649,0.65,636,13,2.003,97.561,0,363.9,536.7,3.04,0.0047,58.69,0.9596,-35.9,-0.0553,65.35,0.65,29.0,0.0447
0.6,0.3,0.3,967,0.96,445,522,53.981,50.0,126,6.7,1.2,-61.78,-0.0639,62.82,0.5367,-119.8,-0.1239,120.6,0.3003,-23.1,-0.0239
0.6,0.3,0.5,967,0.96,561,406,41.986,62.5,75,9.1,2.0,-73.38,-0.0759,74.42,0.4763,-131.4,-0.1359,132.2,0.2665,-34.7,-0.0359
0.6,0.3,0.7000000000000001,965,0.96,656,309,32.021,70.0,45,12.1,4.4,-58.1,-0.0602,60.52,0.5534,-116.0,-0.1202,117.6,0.31,-19.5,-0.0202
0.6,0.3,1.0,927,0.92,703,224,24.164,76.923,23,16.5,8.8,-50.18,-0.0541,52.78,0.5967,-105.8,-0.1141,107.4,0.342,-13.1,-0.0141
0.6,0.3,1.25,910,0.91,727,183,20.11,80.645,16,22.8,26.1,-47.05,-0.0517,50.19,0.6137,-101.65,-0.1117,103.7,0.3553,-10.65,-0.0117
0.6,0.3,1.5,890,0.89,740,150,16.854,83.333,9,34.8,66.4,-38.6,-0.0434,44.58,0.666,-92.0,-0.1034,94.0,0.3903,-3.0,-0.0034
0.6,0.3,1.7999999999999998,862,0.86,739,123,14.269,85.714,6,49.3,66.4,-34.18,-0.0397,40.82,0.6939,-85.9,-0.0997,88.1,0.4136,0.3,0.0003
0.6,0.3,2.0,852,0.85,741,111,13.028,86.957,4,54.4,66.4,-33.78,-0.0396,41.26,0.6951,-84.9,-0.0996,88.0,0.4167,0.3,0.0004
0.6,0.3,2.5,815,0.81,728,87,10.675,89.286,3,72.7,66.4,-31.7,-0.0389,39.0,0.7061,-80.6,-0.0989,82.4,0.4328,0.9,0.0011
0.6,0.3,3.0,803,0.8,726,77,9.589,90.909,3,90.7,66.4,-45.32,-0.0564,52.14,0.6114,-93.5,-0.1164,96.6,0.3775,-13.2,-0.0164
0.6,0.3,4.0,755,0.75,702,53,7.02,93.023,1,147.5,145.4,-31.6,-0.0419,50.56,0.6957,-76.9,-0.1019,90.0,0.4421,-1.4,-0.0019
0.6,0.3,5.0,732,0.73,693,39,5.328,94.34,1,191.2,145.4,-16.38,-0.0224,46.26,0.8046,-60.3,-0.0824,77.5,0.5185,12.9,0.0176
0.6,0.3,7.000000000000001,664,0.66,640,24,3.614,95.89,1,316.8,402.2,-2.56,-0.0039,47.28,0.9138,-42.4,-0.0639,65.2,0.6134,24.0,0.0361
0.6,0.3,10.0,619,0.62,603,16,2.585,97.087,0,450.5,619.4,-3.86,-0.0062,54.32,0.8806,-41.0,-0.0662,68.0,0.6073,20.9,0.0338
0.6,0.4,0.3,967,0.96,402,565,58.428,42.857,86,8.7,3.3,-47.38,-0.049,48.88,0.619,-105.4,-0.109,106.6,0.3463,-8.7,-0.009
0.6,0.4,0.5,966,0.96,517,449,46.48,55.556,51,12.6,4.5,-56.34,-0.0583,57.96,0.5637,-114.3,-0.1183,115.5,0.3156,-17.7,-0.0183
0.6,0.4,0.7000000000000001,960,0.96,603,357,37.188,63.636,34,17.2,5.4,-47.1,-0.0491,50.78,0.6159,-104.7,-0.1091,107.1,0.346,-8.7,-0.0091
0.6,0.4,1.0,913,0.91,643,270,29.573,71.429,16,24.4,12.4,-49.32,-0.054,54.0,0.5993,-104.1,-0.114,106.5,0.3463,-12.8,-0.014
0.6,0.4,1.25,895,0.89,676,219,24.469,75.758,10,34.9,26.1,-39.15,-0.0437,43.05,0.6608,-92.85,-0.1037,95.85,0.3861,-3.35,-0.0037
0.6,0.4,1.5,872,0.87,688,184,21.101,78.947,6,51.8,66.5,-35.68,-0.0409,44.94,0.6816,-88.0,-0.1009,91.7,0.4038,-0.8,-0.0009
0.6,0.4,1.7999999999999998,835,0.83,680,155,18.563,81.818,5,73.3,66.5,-40.4,-0.0484,47.0,0.6473,-90.5,-0.1084,93.5,0.392,-7.0,-0.0084
0.6,0.4,2.0,823,0.82,682,141,17.132,83.333,3,79.3,66.5,-42.12,-0.0512,48.96,0.6342,-91.5,-0.1112,94.8,0.3869,-9.2,-0.0112
0.6,0.4,2.5,778,0.77,668,110,14.139,86.207,2,106.8,66.5,-38.92,-0.05,45.86,0.6508,-85.6,-0.11,88.3,0.4079,-7.8,-0.01
0.6,0.4,3.0,761,0.76,667,94,12.352,88.235,2,138.9,93.4,-45.64,-0.06,55.56,0.6035,-91.3,-0.12,97.5,0.3821,-15.2,-0.02
0.6,0.4,4.0,702,0.7,638,64,9.117,90.909,0,221.6,145.4,-28.88,-0.0411,55.2,0.7071,-71.0,-0.1011,89.1,0.4639,-0.8,-0.0011
0.6,0.4,5.0,666,0.66,621,45,6.757,92.593,0,300.5,267.0,-3.24,-0.0049,42.48,0.9089,-43.2,-0.0649,62.4,0.6093,23.4,0.0351
0.6,0.4,7.000000000000001,600,0.6,572,28,4.667,94.595,0,460.6,402.2,8.8,0.0147,47.72,1.0115,-27.2,-0.0453,54.1,0.7056,32.8,0.0547
0.6,0.4,10.0,553,0.55,534,19,3.436,96.154,0,647.8,619.8,1.48,0.0027,57.24,0.9127,-31.7,-0.0573,65.0,0.6548,23.6,0.0427
0.6,0.5,0.3,967,0.96,359,608,62.875,37.5,57,11.0,5.2,-41.58,-0.043,42.86,0.655,-99.6,-0.103,100.4,0.3665,-2.9,-0.003
0.6,0.5,0.5,964,0.96,473,491,50.934,50.0,28,16.7,8.9,-47.56,-0.0493,49.92,0.614,-105.4,-0.1093,106.8,0.3442,-9.0,-0.0093
0.6,0.5,0.7000000000000001,955,0.95,552,403,42.199,58.333,22,23.9,11.2,-44.3,-0.0464,48.02,0.6313,-101.6,-0.1064,103.2,0.3558,-6.1,-0.0064
0.6,0.5,1.0,905,0.9,598,307,33.923,66.667,11,35.5,28.9,-44.2,-0.0488,48.58,0.6281,-98.5,-0.1088,100.5,0.3648,-8.0,-0.0088
0.6,0.5,1.25,879,0.88,624,255,29.01,71.429,6,53.0,29.0,-41.91,-0.0477,44.76,0.6395,-94.65,-0.1077,96.9,0.3772,-6.75,-0.0077
0.6,0.5,1.5,854,0.85,636,218,25.527,75.0,3,76.5,66.9,-43.16,-0.0505,48.82,0.6285,-94.4,-0.1105,96.4,0.3763,-9.0,-0.0105
0.6,0.5,1.7999999999999998,815,0.81,635,180,22.086,78.261,2,102.7,66.9,-39.1,-0.048,49.68,0.6515,-88.0,-0.108,92.1,0.3993,-6.5,-0.008
0.6,0.5,2.0,802,0.8,636,166,20.698,80.0,1,110.2,66.9,-46.08,-0.0575,56.94,0.605,-94.2,-0.1175,98.1,0.3737,-14.0,-0.0175
0.6,0.5,2.5,749,0.75,622,127,16.956,83.333,1,153.3,97.2,-36.46,-0.0487,50.12,0.6618,-81.4,-0.1087,87.8,0.422,-6.5,-0.0087
0.6,0.5,3.0,723,0.72,616,107,14.799,85.714,1,196.1,97.2,-41.92,-0.058,61.66,0.6212,-85.3,-0.118,97.9,0.4024,-13.0,-0.018
0.6,0.5,4.0,667,0.66,594,73,10.945,88.889,0,290.1,145.4,-21.68,-0.0325,57.04,0.7525,-61.7,-0.0925,90.1,0.5042,5.0,0.0075
0.6,0.5,5.0,612,0.61,561,51,8.333,90.909,0,394.4,267.0,1.02,0.0017,47.36,0.9392,-35.7,-0.0583,63.9,0.6504,25.5,0.0417
0.6,0.5,7.000000000000001,544,0.54,512,32,5.882,93.333,0,578.0,416.4,10.24,0.0188,56.98,1.0139,-22.4,-0.0412,65.2,0.7314,32.0,0.0588
0.6,0.5,10.0,496,0.49,476,20,4.032,95.238,0,849.4,621.7,18.16,0.0366,58.92,1.0709,-11.6,-0.0234,66.3,0.7951,38.0,0.0766
0.6,0.6,0.3,967,0.96,308,659,68.149,33.333,49,14.0,8.0,-51.58,-0.0533,52.54,0.5919,-109.6,-0.1133,109.9,0.3312,-12.9,-0.0133
0.6,0.6,0.5,963,0.96,420,543,56.386,45.455,22,22.0,8.9,-58.02,-0.0602,59.22,0.5517,-115.8,-0.1202,116.3,0.3094,-19.5,-0.0202
0.6,0.6,0.7000000000000001,950,0.95,491,459,48.316,53.846,18,32.1,11.2,-64.7,-0.0681,66.74,0.5131,-121.7,-0.1281,122.6,0.29,-26.7,-0.0281
0.6,0.6,1.0,893,0.89,540,353,39.53,62.5,10,50.7,40.8,-64.72,-0.0725,65.44,0.5092,-118.3,-0.1325,118.8,0.2978,-29.0,-0.0325
0.6,0.6,1.25,861,0.86,567,294,34.146,67.568,7,73.1,41.6,-61.74,-0.0717,65.29,0.5216,-113.4,-0.1317,115.05,0.311,-27.3,-0.0317
0.6,0.6,1.5,833,0.83,586,247,29.652,71.429,4,102.2,67.7,-52.22,-0.0627,59.36,0.5707,-102.2,-0.1227,104.2,0.346,-18.9,-0.0227
0.6,0.6,1.7999999999999998,791,0.79,586,205,25.917,75.0,3,131.3,67.7,-49.04,-0.062,64.0,0.5859,-96.5,-0.122,102.9,0.3643,-17.4,-0.022
0.6,0.6,2.0,774,0.77,589,185,23.902,76.923,2,137.8,67.7,-47.56,-0.0614,66.28,0.5922,-94.0,-0.1214,103.2,0.3721,-16.6,-0.0214
0.6,0.6,2.5,721,0.72,576,145,20.111,80.645,1,193.7,130.2,-45.74,-0.0634,63.46,0.5981,-89.0,-0.1234,94.8,0.3879,-16.9,-0.0234
0.6,0.6,3.0,687,0.68,559,128,18.632,83.333,1,243.5,130.2,-76.08,-0.1107,88.96,0.4361,-117.3,-0.1707,125.2,0.2886,-48.6,-0.0707
0.6,0.6,4.0,622,0.62,539,83,13.344,86.957,0,386.9,156.8,-33.48,-0.0538,69.96,0.6618,-70.8,-0.1138,94.5,0.4555,-8.6,-0.0138
0.6,0.6,5.0,563,0.56,504,59,10.48,89.286,0,508.6,185.8,-15.12,-0.0269,58.8,0.7893,-48.9,-0.0869,77.6,0.5629,7.4,0.0131
0.6,0.6,7.000000000000001,490,0.49,457,33,6.735,92.105,0,760.2,483.1,23.6,0.0482,50.56,1.1538,-5.8,-0.0118,58.1,0.8598,43.2,0.0882
0.6,0.6,10.0,441,0.44,417,24,5.442,94.34,0,1002.7,621.7,-7.44,-0.0169,74.52,0.8101,-33.9,-0.0769,86.6,0.6216,10.2,0.0231
0.6,0.8,0.3,965,0.96,258,707,73.264,27.273,25,19.0,8.4,-44.3,-0.0459,47.0,0.6348,-102.2,-0.1059,103.1,0.3556,-5.7,-0.0059
0.6,0.8,0.5,957,0.95,356,601,62.8,38.462,12,33.5,27.2,-53.98,-0.0564,55.98,0.5719,-111.4,-0.1164,112.4,0.3219,-15.7,-0.0164
0.6,0.8,0.7000000000000001,942,0.94,420,522,55.414,46.667,10,47.8,27.2,-67.08,-0.0712,69.4,0.498,-123.6,-0.1312,125.5,0.2828,-29.4,-0.0312
0.6,0.8,1.0,878,0.87,467,411,46.811,55.556,5,76.9,40.8,-72.52,-0.0826,74.24,0.4672,-125.2,-0.1426,126.5,0.2757,-37.4,-0.0426
0.6,0.8,1.25,833,0.83,486,347,41.657,60.976,4,113.5,41.6,-78.27,-0.094,83.62,0.4379,-128.25,-0.154,131.1,0.2655,-44.95,-0.054
0.6,0.8,1.5,805,0.8,511,294,36.522,65.217,2,160.3,84.2,-64.4,-0.08,68.22,0.4996,-112.7,-0.14,116.0,0.308,-32.2,-0.04
0.6,0.8,1.7999999999999998,753,0.75,512,241,32.005,69.231,1,208.6,84.4,-54.32,-0.0721,66.2,0.5492,-99.5,-0.1321,106.0,0.3494,-24.2,-0.0321
0.6,0.8,2.0,731,0.73,512,219,29.959,71.429,0,216.9,84.6,-57.64,-0.0789,70.8,0.5287,-101.5,-0.1389,107.1,0.3408,-28.4,-0.0389
0.6,0.8,2.5,677,0.67,506,171,25.258,75.758,0,301.1,130.2,-49.78,-0.0735,56.36,0.5664,-90.4,-0.1335,95.5,0.3771,-22.7,-0.0335
0.6,0.8,3.0,638,0.64,487,151,23.668,78.947,0,382.1,130.2,-88.92,-0.1394,99.56,0.3774,-127.2,-0.1994,136.7,0.2572,-63.4,-0.0994
0.6,0.8,4.0,557,0.55,464,93,16.697,83.333,0,580.5,157.4,-23.08,-0.0414,68.8,0.7246,-56.5,-0.1014,88.0,0.5186,-0.8,-0.0014
0.6,0.8,5.0,504,0.5,438,66,13.095,86.207,0,744.9,185.8,0.24,0.0005,50.4,0.9076,-30.0,-0.0595,60.4,0.6706,20.4,0.0405
0.6,0.8,7.000000000000001,430,0.43,390,40,9.302,89.744,0,1067.8,483.1,14.8,0.0344,55.12,1.0333,-11.0,-0.0256,63.8,0.7982,32.0,0.0744
0.6,0.8,10.0,368,0.37,342,26,7.065,92.593,0,1624.3,1162.8,-1.12,-0.003,72.48,0.8508,-23.2,-0.063,80.4,0.6821,13.6,0.037
0.6,1.0,0.3,960,0.96,224,736,76.667,23.077,15,24.0,13.7,-35.2,-0.0367,38.46,0.6931,-92.8,-0.0967,94.8,0.3895,3.2,0.0033
0.6,1.0,0.5,948,0.94,311,637,67.194,33.333,9,41.5,27.2,-45.42,-0.0479,49.98,0.6202,-102.3,-0.1079,104.7,0.351,-7.5,-0.0079
0.6,1.0,0.7000000000000001,931,0.93,370,561,60.258,41.176,8,63.0,56.5,-59.94,-0.0644,63.26,0.5316,-115.8,-0.1244,118.7,0.3039,-22.7,-0.0244
0.6,1.0,1.0,860,0.86,417,443,51.512,50.0,4,104.1,56.5,-60.4,-0.0702,63.6,0.5235,-112.0,-0.1302,114.3,0.3123,-26.0,-0.0302
0.6,1.0,1.25,813,0.81,433,380,46.74,55.556,4,143.4,56.5,-74.52,-0.0917,79.26,0.4507,-123.3,-0.1517,127.35,0.2765,-42.0,-0.0517
0.6,1.0,1.5,778,0.77,460,318,40.874,60.0,3,203.3,88.5,-48.12,-0.0619,52.34,0.5825,-94.8,-0.1219,98.6,0.3651,-17.0,-0.0219
0.6,1.0,1.7999999999999998,727,0.72,465,262,36.039,64.286,1,272.8,104.7,-35.68,-0.0491,46.32,0.6551,-79.3,-0.1091,85.6,0.4233,-6.6,-0.0091
0.6,1.0,2.0,705,0.7,468,237,33.617,66.667,0,283.5,104.7,-34.2,-0.0485,43.08,0.6614,-76.5,-0.1085,81.9,0.4331,-6.0,-0.0085
0.6,1.0,2.5,654,0.65,468,186,28.44,71.429,0,378.6,130.2,-23.16,-0.0354,48.88,0.7305,-62.4,-0.0954,67.8,0.4932,3.0,0.0046
0.6,1.0,3.0,614,0.61,451,163,26.547,75.0,0,474.6,144.0,-62.56,-0.1019,72.64,0.4852,-99.4,-0.1619,108.1,0.3355,-38.0,-0.0619
0.6,1.0,4.0,521,0.52,415,106,20.345,80.0,0,745.1,265.3,-29.84,-0.0573,59.56,0.6661,-61.1,-0.1173,77.0,0.4871,-9.0,-0.0173
0.6,1.0,5.0,465,0.46,391,74,15.914,83.333,0,947.2,266.2,2.4,0.0052,46.08,0.9129,-25.5,-0.0548,53.4,0.6905,21.0,0.0452
0.6,1.0,7.000000000000001,386,0.38,339,47,12.176,87.5,0,1394.3,483.1,-5.44,-0.0141,50.88,0.8252,-28.6,-0.0741,59.7,0.6544,10.0,0.0259
0.6,1.0,10.0,328,0.33,298,30,9.146,90.909,0,2027.2,1179.3,-15.12,-0.0461,54.08,0.7211,-34.8,-0.1061,61.7,0.592,-2.0,-0.0061
0.6,1.5,0.3,948,0.94,164,784,82.7,16.667,6,51.8,55.8,-27.12,-0.0286,42.32,0.746,-84.0,-0.0886,91.6,0.4222,10.8,0.0114
0.6,1.5,0.5,928,0.92,241,687,74.03,25.0,3,87.2,55.8,-19.12,-0.0206,31.42,0.7972,-74.8,-0.0806,80.2,0.4567,18.0,0.0194
0.6,1.5,0.7000000000000001,905,0.9,294,611,67.514,31.818,3,123.7,56.5,-22.9,-0.0253,36.72,0.7582,-77.2,-0.0853,82.6,0.4403,13.3,0.0147
0.6,1.5,1.0,822,0.82,331,491,59.732,40.0,2,186.6,69.8,-27.38,-0.0333,38.44,0.715,-76.7,-0.0933,82.2,0.4365,5.5,0.0067
0.6,1.5,1.25,771,0.77,348,423,54.864,45.455,2,248.0,69.8,-37.59,-0.0488,47.12,0.6388,-83.85,-0.1088,89.8,0.402,-6.75,-0.0088
0.6,1.5,1.5,717,0.71,365,352,49.093,50.0,2,341.3,88.6,-9.18,-0.0128,41.56,0.8416,-52.2,-0.0728,59.0,0.5472,19.5,0.0272
0.6,1.5,1.7999999999999998,666,0.66,369,297,44.595,54.545,1,439.5,115.8,-7.74,-0.0116,44.6,0.846,-47.7,-0.0716,57.4,0.5672,18.9,0.0284
0.6,1.5,2.0,647,0.64,378,269,41.577,57.143,0,452.4,115.8,3.12,0.0048,32.06,0.9366,-35.7,-0.0552,48.3,0.6352,29.0,0.0448
0.6,1.5,2.5,597,0.59,384,213,35.678,62.5,0,587.4,166.8,19.62,0.0329,44.5,1.0896,-16.2,-0.0271,55.0,0.7614,43.5,0.0729
0.6,1.5,3.0,549,0.55,368,181,32.969,66.667,0,725.1,166.8,-12.96,-0.0236,51.12,0.7758,-45.9,-0.0836,60.3,0.5579,9.0,0.0164
0.6,1.5,4.0,456,0.45,341,115,25.219,72.727,0,1160.0,266.1,33.26,0.0729,43.14,1.2216,5.9,0.0129,48.6,0.9291,51.5,0.1129
0.6,1.5,5.0,407,0.41,328,79,19.41,76.923,0,1398.9,266.2,80.72,0.1983,33.78,1.9518,56.3,0.1383,37.2,1.5293,97.0,0.2383
0.6,1.5,7.000000000000001,335,0.33,285,50,14.925,82.353,0,1974.9,483.1,64.1,0.1913,44.8,1.6175,44.0,0.1313,47.8,1.3231,77.5,0.2313
0.6,1.5,10.0,277,0.28,247,30,10.83,86.957,0,2818.6,1182.3,59.42,0.2145,36.7,1.5008,42.8,0.1545,38.5,1.2711,70.5,0.2545
0.6,2.0,0.3,940,0.94,132,808,85.957,13.043,3,79.0,69.1,-16.0,-0.017,36.4,0.8272,-72.4,-0.077,80.2,0.4705,21.6,0.023
0.6,2.0,0.5,910,0.91,185,725,79.67,20.0,1,130.5,69.1,-28.9,-0.0318,40.96,0.7156,-83.5,-0.0918,88.4,0.4143,7.5,0.0082
0.6,2.0,0.7000000000000001,871,0.87,223,648,74.397,25.926,2,181.2,69.1,-42.44,-0.0487,45.08,0.616,-94.7,-0.1087,96.6,0.3651,-7.6,-0.0087
0.6,2.0,1.0,775,0.77,251,524,67.613,33.333,1,273.0,86.8,-53.0,-0.0684,56.44,0.5455,-99.5,-0.1284,102.1,0.3424,-22.0,-0.0284
0.6,2.0,1.25,723,0.72,266,457,63.209,38.462,1,352.5,86.8,-68.17,-0.0943,75.15,0.4628,-111.55,-0.1543,113.95,0.2997,-39.25,-0.0543
0.6,2.0,1.5,664,0.66,290,374,56.325,42.857,1,470.1,118.8,-7.56,-0.0114,48.16,0.8391,-47.4,-0.0714,63.6,0.5632,19.0,0.0286
0.6,2.0,1.7999999999999998,612,0.61,300,312,50.98,47.368,1,577.5,142.1,13.92,0.0227,40.2,1.0293,-22.8,-0.0373,51.3,0.7128,38.4,0.0627
0.6,2.0,2.0,589,0.59,305,284,48.217,50.0,0,608.0,153.5,18.44,0.0313,40.44,1.0689,-16.9,-0.0287,54.7,0.7506,42.0,0.0713
0.6,2.0,2.5,536,0.53,308,228,42.537,55.556,0,785.2,153.5,24.56,0.0458,53.44,1.1189,-7.6,-0.0142,63.1,0.8111,46.0,0.0858
0.6,2.0,3.0,484,0.48,293,191,39.463,60.0,0,990.8,153.5,-6.36,-0.0131,69.32,0.8112,-35.4,-0.0731,77.3,0.6066,13.0,0.0269
0.6,2.0,4.0,389,0.39,268,121,31.105,66.667,0,1528.7,296.9,36.44,0.0937,44.88,1.2363,13.1,0.0337,50.0,0.9789,52.0,0.1337
0.6,2.0,5.0,348,0.35,263,85,24.425,71.429,0,1858.6,296.9,87.08,0.2502,47.88,2.0324,66.2,0.1902,51.3,1.6498,101.0,0.2902
0.6,2.0,7.000000000000001,284,0.28,231,53,18.662,77.778,0,2565.8,488.2,79.64,0.2804,44.48,1.8492,62.6,0.2204,46.7,1.5598,91.0,0.3204
0.6,2.0,10.0,224,0.22,195,29,12.946,83.333,0,3768.5,1182.7,91.04,0.4064,38.92,2.0476,77.6,0.3464,40.3,1.7906,100.0,0.4464
0.6,3.0,0.3,902,0.9,92,810,89.8,9.091,2,137.6,94.0,-3.08,-0.0034,42.9,0.9277,-57.2,-0.0634,83.2,0.5399,33.0,0.0366
0.6,3.0,0.5,859,0.86,126,733,85.332,14.286,1,223.8,98.1,-22.86,-0.0266,47.26,0.7457,-74.4,-0.0866,88.1,0.4452,11.5,0.0134
0.6,3.0,0.7000000000000001,805,0.8,156,649,80.621,18.919,1,303.3,98.3,-18.5,-0.023,42.18,0.7635,-66.8,-0.083,78.9,0.4708,13.7,0.017
0.6,3.0,1.0,698,0.7,179,519,74.355,25.0,1,451.0,114.5,-9.92,-0.0142,56.72,0.8152,-51.8,-0.0742,65.5,0.5361,18.0,0.0258
0.6,3.0,1.25,646,0.64,193,453,70.124,29.412,1,556.7,142.1,-13.09,-0.0203,48.01,0.7774,-51.85,-0.0803,65.3,0.5274,12.75,0.0197
0.6,3.0,1.5,586,0.58,209,377,64.334,33.333,1,737.3,152.1,38.06,0.0649,46.7,1.2784,2.9,0.0049,51.5,0.8994,61.5,0.1049
0.6,3.0,1.7999999999999998,530,0.53,217,313,59.057,37.5,1,922.0,152.1,66.4,0.1253,42.4,1.6772,34.6,0.0653,46.6,1.2205,87.6,0.1653
0.6,3.0,2.0,512,0.51,227,285,55.664,40.0,0,959.9,152.1,90.52,0.1768,44.72,2.1118,59.8,0.1168,50.3,1.5537,111.0,0.2168
0.6,3.0,2.5,448,0.45,214,234,52.232,45.455,0,1222.2,152.1,39.08,0.0872,58.06,1.2487,12.2,0.0272,61.9,0.9543,57.0,0.1272
0.6,3.0,3.0,401,0.4,204,197,49.127,50.0,0,1503.4,160.7,4.96,0.0124,76.64,0.8773,-19.1,-0.0476,83.6,0.6895,21.0,0.0524
0.6,3.0,4.0,319,0.32,189,130,40.752,57.143,0,2263.6,321.6,34.24,0.1073,57.68,1.1644,15.1,0.0473,60.2,0.9614,47.0,0.1473
0.6,3.0,5.0,275,0.27,186,89,32.364,62.5,0,2900.0,465.3,102.0,0.3709,52.56,2.2776,85.5,0.3109,54.9,1.9318,113.0,0.4109
0.6,3.0,7.000000000000001,213,0.21,158,55,25.822,70.0,0,4131.8,488.2,80.48,0.3778,66.0,1.811,67.7,0.3178,67.5,1.594,89.0,0.4178
0.6,3.0,10.0,173,0.17,140,33,19.075,76.923,0,5527.6,1203.4,83.08,0.4802,47.76,1.8081,72.7,0.4202,48.9,1.6301,90.0,0.5202
0.6,5.0,0.3,849,0.85,58,791,93.168,5.66,1,261.0,171.5,18.74,0.0221,32.78,1.1205,-32.2,-0.0379,71.2,0.6732,52.7,0.0621
0.6,5.0,0.5,788,0.78,77,711,90.228,9.091,1,430.4,228.7,-2.02,-0.0026,47.34,0.8849,-49.3,-0.0626,80.6,0.5514,29.5,0.0374
0.6,5.0,0.7000000000000001,710,0.71,91,619,87.183,12.281,1,595.4,229.2,-6.7,-0.0094,53.74,0.825,-49.3,-0.0694,72.8,0.5386,21.7,0.0306
0.6,5.0,1.0,592,0.59,104,488,82.432,16.667,1,897.1,366.6,8.32,0.0141,68.16,0.935,-27.2,-0.0459,76.9,0.6553,32.0,0.0541
0.6,5.0,1.25,531,0.53,110,421,79.284,20.0,1,1122.8,394.0,2.51,0.0047,70.08,0.8683,-29.35,-0.0553,80.8,0.6312,23.75,0.0447
0.6,5.0,1.5,477,0.48,118,359,75.262,23.077,1,1405.5,394.0,32.42,0.068,54.44,1.151,3.8,0.008,60.3,0.8645,51.5,0.108
0.6,5.0,1.7999999999999998,423,0.42,120,303,71.631,26.471,1,1686.8,407.2,37.68,0.0891,74.08,1.1996,12.3,0.0291,84.7,0.9306,54.6,0.1291
0.6,5.0,2.0,401,0.4,127,274,68.329,28.571,0,1784.4,411.4,70.96,0.177,65.64,1.6496,46.9,0.117,75.6,1.297,87.0,0.217
0.6,5.0,2.5,349,0.35,124,225,64.47,33.333,0,2247.9,413.2,43.54,0.1248,69.9,1.2385,22.6,0.0648,76.6,1.0044,57.5,0.1648
0.6,5.0,3.0,307,0.31,115,192,62.541,37.5,0,2748.9,435.0,-13.28,-0.0433,88.64,0.6975,-31.7,-0.1033,98.6,0.5799,-1.0,-0.0033
0.6,5.0,4.0,247,0.25,112,135,54.656,44.444,0,3906.2,636.1,10.12,0.041,70.08,0.8647,-4.7,-0.019,76.2,0.7454,20.0,0.081
0.6,5.0,5.0,198,0.2,107,91,45.96,50.0,0,5113.3,636.1,72.08,0.364,62.64,1.606,60.2,0.304,66.6,1.4263,80.0,0.404
0.6,5.0,7.000000000000001,149,0.15,93,56,37.584,58.333,0,7342.5,765.0,67.04,0.4499,71.84,1.5129,58.1,0.3899,74.6,1.3836,73.0,0.4899
0.6,5.0,10.0,113,0.11,82,31,27.434,66.667,0,10453.1,1240.2,95.48,0.845,60.48,1.9929,88.7,0.785,61.2,1.8627,100.0,0.885
0.8,0.1,0.3,371,0.37,177,194,52.291,75.0,152,5.0,0.1,-55.34,-0.1492,55.52,0.5743,-77.6,-0.2092,77.6,0.4595,-40.5,-0.1092
0.8,0.1,0.5,371,0.37,233,138,37.197,83.333,101,5.1,0.2,-60.54,-0.1632,60.78,0.5447,-82.8,-0.2232,82.8,0.4358,-45.7,-0.1232
0.8,0.1,0.7000000000000001,371,0.37,268,103,27.763,87.5,68,5.4,0.3,-60.14,-0.1621,60.44,0.5465,-82.4,-0.2221,82.4,0.4372,-45.3,-0.1221
0.8,0.1,1.0,371,0.37,299,72,19.407,90.909,43,6.0,0.7,-56.94,-0.1535,57.24,0.5636,-79.2,-0.2135,79.2,0.451,-42.1,-0.1135
0.8,0.1,1.25,366,0.36,313,53,14.481,92.593,31,7.2,3.0,-49.59,-0.1355,49.89,0.6063,-71.55,-0.1955,71.55,0.4866,-34.95,-0.0955
0.8,0.1,1.5,366,0.36,324,42,11.475,93.75,23,7.7,3.8,-45.24,-0.1236,45.54,0.6329,-67.2,-0.1836,67.2,0.5079,-30.6,-0.0836
0.8,0.1,1.7999999999999998,365,0.36,329,36,9.863,94.737,20,12.5,24.0,-46.5,-0.1274,46.8,0.6242,-68.4,-0.1874,68.4,0.5013,-31.9,-0.0874
0.8,0.1,2.0,364,0.36,333,31,8.516,95.238,16,14.1,24.0,-43.26,-0.1188,43.56,0.6446,-65.1,-0.1788,65.1,0.5179,-28.7,-0.0788
0.8,0.1,2.5,362,0.36,343,19,5.249,96.154,8,21.2,27.1,-27.68,-0.0765,27.98,0.7534,-49.4,-0.1365,49.4,0.6062,-13.2,-0.0365
0.8,0.1,3.0,359,0.36,344,15,4.178,96.774,7,29.9,40.2,-24.96,-0.0695,27.12,0.7736,-46.5,-0.1295,46.5,0.6235,-10.6,-0.0295
0.8,0.1,4.0,356,0.35,346,10,2.809,97.561,3,39.8,56.1,-19.64,-0.0552,21.8,0.8148,-41.0,-0.1152,41.0,0.6579,-5.4,-0.0152
0.8,0.1,5.0,348,0.35,341,7,2.011,98.039,2,52.0,56.1,-14.82,-0.0426,19.86,0.8543,-35.7,-0.1026,35.7,0.6932,-0.9,-0.0026
0.8,0.1,7.000000000000001,345,0.34,341,4,1.159,98.592,1,63.4,73.4,-7.7,-0.0223,19.32,0.9163,-28.4,-0.0823,28.4,0.7448,6.1,0.0177
0.8,0.1,10.0,338,0.34,337,1,0.296,99.01,0,75.4,105.8,10.18,0.0301,10.04,1.1011,-10.1,-0.0299,10.1,0.899,23.7,0.0701
0.8,0.16,0.3,371,0.37,175,196,52.83,65.217,124,5.1,0.2,-45.64,-0.123,46.0,0.6328,-67.9,-0.183,68.08,0.5063,-30.8,-0.083
0.8,0.16,0.5,371,0.37,229,142,38.275,75.758,79,5.5,0.7,-49.2,-0.1326,49.68,0.61,-71.46,-0.1926,71.7,0.4881,-34.36,-0.0926
0.8,0.16,0.7000000000000001,371,0.37,264,107,28.841,81.395,51,5.9,1.7,-47.5,-0.128,48.1,0.6199,-69.76,-0.188,70.06,0.496,-32.66,-0.088
0.8,0.16,1.0,371,0.37,293,78,21.024,86.207,31,6.9,1.7,-45.96,-0.1239,46.56,0.6287,-68.22,-0.1839,68.52,0.5031,-31.12,-0.0839
0.8,0.16,1.25,365,0.36,305,60,16.438,88.652,22,8.2,3.0,-40.8,-0.1118,41.4,0.6615,-62.7,-0.1718,63.0,0.5312,-26.2,-0.0718
0.8,0.16,1.5,363,0.36,314,49,13.499,90.361,15,8.9,3.8,-37.78,-0.1041,38.38,0.6812,-59.56,-0.1641,59.86,0.5477,-23.26,-0.0641
0.8,0.16,1.7999999999999998,361,0.36,318,43,11.911,91.837,13,14.2,24.0,-40.96,-0.1135,41.56,0.6589,-62.62,-0.1735,62.92,0.5304,-26.52,-0.0735
0.8,0.16,2.0,360,0.36,323,37,10.278,92.593,9,18.5,24.0,-36.72,-0.102,37.32,0.6871,-58.32,-0.162,58.62,0.5535,-22.32,-0.062
0.8,0.16,2.5,354,0.35,329,25,7.062,93.985,5,29.7,27.1,-24.02,-0.0679,24.96,0.7799,-45.26,-0.1279,45.56,0.6305,-9.86,-0.0279
0.8,0.16,3.0,351,0.35,330,21,5.983,94.937,5,38.8,40.2,-24.24,-0.0691,27.84,0.7768,-45.3,-0.1291,47.1,0.6292,-10.2,-0.0291
0.8,0.16,4.0,346,0.34,334,12,3.468,96.154,2,64.3,66.5,-8.4,-0.0243,17.96,0.91,-29.16,-0.0843,31.2,0.7393,5.44,0.0157
0.8,0.16,5.0,339,0.34,331,8,2.36,96.899,2,77.2,66.5,-0.6,-0.0018,20.16,0.9834,-20.94,-0.0618,25.56,0.8023,12.96,0.0382
0.8,0.16,7.000000000000001,335,0.33,331,4,1.194,97.765,0,89.6,73.4,11.56,0.0345,17.64,1.1107,-8.54,-0.0255,19.56,0.9084,24.96,0.0745
0.8,0.16,10.0,328,0.33,326,2,0.61,98.425,0,102.6,105.8,19.04,0.058,17.8,1.1964,-0.64,-0.002,19.06,0.9827,32.16,0.098
0.8,0.2,0.3,371,0.37,173,198,53.369,60.0,113,5.2,0.2,-39.64,-0.1068,40.12,0.6718,-61.9,-0.1668,62.2,0.5376,-24.8,-0.0668
0.8,0.2,0.5,371,0.37,226,145,39.084,71.429,71,5.6,0.7,-42.14,-0.1136,42.78,0.6545,-64.4,-0.1736,64.8,0.5238,-27.3,-0.0736
0.8,0.2,0.7000000000000001,371,0.37,262,109,29.38,77.778,45,6.2,1.7,-38.74,-0.1044,39.54,0.6766,-61.0,-0.1644,61.5,0.5414,-23.9,-0.0644
0.8,0.2,1.0,371,0.37,290,81,21.833,83.333,27,7.4,1.7,-37.84,-0.102,38.64,0.6817,-60.1,-0.162,60.6,0.5455,-23.0,-0.062
0.8,0.2,1.25,365,0.36,301,64,17.534,86.207,19,8.8,3.0,-34.4,-0.0942,35.2,0.7049,-56.3,-0.1542,56.8,0.5661,-19.8,-0.0542
0.8,0.2,1.5,363,0.36,311,52,14.325,88.235,12,9.6,3.8,-30.32,-0.0835,31.56,0.7336,-52.1,-0.1435,52.6,0.5899,-15.8,-0.0435
0.8,0.2,1.7999999999999998,360,0.36,315,45,12.5,90.0,10,15.2,24.0,-32.4,-0.09,33.2,0.7174,-54.0,-0.15,54.5,0.5779,-18.0,-0.05
0.8,0.2,2.0,359,0.36,320,39,10.864,90.909,7,19.6,24.0,-28.36,-0.079,29.16,0.7466,-49.9,-0.139,50.4,0.6018,-14.0,-0.039
0.8,0.2,2.5,352,0.35,324,28,7.955,92.593,4,32.1,27.1,-19.28,-0.0548,21.38,0.8168,-40.4,-0.1148,40.9,0.6611,-5.2,-0.0148
0.8,0.2,3.0,348,0.35,324,24,6.897,93.75,4,41.6,40.2,-21.12,-0.0607,25.92,0.8002,-42.0,-0.1207,45.0,0.6492,-7.2,-0.0207
0.8,0.2,4.0,342,0.34,328,14,4.094,95.238,1,69.4,66.5,-4.08,-0.0119,18.88,0.9484,-24.6,-0.0719,28.0,0.7724,9.6,0.0281
0.8,0.2,5.0,335,0.33,326,9,2.687,96.154,1,84.9,66.5,6.8,0.0203,22.72,1.0573,-13.3,-0.0397,27.5,0.8648,20.2,0.0603
0.8,0.2,7.000000000000001,329,0.33,323,6,1.824,97.222,0,98.1,73.4,9.44,0.0287,24.16,1.0815,-10.3,-0.0313,25.9,0.8878,22.6,0.0687
0.8,0.2,10.0,321,0.32,319,2,0.623,98.039,0,115.9,105.8,30.96,0.0964,17.04,1.3477,11.7,0.0364,18.3,1.1117,43.8,0.1364
0.8,0.25,0.3,371,0.37,167,204,54.987,54.545,105,5.4,0.4,-34.29,-0.0924,34.92,0.7086,-56.55,-0.1524,57.0,0.567,-19.45,-0.0524
0.8,0.25,0.5,371,0.37,218,153,41.24,66.667,64,6.2,1.3,-36.84,-0.0993,37.68,0.69,-59.1,-0.1593,59.7,0.5521,-22.0,-0.0593
0.8,0.25,0.7000000000000001,371,0.37,254,117,31.536,73.684,41,7.2,1.7,-33.24,-0.0896,34.29,0.7145,-55.5,-0.1496,56.25,0.5718,-18.4,-0.0496
0.8,0.25,1.0,370,0.37,281,89,24.054,80.0,23,9.1,4.2,-33.55,-0.0907,34.82,0.7111,-55.75,-0.1507,56.5,0.5694,-18.75,-0.0507
0.8,0.25,1.25,364,0.36,292,72,19.78,83.333,15,11.0,4.3,-31.56,-0.0867,32.61,0.7245,-53.4,-0.1467,54.15,0.5822,-17.0,-0.0467
0.8,0.25,1.5,362,0.36,302,60,16.575,85.714,10,12.4,4.4,-28.98,-0.0801,30.03,0.7426,-50.7,-0.1401,51.45,0.5974,-14.5,-0.0401
0.8,0.25,1.7999999999999998,359,0.36,307,52,14.485,87.805,8,19.3,24.0,-31.21,-0.0869,32.26,0.7249,-52.75,-0.1469,53.5,0.5843,-16.85,-0.0469
0.8,0.25,2.0,358,0.36,313,45,12.57,88.889,5,24.0,24.0,-26.07,-0.0728,27.12,0.7627,-47.55,-0.1328,48.3,0.6151,-11.75,-0.0328
0.8,0.25,2.5,349,0.35,318,31,8.883,90.909,3,38.3,27.1,-11.96,-0.0343,19.26,0.8777,-32.9,-0.0943,34.5,0.7118,2.0,0.0057
0.8,0.25,3.0,345,0.34,318,27,7.826,92.308,3,48.0,40.2,-15.3,-0.0443,22.39,0.8467,-36.0,-0.1043,40.35,0.6882,-1.5,-0.0043
0.8,0.25,4.0,337,0.34,321,16,4.748,94.118,1,76.8,66.5,2.77,0.0082,19.56,1.0137,-17.45,-0.0518,26.95,0.828,16.25,0.0482
0.8,0.25,5.0,328,0.33,319,9,2.744,95.238,1,105.4,66.5,21.63,0.0659,21.0,1.226,1.95,0.0059,24.0,1.007,34.75,0.1059
0.8,0.25,7.000000000000001,322,0.32,316,6,1.863,96.552,0,119.4,73.4,24.12,0.0749,22.91,1.2522,4.8,0.0149,24.65,1.0323,37.0,0.1149
0.8,0.25,10.0,314,0.31,312,2,0.637,97.561,0,138.1,105.8,45.44,0.1447,16.09,1.5572,26.6,0.0847,17.35,1.2901,58.0,0.1847
0.8,0.3,0.3,371,0.37,163,208,56.065,50.0,86,5.7,0.5,-28.34,-0.0764,29.7,0.7519,-50.6,-0.1364,51.2,0.6017,-13.5,-0.0364
0.8,0.3,0.5,371,0.37,210,161,43.396,62.5,51,6.8,1.3,-32.34,-0.0872,33.38,0.7215,-54.6,-0.1472,55.4,0.5773,-17.5,-0.0472
0.8,0.3,0.7000000000000001,371,0.37,244,127,34.232,70.0,33,8.4,3.0,-30.54,-0.0823,31.84,0.7337,-52.8,-0.1423,53.8,0.5871,-15.7,-0.0423
0.8,0.3,1.0,370,0.37,271,99,26.757,76.923,18,10.8,4.2,-32.5,-0.0878,34.32,0.718,-54.7,-0.1478,55.8,0.5749,-17.7,-0.0478
0.8,0.3,1.25,362,0.36,282,80,22.099,80.645,12,14.1,5.4,-29.88,-0.0825,31.75,0.736,-51.6,-0.1425,52.6,0.5922,-15.4,-0.0425
0.8,0.3,1.5,358,0.36,290,68,18.994,83.333,8,17.1,9.8,-29.32,-0.0819,30.64,0.7391,-50.8,-0.1419,51.8,0.5961,-15.0,-0.0419
0.8,0.3,1.7999999999999998,354,0.35,296,58,16.384,85.714,6,28.0,24.0,-29.76,-0.0841,31.06,0.7345,-51.0,-0.1441,52.0,0.5938,-15.6,-0.0441
0.8,0.3,2.0,352,0.35,300,52,14.773,86.957,4,33.2,24.0,-28.08,-0.0798,29.38,0.7462,-49.2,-0.1398,50.2,0.604,-14.0,-0.0398
0.8,0.3,2.5,343,0.34,304,39,11.37,89.286,3,51.1,27.1,-20.02,-0.0584,24.04,0.8073,-40.6,-0.1184,41.6,0.657,-6.3,-0.0184
0.8,0.3,3.0,339,0.34,305,34,10.029,90.909,3,61.8,40.3,-24.06,-0.071,27.18,0.7729,-44.4,-0.131,46.8,0.6305,-10.5,-0.031
0.8,0.3,4.0,327,0.33,307,20,6.116,93.023,1,113.6,113.1,-0.98,-0.003,22.1,0.9728,-20.6,-0.063,29.9,0.7994,12.1,0.037
0.8,0.3,5.0,315,0.31,302,13,4.127,94.34,1,147.4,113.1,13.0,0.0413,21.34,1.1184,-5.9,-0.0187,26.2,0.9258,25.6,0.0813
0.8,0.3,7.000000000000001,308,0.31,299,9,2.922,95.89,0,165.1,113.1,14.38,0.0467,21.66,1.1268,-4.1,-0.0133,23.4,0.9367,26.7,0.0867
0.8,0.3,10.0,297,0.3,292,5,1.684,97.087,0,188.7,113.1,25.72,0.0866,15.14,1.2576,7.9,0.0266,16.4,1.0524,37.6,0.1266
0.8,0.4,0.3,371,0.37,152,219,59.03,42.857,60,6.5,0.6,-19.74,-0.0532,22.4,0.819,-42.0,-0.1132,42.9,0.6554,-4.9,-0.0132
0.8,0.4,0.5,371,0.37,198,173,46.631,55.556,36,8.6,2.4,-22.14,-0.0597,23.76,0.7983,-44.4,-0.1197,45.6,0.6389,-7.3,-0.0197
0.8,0.4,0.7000000000000001,371,0.37,226,145,39.084,63.636,26,10.9,3.5,-25.94,-0.0699,28.68,0.7673,-48.2,-0.1299,49.4,0.614,-11.1,-0.0299
0.8,0.4,1.0,370,0.37,253,117,31.622,71.429,14,14.9,4.2,-30.6,-0.0827,33.08,0.7305,-52.8,-0.1427,54.0,0.5849,-15.8,-0.0427
0.8,0.4,1.25,361,0.36,269,92,25.485,75.758,9,21.0,7.3,-21.84,-0.0605,24.03,0.7962,-43.5,-0.1205,44.7,0.641,-7.4,-0.0205
0.8,0.4,1.5,357,0.36,276,81,22.689,78.947,6,29.7,28.4,-25.38,-0.0711,27.8,0.767,-46.8,-0.1311,48.5,0.619,-11.1,-0.0311
0.8,0.4,1.7999999999999998,353,0.35,283,70,19.83,81.818,5,44.2,28.4,-26.92,-0.0763,29.24,0.7535,-48.1,-0.1363,49.6,0.6095,-12.8,-0.0363
0.8,0.4,2.0,351,0.35,288,63,17.949,83.333,3,49.7,28.4,-24.84,-0.0708,27.6,0.7683,-45.9,-0.1308,47.4,0.6223,-10.8,-0.0308
0.8,0.4,2.5,341,0.34,292,49,14.37,86.207,2,80.3,63.6,-19.34,-0.0567,24.98,0.8095,-39.8,-0.1167,41.3,0.6596,-5.7,-0.0167
0.8,0.4,3.0,336,0.33,294,42,12.5,88.235,2,110.7,93.4,-21.84,-0.065,26.16,0.7865,-42.0,-0.125,45.6,0.6428,-8.4,-0.025
0.8,0.4,4.0,323,0.32,298,25,7.74,90.909,0,186.2,113.3,6.28,0.0194,20.56,1.0407,-13.1,-0.0406,28.4,0.8573,19.2,0.0594
0.8,0.4,5.0,307,0.31,290,17,5.537,92.593,0,271.4,267.0,18.72,0.061,23.76,1.177,0.3,0.001,29.7,0.979,31.0,0.101
0.8,0.4,7.000000000000001,301,0.3,290,11,3.654,94.595,0,327.1,334.1,26.96,0.0896,19.16,1.2701,8.9,0.0296,20.9,1.0603,39.0,0.1296
0.8,0.4,10.0,288,0.29,281,7,2.431,96.154,0,368.3,334.1,30.88,0.1072,13.24,1.3088,13.6,0.0472,15.1,1.1012,42.4,0.1472
0.8,0.5,0.3,371,0.37,139,232,62.534,37.5,46,7.3,0.8,-14.94,-0.0403,16.58,0.8588,-37.2,-0.1003,38.4,0.6873,-0.1,-0.0003
0.8,0.5,0.5,371,0.37,185,186,50.135,50.0,23,9.7,2.7,-15.34,-0.0413,18.16,0.8538,-37.6,-0.1013,39.4,0.6833,-0.5,-0.0013
0.8,0.5,0.7000000000000001,371,0.37,212,159,42.857,58.333,18,12.9,3.5,-20.14,-0.0543,25.08,0.8122,-42.4,-0.1143,45.6,0.65,-5.3,-0.0143
0.8,0.5,1.0,370,0.37,241,129,34.865,66.667,10,19.0,6.5,-23.3,-0.063,28.1,0.7846,-45.5,-0.123,48.5,0.6283,-8.5,-0.023
0.8,0.5,1.25,360,0.36,255,105,29.167,71.429,5,25.8,7.7,-18.15,-0.0504,22.74,0.8245,-39.75,-0.1104,42.6,0.6642,-3.75,-0.0104
0.8,0.5,1.5,355,0.35,261,94,26.479,75.0,3,39.9,58.5,-24.7,-0.0696,28.5,0.7703,-46.0,-0.1296,48.0,0.6224,-10.5,-0.0296
0.8,0.5,1.7999999999999998,349,0.35,268,81,23.209,78.261,2,55.9,58.5,-25.76,-0.0738,31.28,0.7601,-46.7,-0.1338,50.0,0.6163,-11.8,-0.0338
0.8,0.5,2.0,346,0.34,273,73,21.098,80.0,1,62.9,58.5,-23.34,-0.0675,31.58,0.7775,-44.1,-0.1275,46.4,0.6316,-9.5,-0.0275
0.8,0.5,2.5,330,0.33,272,58,17.576,83.333,1,103.0,63.6,-22.2,-0.0673,27.88,0.7836,-42.0,-0.1273,44.0,0.6427,-9.0,-0.0273
0.8,0.5,3.0,322,0.32,273,49,15.217,85.714,1,141.6,93.4,-23.38,-0.0726,29.92,0.7712,-42.7,-0.1326,47.5,0.6356,-10.5,-0.0326
0.8,0.5,4.0,308,0.31,276,32,10.39,88.889,0,238.9,113.3,-2.32,-0.0075,32.08,0.9484,-20.8,-0.0675,37.8,0.7883,10.0,0.0325
0.8,0.5,5.0,288,0.29,266,22,7.639,90.909,0,338.5,267.0,11.48,0.0399,35.18,1.0866,-5.8,-0.0201,39.2,0.9142,23.0,0.0799
0.8,0.5,7.000000000000001,280,0.28,266,14,5.0,93.333,0,408.4,334.2,23.8,0.085,31.94,1.2199,7.0,0.025,35.6,1.0313,35.0,0.125
0.8,0.5,10.0,266,0.26,257,9,3.383,95.238,0,446.5,334.2,27.86,0.1047,28.12,1.2551,11.9,0.0447,31.3,1.07,38.5,0.1447
0.8,0.6,0.3,371,0.37,121,250,67.385,33.333,39,10.3,8.0,-17.24,-0.0465,18.78,0.8388,-39.5,-0.1065,40.2,0.6713,-2.4,-0.0065
0.8,0.6,0.5,371,0.37,165,206,55.526,45.455,18,14.4,8.0,-18.84,-0.0508,21.32,0.8237,-41.1,-0.1108,42.5,0.6592,-4.0,-0.0108
0.8,0.6,0.7000000000000001,371,0.37,193,178,47.978,53.846,14,19.3,8.0,-23.64,-0.0637,27.62,0.7832,-45.9,-0.1237,48.2,0.6268,-8.8,-0.0237
0.8,0.6,1.0,369,0.37,222,147,39.837,62.5,8,33.6,40.8,-28.56,-0.0774,31.44,0.743,-50.7,-0.1374,52.0,0.5953,-13.8,-0.0374
0.8,0.6,1.25,357,0.36,235,122,34.174,67.568,5,45.1,41.6,-25.78,-0.0722,31.17,0.7621,-47.2,-0.1322,49.1,0.615,-11.5,-0.0322
0.8,0.6,1.5,350,0.35,245,105,30.0,71.429,3,63.3,58.5,-24.5,-0.07,26.46,0.77,-45.5,-0.13,46.5,0.624,-10.5,-0.03
0.8,0.6,1.7999999999999998,344,0.34,253,91,26.453,75.0,2,81.7,66.0,-25.76,-0.0749,32.64,0.7579,-46.4,-0.1349,49.5,0.6164,-12.0,-0.0349
0.8,0.6,2.0,339,0.34,257,82,24.189,76.923,1,91.7,66.0,-23.36,-0.0689,34.0,0.775,-43.7,-0.1289,46.6,0.6322,-9.8,-0.0289
0.8,0.6,2.5,323,0.32,255,68,21.053,80.645,1,137.2,66.0,-29.92,-0.0926,38.76,0.7222,-49.3,-0.1526,51.7,0.5948,-17.0,-0.0526
0.8,0.6,3.0,314,0.31,255,59,18.79,83.333,1,178.1,93.4,-36.56,-0.1164,42.88,0.6721,-55.4,-0.1764,60.9,0.5565,-24.0,-0.0764
0.8,0.6,4.0,290,0.29,254,36,12.414,86.957,0,316.9,113.4,-3.2,-0.011,37.48,0.936,-20.6,-0.071,44.8,0.7864,8.4,0.029
0.8,0.6,5.0,271,0.27,245,26,9.594,89.286,0,413.2,185.8,6.16,0.0227,43.12,1.0239,-10.1,-0.0373,46.9,0.8702,17.0,0.0627
0.8,0.6,7.000000000000001,257,0.26,240,17,6.615,92.105,0,579.4,483.1,14.72,0.0573,43.52,1.1043,-0.7,-0.0027,47.0,0.9465,25.0,0.0973
0.8,0.6,10.0,244,0.24,231,13,5.328,94.34,0,657.9,491.6,-1.16,-0.0048,55.12,0.9181,-15.8,-0.0648,58.3,0.7929,8.6,0.0352
0.8,0.8,0.3,371,0.37,105,266,71.698,27.273,19,13.2,8.4,-10.64,-0.0287,14.3,0.895,-32.9,-0.0887,35.0,0.7163,4.2,0.0113
0.8,0.8,0.5,369,0.37,138,231,62.602,38.462,8,21.4,15.8,-19.86,-0.0538,24.22,0.8139,-42.0,-0.1138,45.4,0.6521,-5.1,-0.0138
0.8,0.8,0.7000000000000001,369,0.37,166,203,55.014,46.667,6,28.3,15.8,-24.06,-0.0652,27.34,0.7781,-46.2,-0.1252,48.4,0.6234,-9.3,-0.0252
0.8,0.8,1.0,366,0.36,198,168,45.902,55.556,4,49.1,40.8,-24.24,-0.0662,27.4,0.7732,-46.2,-0.1262,48.4,0.6206,-9.6,-0.0262
0.8,0.8,1.25,350,0.35,207,143,40.857,60.976,3,65.5,41.6,-27.15,-0.0776,33.13,0.7487,-48.15,-0.1376,51.8,0.6067,-13.15,-0.0376
0.8,0.8,1.5,343,0.34,217,126,36.735,65.217,2,87.5,59.2,-29.12,-0.0849,32.86,0.7316,-49.7,-0.1449,52.6,0.5954,-15.4,-0.0449
0.8,0.8,1.7999999999999998,336,0.33,224,112,33.333,69.231,1,117.3,66.0,-35.84,-0.1067,40.32,0.6811,-56.0,-0.1667,59.4,0.5566,-22.4,-0.0667
0.8,0.8,2.0,327,0.33,226,101,30.887,71.429,0,130.7,66.0,-34.28,-0.1048,38.04,0.6903,-53.9,-0.1648,56.7,0.5672,-21.2,-0.0648
0.8,0.8,2.5,311,0.31,229,82,26.367,75.758,0,188.3,66.0,-34.24,-0.1101,38.54,0.6867,-52.9,-0.1701,56.6,0.5696,-21.8,-0.0701
0.8,0.8,3.0,299,0.3,226,73,24.415,78.947,0,237.4,93.5,-50.16,-0.1678,57.76,0.5813,-68.1,-0.2278,75.1,0.4856,-38.2,-0.1278
0.8,0.8,4.0,269,0.27,227,42,15.613,83.333,0,424.2,114.3,2.84,0.0106,32.44,0.9867,-13.3,-0.0494,36.7,0.8396,13.6,0.0506
0.8,0.8,5.0,250,0.25,218,32,12.8,86.207,0,559.4,185.8,4.4,0.0176,41.4,0.9957,-10.6,-0.0424,45.0,0.8569,14.4,0.0576
0.8,0.8,7.000000000000001,233,0.23,212,21,9.013,89.744,0,811.3,483.1,13.28,0.057,44.76,1.0748,-0.7,-0.003,48.0,0.9345,22.6,0.097
0.8,0.8,10.0,217,0.22,202,15,6.912,92.593,0,898.2,491.6,2.92,0.0135,60.72,0.944,-10.1,-0.0465,63.6,0.8286,11.6,0.0535
0.8,1.0,0.3,370,0.37,90,280,75.676,23.077,12,18.0,13.7,-8.8,-0.0238,14.06,0.9105,-31.0,-0.0838,33.6,0.7292,6.0,0.0162
0.8,1.0,0.5,367,0.37,117,250,68.12,33.333,7,27.6,15.8,-22.68,-0.0618,27.54,0.7899,-44.7,-0.1218,48.6,0.6337,-8.0,-0.0218
0.8,1.0,0.7000000000000001,365,0.36,144,221,60.548,41.176,5,38.9,20.8,-25.3,-0.0693,28.76,0.7667,-47.2,-0.1293,49.7,0.6158,-10.7,-0.0293
0.8,1.0,1.0,362,0.36,179,183,50.552,50.0,4,76.7,46.2,-18.48,-0.051,22.56,0.8163,-40.2,-0.111,43.2,0.6568,-4.0,-0.011
0.8,1.0,1.25,345,0.34,185,160,46.377,55.556,4,96.2,46.2,-28.8,-0.0835,36.51,0.7335,-49.5,-0.1435,53.1,0.5962,-15.0,-0.0435
0.8,1.0,1.5,338,0.34,197,141,41.716,60.0,3,132.7,88.5,-28.02,-0.0829,31.66,0.7363,-48.3,-0.1429,51.4,0.601,-14.5,-0.0429
0.8,1.0,1.7999999999999998,328,0.33,204,124,37.805,64.286,1,181.6,89.8,-32.32,-0.0985,38.32,0.702,-52.0,-0.1585,57.1,0.5764,-19.2,-0.0585
0.8,1.0,2.0,318,0.32,205,113,35.535,66.667,0,202.0,91.3,-33.72,-0.106,40.44,0.6904,-52.8,-0.166,57.3,0.5703,-21.0,-0.066
0.8,1.0,2.5,303,0.3,211,92,30.363,71.429,0,269.4,97.1,-31.12,-0.1027,42.12,0.7039,-49.3,-0.1627,52.3,0.5868,-19.0,-0.0627
0.8,1.0,3.0,289,0.29,206,83,28.72,75.0,0,341.2,144.0,-54.56,-0.1888,60.16,0.552,-71.9,-0.2488,76.9,0.4639,-43.0,-0.1488
0.8,1.0,4.0,257,0.26,206,51,19.844,80.0,0,640.4,199.7,-8.28,-0.0322,50.92,0.8737,-23.7,-0.0922,56.8,0.7487,2.0,0.0078
0.8,1.0,5.0,237,0.24,199,38,16.034,83.333,0,915.0,401.6,-0.48,-0.002,52.32,0.9381,-14.7,-0.062,55.8,0.8137,9.0,0.038
0.8,1.0,7.000000000000001,215,0.21,191,24,11.163,87.5,0,1189.1,483.1,14.4,0.067,49.28,1.0756,1.5,0.007,52.7,0.9453,23.0,0.107
0.8,1.0,10.0,193,0.19,176,17,8.808,90.909,0,1694.2,1179.3,-1.72,-0.0089,65.84,0.8895,-13.3,-0.0689,68.6,0.7921,6.0,0.0311
0.8,1.5,0.3,370,0.37,71,299,80.811,16.667,6,37.4,33.9,2.0,0.0054,10.62,1.0108,-20.2,-0.0546,27.0,0.8095,16.8,0.0454
0.8,1.5,0.5,366,0.36,99,267,72.951,25.0,3,52.7,33.9,0.36,0.001,16.06,0.9893,-21.6,-0.059,30.4,0.7942,15.0,0.041
0.8,1.5,0.7000000000000001,362,0.36,123,239,66.022,31.818,2,75.2,34.6,2.72,0.0075,23.32,1.0077,-19.0,-0.0525,28.6,0.8109,17.2,0.0475
0.8,1.5,1.0,356,0.35,151,205,57.584,40.0,2,133.7,69.8,7.26,0.0204,20.84,1.0465,-14.1,-0.0396,28.3,0.8452,21.5,0.0604
0.8,1.5,1.25,337,0.34,157,180,53.412,45.455,2,170.6,69.8,-2.98,-0.0088,24.66,0.9404,-23.2,-0.0688,35.4,0.7681,10.5,0.0312
0.8,1.5,1.5,327,0.33,171,156,47.706,50.0,2,227.2,88.5,9.42,0.0288,20.04,1.0591,-10.2,-0.0312,28.2,0.8704,22.5,0.0688
0.8,1.5,1.7999999999999998,315,0.31,178,137,43.492,54.545,1,287.7,89.8,7.8,0.0248,23.36,1.0364,-11.1,-0.0352,32.3,0.8578,20.4,0.0648
0.8,1.5,2.0,304,0.3,177,127,41.776,57.143,0,324.9,91.3,-0.66,-0.0022,28.62,0.9493,-18.9,-0.0622,37.8,0.7909,11.5,0.0378
0.8,1.5,2.5,288,0.29,183,105,36.458,62.5,0,431.1,97.1,0.48,0.0017,26.52,0.9522,-16.8,-0.0583,34.8,0.801,12.0,0.0417
0.8,1.5,3.0,274,0.27,183,91,33.212,66.667,0,529.5,144.0,-9.46,-0.0345,36.54,0.8548,-25.9,-0.0945,44.1,0.7251,1.5,0.0055
0.8,1.5,4.0,240,0.24,182,58,24.167,72.727,0,969.1,199.8,31.4,0.1308,38.56,1.2791,17.0,0.0708,43.3,1.1076,41.0,0.1708
0.8,1.5,5.0,216,0.22,172,44,20.37,76.923,0,1353.8,416.3,29.36,0.1359,56.2,1.2431,16.4,0.0759,59.5,1.092,38.0,0.1759
0.8,1.5,7.000000000000001,197,0.2,168,29,14.721,82.353,0,1672.8,483.1,41.12,0.2087,40.42,1.3744,29.3,0.1487,43.3,1.2213,49.0,0.2487
0.8,1.5,10.0,177,0.18,158,19,10.734,86.957,0,2361.6,1182.3,39.92,0.2255,49.3,1.3229,29.3,0.1655,52.0,1.1897,47.0,0.2655
0.8,2.0,0.3,369,0.37,57,312,84.553,13.043,3,71.9,69.1,5.64,0.0153,15.66,1.0448,-16.5,-0.0447,27.0,0.8372,20.4,0.0553
0.8,2.0,0.5,364,0.36,78,286,78.571,20.0,1,100.2,69.1,-1.56,-0.0043,23.98,0.966,-23.4,-0.0643,39.7,0.7764,13.0,0.0357
0.8,2.0,0.7000000000000001,355,0.35,96,259,72.958,25.926,1,135.9,69.1,-3.5,-0.0099,30.8,0.9415,-24.8,-0.0699,40.4,0.7608,10.7,0.0301
0.8,2.0,1.0,345,0.34,122,223,64.638,33.333,1,219.0,80.2,7.2,0.0209,28.28,1.0374,-13.5,-0.0391,37.7,0.8434,21.0,0.0609
0.8,2.0,1.25,327,0.33,129,198,60.55,38.462,1,267.8,80.2,-2.58,-0.0079,33.78,0.9353,-22.2,-0.0679,41.7,0.7686,10.5,0.0321
0.8,2.0,1.5,315,0.31,142,173,54.921,42.857,1,328.7,88.5,11.9,0.0378,29.4,1.074,-7.0,-0.0222,36.0,0.889,24.5,0.0778
0.8,2.0,1.7999999999999998,300,0.3,149,151,50.333,47.368,1,400.8,89.8,14.2,0.0473,32.04,1.0918,-3.8,-0.0127,39.9,0.912,26.2,0.0873
0.8,2.0,2.0,290,0.29,150,140,48.276,50.0,0,453.9,91.3,8.4,0.029,37.2,1.0264,-9.0,-0.031,45.0,0.8624,20.0,0.069
0.8,2.0,2.5,271,0.27,154,117,43.173,55.556,0,602.0,97.1,4.66,0.0172,33.78,0.9792,-11.6,-0.0428,41.7,0.8322,15.5,0.0572
0.8,2.0,3.0,258,0.26,157,101,39.147,60.0,0,754.7,144.0,0.68,0.0026,41.36,0.9318,-14.8,-0.0574,48.2,0.7981,11.0,0.0426
0.8,2.0,4.0,221,0.22,155,66,29.864,66.667,0,1294.4,201.0,37.16,0.1681,43.4,1.3322,23.9,0.1081,48.5,1.1669,46.0,0.2081
0.8,2.0,5.0,204,0.2,152,52,25.49,71.429,0,1712.5,434.8,35.84,0.1757,53.48,1.2985,23.6,0.1157,57.2,1.149,44.0,0.2157
0.8,2.0,7.000000000000001,174,0.17,138,36,20.69,77.778,0,2361.9,483.1,17.04,0.0979,51.44,1.0519,6.6,0.0379,55.1,0.9476,24.0,0.1379
0.8,2.0,10.0,157,0.16,134,23,14.65,83.333,0,3358.8,1182.7,31.72,0.202,62.16,1.1823,22.3,0.142,65.4,1.076,38.0,0.242
0.8,3.0,0.3,363,0.36,43,320,88.154,9.091,2,136.5,80.1,18.48,0.0509,24.1,1.1788,-3.3,-0.0091,33.4,0.9481,33.0,0.0909
0.8,3.0,0.5,358,0.36,58,300,83.799,14.286,1,181.5,80.1,9.68,0.027,40.06,1.0698,-11.8,-0.033,48.4,0.863,24.0,0.067
0.8,3.0,0.7000000000000001,348,0.35,76,272,78.161,18.919,1,241.7,80.1,23.68,0.068,43.66,1.2173,2.8,0.008,51.7,0.988,37.6,0.108
0.8,3.0,1.0,333,0.33,95,238,71.471,25.0,1,366.0,105.2,33.68,0.1011,44.64,1.3271,13.7,0.0411,52.1,1.0869,47.0,0.1411
0.8,3.0,1.25,315,0.31,103,212,67.302,29.412,1,453.1,105.2,31.4,0.0997,39.07,1.2865,12.5,0.0397,45.7,1.065,44.0,0.1397
0.8,3.0,1.5,299,0.3,112,187,62.542,33.333,1,571.1,105.2,43.54,0.1456,43.64,1.4403,25.6,0.0856,50.6,1.2039,55.5,0.1856
0.8,3.0,1.7999999999999998,282,0.28,113,169,59.929,37.5,1,664.2,105.2,23.52,0.0834,42.24,1.1708,6.6,0.0234,48.7,0.9886,34.8,0.1234
0.8,3.0,2.0,272,0.27,118,154,56.618,40.0,0,753.6,108.6,35.12,0.1291,33.8,1.3074,18.8,0.0691,39.5,1.1106,46.0,0.1691
0.8,3.0,2.5,255,0.25,125,130,50.98,45.455,0,974.2,110.0,39.8,0.1561,39.48,1.3521,24.5,0.0961,44.7,1.1603,50.0,0.1961
0.8,3.0,3.0,236,0.24,124,112,47.458,50.0,0,1219.2,160.7,26.56,0.1125,48.16,1.1729,12.4,0.0525,52.9,1.0181,36.0,0.1525
0.8,3.0,4.0,197,0.2,121,76,38.579,57.143,0,2042.4,218.8,51.12,0.2595,56.92,1.4851,39.3,0.1995,61.3,1.3197,59.0,0.2995
0.8,3.0,5.0,180,0.18,122,58,32.222,62.5,0,2573.2,437.2,68.8,0.3822,60.32,1.7495,58.0,0.3222,63.8,1.5708,76.0,0.4222
0.8,3.0,7.000000000000001,150,0.15,112,38,25.333,70.0,0,3473.0,483.1,64.0,0.4267,43.76,1.6373,55.0,0.3667,44.9,1.4966,70.0,0.4667
0.8,3.0,10.0,129,0.13,105,24,18.605,76.923,0,5458.3,1203.4,69.84,0.5414,58.84,1.688,62.1,0.4814,61.6,1.5626,75.0,0.5814
0.8,5.0,0.3,351,0.35,32,319,90.883,5.66,1,239.8,131.2,50.26,0.1432,27.68,1.5883,29.2,0.0832,33.5,1.2869,64.3,0.1832
0.8,5.0,0.5,341,0.34,40,301,88.27,9.091,1,320.7,131.2,35.86,0.1052,48.0,1.3587,15.4,0.0452,57.0,1.1074,49.5,0.1452
0.8,5.0,0.7000000000000001,328,0.33,48,280,85.366,12.281,1,474.7,178.2,30.88,0.0941,38.16,1.2763,11.2,0.0341,46.8,1.0483,44.0,0.1341
0.8,5.0,1.0,308,0.31,60,248,80.519,16.667,1,825.7,202.3,39.68,0.1288,60.56,1.3659,21.2,0.0688,68.9,1.1356,52.0,0.1688
0.8,5.0,1.25,282,0.28,61,221,78.369,20.0,1,1035.3,202.3,17.47,0.062,68.99,1.0871,0.55,0.002,76.85,0.9178,28.75,0.102
0.8,5.0,1.5,264,0.26,67,197,74.621,23.077,1,1259.8,202.3,28.94,0.1096,72.76,1.2044,13.1,0.0496,79.9,1.028,39.5,0.1496
0.8,5.0,1.7999999999999998,246,0.25,70,176,71.545,26.471,1,1403.9,296.7,23.36,0.095,67.84,1.1276,8.6,0.035,74.1,0.9728,33.2,0.135
0.8,5.0,2.0,237,0.24,73,164,69.198,28.571,0,1547.3,296.8,27.52,0.1161,59.36,1.1661,13.3,0.0561,64.4,1.0115,37.0,0.1561
0.8,5.0,2.5,218,0.22,83,135,61.927,33.333,0,2151.0,409.8,68.78,0.3155,48.86,1.724,55.7,0.2555,50.9,1.513,77.5,0.3555
0.8,5.0,3.0,204,0.2,84,120,58.824,37.5,0,2413.6,360.2,51.84,0.2541,68.8,1.4359,39.6,0.1941,73.0,1.2706,60.0,0.2941
0.8,5.0,4.0,169,0.17,86,83,49.112,44.444,0,3514.1,360.8,91.24,0.5399,66.44,2.0967,81.1,0.4799,70.1,1.8951,98.0,0.5799
0.8,5.0,5.0,146,0.15,81,65,44.521,50.0,0,4574.1,915.7,74.16,0.5079,86.96,1.7502,65.4,0.4479,89.9,1.6037,80.0,0.5479
0.8,5.0,7.000000000000001,115,0.11,74,41,35.652,58.333,0,6551.4,765.0,78.4,0.6817,58.88,1.8026,71.5,0.6217,60.2,1.6828,83.0,0.7217
0.8,5.0,10.0,97,0.1,71,26,26.804,66.667,0,9214.5,1240.2,91.12,0.9394,46.44,1.986,85.3,0.8794,48.6,1.8742,95.0,0.9794
1.0,0.1,0.3,174,0.17,68,106,60.92,75.0,93,5.0,0.1,-31.96,-0.1837,32.02,0.726,-42.4,-0.2437,42.4,0.6539,-25.0,-0.1437
1.0,0.1,0.5,174,0.17,97,77,44.253,83.333,65,5.1,0.2,-35.76,-0.2055,35.88,0.6986,-46.2,-0.2655,46.2,0.6291,-28.8,-0.1655
1.0,0.1,0.7000000000000001,174,0.17,115,59,33.908,87.5,47,5.2,0.3,-36.76,-0.2113,37.0,0.6913,-47.2,-0.2713,47.2,0.6226,-29.8,-0.1713
1.0,0.1,1.0,174,0.17,131,43,24.713,90.909,32,5.6,0.7,-36.86,-0.2118,37.22,0.6901,-47.3,-0.2718,47.3,0.6215,-29.9,-0.1718
1.0,0.1,1.25,174,0.17,141,33,18.966,92.593,24,7.3,3.0,-34.11,-0.196,34.47,0.709,-44.55,-0.256,44.55,0.6386,-27.15,-0.156
1.0,0.1,1.5,174,0.17,145,29,16.667,93.75,20,7.6,3.8,-35.96,-0.2067,36.68,0.6955,-46.4,-0.2667,46.4,0.6264,-29.0,-0.1667
1.0,0.1,1.7999999999999998,174,0.17,149,25,14.368,94.737,17,8.6,3.8,-37.06,-0.213,37.78,0.6874,-47.5,-0.273,47.5,0.619,-30.1,-0.173
1.0,0.1,2.0,174,0.17,152,22,12.644,95.238,15,11.9,7.1,-35.76,-0.2055,36.48,0.6961,-46.2,-0.2655,46.2,0.6269,-28.8,-0.1655
1.0,0.1,2.5,174,0.17,162,12,6.897,96.154,8,23.5,27.1,-20.76,-0.1193,21.6,0.8093,-31.2,-0.1793,31.2,0.729,-13.8,-0.0793
1.0,0.1,3.0,173,0.17,162,11,6.358,96.774,7,28.1,29.9,-23.72,-0.1371,24.56,0.7847,-34.1,-0.1971,34.1,0.7072,-16.8,-0.0971
1.0,0.1,4.0,173,0.17,165,8,4.624,97.561,4,37.2,56.1,-22.42,-0.1296,23.26,0.7938,-32.8,-0.1896,32.8,0.7154,-15.5,-0.0896
1.0,0.1,5.0,171,0.17,166,5,2.924,98.039,3,58.2,56.1,-15.24,-0.0891,16.08,0.853,-25.5,-0.1491,25.5,0.7697,-8.4,-0.0491
1.0,0.1,7.000000000000001,170,0.17,168,2,1.176,98.592,1,77.9,73.4,-4.0,-0.0235,13.24,0.9558,-14.2,-0.0835,14.2,0.863,2.8,0.0165
1.0,0.1,10.0,170,0.17,169,1,0.588,99.01,0,89.4,105.8,0.1,0.0006,10.04,0.9956,-10.1,-0.0594,10.1,0.899,6.9,0.0406
1.0,0.16,0.3,174,0.17,68,106,60.92,65.217,80,5.1,0.2,-27.88,-0.1602,28.0,0.7562,-38.32,-0.2202,38.38,0.6811,-20.92,-0.1202
1.0,0.16,0.5,174,0.17,96,78,44.828,75.758,54,5.4,0.7,-30.6,-0.1759,30.84,0.7355,-41.04,-0.2359,41.16,0.6624,-23.64,-0.1359
1.0,0.16,0.7000000000000001,174,0.17,115,59,33.908,81.395,38,5.9,1.7,-29.86,-0.1716,30.34,0.7406,-40.3,-0.2316,40.54,0.667,-22.9,-0.1316
1.0,0.16,1.0,174,0.17,131,43,24.713,86.207,24,6.3,1.7,-29.0,-0.1667,29.72,0.7464,-39.44,-0.2267,39.8,0.6723,-22.04,-0.1267
1.0,0.16,1.25,174,0.17,141,33,18.966,88.652,17,8.1,3.0,-25.65,-0.1474,26.37,0.7715,-36.09,-0.2074,36.45,0.6949,-18.69,-0.1074
1.0,0.16,1.5,174,0.17,145,29,16.667,90.361,13,8.4,3.8,-27.26,-0.1567,28.7,0.7587,-37.7,-0.2167,38.42,0.6833,-20.3,-0.1167
1.0,0.16,1.7999999999999998,173,0.17,147,26,15.029,91.837,11,9.6,3.8,-30.2,-0.1746,31.64,0.736,-40.58,-0.2346,41.3,0.6633,-23.28,-0.1346
1.0,0.16,2.0,173,0.17,150,23,13.295,92.593,9,12.9,7.1,-28.92,-0.1672,30.36,0.7452,-39.3,-0.2272,40.02,0.6715,-22.0,-0.1272
1.0,0.16,2.5,172,0.17,158,14,8.14,93.985,5,25.7,27.1,-16.6,-0.0965,18.28,0.8431,-26.92,-0.1565,27.76,0.7603,-9.72,-0.0565
1.0,0.16,3.0,171,0.17,158,13,7.602,94.937,5,30.4,29.9,-20.56,-0.1202,22.24,0.8091,-30.82,-0.1802,31.66,0.7301,-13.72,-0.0802
1.0,0.16,4.0,170,0.17,160,10,5.882,96.154,2,39.9,56.1,-21.2,-0.1247,22.88,0.8021,-31.4,-0.1847,32.24,0.7242,-14.4,-0.0847
1.0,0.16,5.0,167,0.17,161,6,3.593,96.899,2,61.9,56.1,-10.92,-0.0654,17.16,0.8894,-20.94,-0.1254,21.78,0.8045,-4.24,-0.0254
1.0,0.16,7.000000000000001,164,0.16,162,2,1.22,97.765,0,84.8,73.4,5.36,0.0327,12.52,1.0495,-4.48,-0.0273,13.42,0.9511,11.92,0.0727
1.0,0.16,10.0,164,0.16,162,2,1.22,98.425,0,96.7,105.8,-0.64,-0.0039,18.52,0.9828,-10.48,-0.0639,19.42,0.8907,5.92,0.0361
1.0,0.2,0.3,174,0.17,67,107,61.494,60.0,70,5.1,0.2,-25.66,-0.1475,25.82,0.7731,-36.1,-0.2075,36.2,0.6964,-18.7,-0.1075
1.0,0.2,0.5,174,0.17,94,80,45.977,71.429,47,5.6,0.7,-28.16,-0.1618,28.48,0.7536,-38.6,-0.2218,38.8,0.6788,-21.2,-0.1218
1.0,0.2,0.7000000000000001,174,0.17,114,60,34.483,77.778,32,6.3,1.7,-26.16,-0.1503,26.8,0.7684,-36.6,-0.2103,37.0,0.6921,-19.2,-0.1103
1.0,0.2,1.0,174,0.17,129,45,25.862,83.333,20,6.9,1.7,-26.16,-0.1503,27.12,0.7678,-36.6,-0.2103,37.2,0.6916,-19.2,-0.1103
1.0,0.2,1.25,174,0.17,138,36,20.69,86.207,14,8.7,3.0,-24.36,-0.14,25.32,0.7813,-34.8,-0.2,35.4,0.7037,-17.4,-0.1
1.0,0.2,1.5,174,0.17,143,31,17.816,88.235,10,9.3,3.8,-24.86,-0.1429,26.78,0.7769,-35.3,-0.2029,36.5,0.6997,-17.9,-0.1029
1.0,0.2,1.7999999999999998,173,0.17,146,27,15.607,90.0,8,10.5,3.8,-26.32,-0.1521,28.24,0.7649,-36.7,-0.2121,37.9,0.6893,-19.4,-0.1121
1.0,0.2,2.0,173,0.17,149,24,13.873,90.909,7,14.0,7.1,-25.12,-0.1452,27.04,0.7738,-35.5,-0.2052,36.7,0.6974,-18.2,-0.1052
1.0,0.2,2.5,171,0.17,155,16,9.357,92.593,4,27.3,27.1,-15.84,-0.0926,18.08,0.8489,-26.1,-0.1526,27.5,0.766,-9.0,-0.0526
1.0,0.2,3.0,170,0.17,155,15,8.824,93.75,4,32.0,29.9,-20.8,-0.1224,23.04,0.8063,-31.0,-0.1824,32.4,0.728,-14.0,-0.0824
1.0,0.2,4.0,168,0.17,157,11,6.548,95.238,1,44.6,56.1,-19.32,-0.115,21.56,0.8166,-29.4,-0.175,30.8,0.7382,-12.6,-0.075
1.0,0.2,5.0,165,0.16,159,6,3.636,96.154,1,71.5,56.1,-4.8,-0.0291,16.16,0.9455,-14.7,-0.0891,17.9,0.8563,1.8,0.0109
1.0,0.2,7.000000000000001,162,0.16,159,3,1.852,97.222,0,94.9,73.4,4.32,0.0267,12.0,1.0358,-5.4,-0.0333,12.9,0.9399,10.8,0.0667
1.0,0.2,10.0,158,0.16,156,2,1.266,98.039,0,122.6,105.8,4.88,0.0309,18.0,1.0385,-4.6,-0.0291,18.9,0.9446,11.2,0.0709
1.0,0.25,0.3,174,0.17,66,108,62.069,54.545,65,5.3,0.4,-22.86,-0.1314,23.07,0.795,-33.3,-0.1914,33.45,0.7161,-15.9,-0.0914
1.0,0.25,0.5,174,0.17,92,82,47.126,66.667,42,5.9,0.8,-24.96,-0.1434,25.38,0.778,-35.4,-0.2034,35.7,0.7008,-18.0,-0.1034
1.0,0.25,0.7000000000000001,174,0.17,113,61,35.057,73.684,28,7.2,1.7,-21.41,-0.123,22.25,0.8057,-31.85,-0.183,32.45,0.7257,-14.45,-0.083
1.0,0.25,1.0,174,0.17,128,46,26.437,80.0,16,7.8,1.7,-20.96,-0.1205,22.67,0.8087,-31.4,-0.1805,32.3,0.7284,-14.0,-0.0805
1.0,0.25,1.25,174,0.17,136,38,21.839,83.333,11,9.7,3.0,-20.46,-0.1176,21.72,0.8121,-30.9,-0.1776,31.8,0.7315,-13.5,-0.0776
1.0,0.25,1.5,174,0.17,141,33,18.966,85.714,8,10.3,3.8,-21.21,-0.1219,23.73,0.8054,-31.65,-0.1819,33.45,0.7255,-14.25,-0.0819
1.0,0.25,1.7999999999999998,173,0.17,144,29,16.763,87.805,6,11.5,3.8,-23.12,-0.1336,25.64,0.7894,-33.5,-0.1936,35.3,0.7114,-16.2,-0.0936
1.0,0.25,2.0,173,0.17,147,26,15.029,88.889,5,15.0,7.1,-22.17,-0.1282,24.69,0.7965,-32.55,-0.1882,34.35,0.7179,-15.25,-0.0882
1.0,0.25,2.5,171,0.17,154,17,9.942,90.909,3,29.6,27.1,-10.84,-0.0634,13.78,0.892,-21.1,-0.1234,23.2,0.8049,-4.0,-0.0234
1.0,0.25,3.0,170,0.17,154,16,9.412,92.308,3,34.4,29.9,-16.3,-0.0959,19.24,0.8429,-26.5,-0.1559,28.6,0.7611,-9.5,-0.0559
1.0,0.25,4.0,168,0.17,156,12,7.143,94.118,1,47.1,56.1,-15.72,-0.0936,18.66,0.8457,-25.8,-0.1536,27.9,0.7645,-9.0,-0.0536
1.0,0.25,5.0,165,0.16,159,6,3.636,95.238,1,83.3,56.1,3.15,0.0191,14.91,1.0235,-6.75,-0.0409,16.65,0.927,9.75,0.0591
1.0,0.25,7.000000000000001,162,0.16,159,3,1.852,96.552,0,106.9,73.4,12.27,0.0757,11.35,1.1214,2.55,0.0157,12.25,1.0175,18.75,0.1157
1.0,0.25,10.0,158,0.16,156,2,1.266,97.561,0,134.8,105.8,12.68,0.0803,17.35,1.1226,3.2,0.0203,18.25,1.0211,19.0,0.1203
1.0,0.3,0.3,174,0.17,66,108,62.069,50.0,56,5.3,0.4,-19.56,-0.1124,19.82,0.8216,-30.0,-0.1724,30.2,0.7401,-12.6,-0.0724
1.0,0.3,0.5,174,0.17,90,84,48.276,62.5,35,6.1,0.8,-21.96,-0.1262,22.48,0.8016,-32.4,-0.1862,32.8,0.722,-15.0,-0.0862
1.0,0.3,0.7000000000000001,174,0.17,110,64,36.782,70.0,24,7.5,1.8,-18.76,-0.1078,19.8,0.8272,-29.2,-0.1678,30.0,0.7451,-11.8,-0.0678
1.0,0.3,1.0,174,0.17,126,48,27.586,76.923,13,8.3,1.8,-17.16,-0.0986,18.98,0.8398,-27.6,-0.1586,28.8,0.7564,-10.2,-0.0586
1.0,0.3,1.25,173,0.17,133,40,23.121,80.645,10,10.5,3.0,-17.02,-0.0984,19.13,0.8403,-27.4,-0.1584,28.6,0.7573,-10.1,-0.0584
1.0,0.3,1.5,173,0.17,138,35,20.231,83.333,7,11.2,3.8,-18.02,-0.1042,21.18,0.8312,-28.4,-0.1642,30.8,0.7492,-11.1,-0.0642
1.0,0.3,1.7999999999999998,171,0.17,140,31,18.129,85.714,5,12.5,3.8,-20.64,-0.1207,23.76,0.8088,-30.9,-0.1807,33.3,0.7298,-13.8,-0.0807
1.0,0.3,2.0,171,0.17,144,27,15.789,86.957,4,16.1,7.1,-17.64,-0.1032,20.76,0.8331,-27.9,-0.1632,30.3,0.7518,-10.8,-0.0632
1.0,0.3,2.5,168,0.17,147,21,12.5,89.286,3,34.3,27.1,-15.12,-0.09,18.76,0.8533,-25.2,-0.15,28.0,0.7714,-8.4,-0.05
1.0,0.3,3.0,166,0.17,148,18,10.843,90.909,3,39.9,29.9,-16.24,-0.0978,19.88,0.8425,-26.2,-0.1578,29.0,0.7625,-9.6,-0.0578
1.0,0.3,4.0,163,0.16,150,13,7.975,93.023,1,54.1,56.1,-13.52,-0.0829,17.16,0.8636,-23.3,-0.1429,26.1,0.7831,-7.0,-0.0429
1.0,0.3,5.0,159,0.16,152,7,4.403,94.34,1,92.5,56.1,4.24,0.0267,14.18,1.0332,-5.3,-0.0333,15.8,0.9392,10.6,0.0667
1.0,0.3,7.000000000000001,154,0.15,150,4,2.597,95.89,0,119.0,73.4,10.84,0.0704,10.7,1.1024,1.6,0.0104,11.6,1.0051,17.0,0.1104
1.0,0.3,10.0,151,0.15,148,3,1.987,97.087,0,147.6,105.8,8.36,0.0554,16.7,1.0692,-0.7,-0.0046,17.6,0.9766,14.4,0.0954
1.0,0.4,0.3,174,0.17,66,108,62.069,42.857,42,5.6,0.4,-12.96,-0.0745,13.42,0.8775,-23.4,-0.1345,23.7,0.7904,-6.0,-0.0345
1.0,0.4,0.5,174,0.17,88,86,49.425,55.556,27,6.7,0.8,-14.76,-0.0848,15.84,0.8612,-25.2,-0.1448,25.8,0.7757,-7.8,-0.0448
1.0,0.4,0.7000000000000001,174,0.17,104,70,40.23,63.636,20,9.4,3.5,-14.36,-0.0825,15.36,0.864,-24.8,-0.1425,25.4,0.7782,-7.4,-0.0425
1.0,0.4,1.0,174,0.17,121,53,30.46,71.429,11,11.4,3.7,-11.56,-0.0664,13.92,0.8876,-22.0,-0.1264,22.9,0.7995,-4.6,-0.0264
1.0,0.4,1.25,173,0.17,128,45,26.012,75.758,8,14.6,3.8,-11.97,-0.0692,13.14,0.8831,-22.35,-0.1292,22.95,0.796,-5.05,-0.0292
1.0,0.4,1.5,173,0.17,133,40,23.121,78.947,5,24.8,28.4,-13.72,-0.0793,18.04,0.8669,-24.1,-0.1393,27.7,0.7813,-6.8,-0.0393
1.0,0.4,1.7999999999999998,171,0.17,136,35,20.468,81.818,4,27.1,28.4,-15.44,-0.0903,20.4,0.8511,-25.7,-0.1503,29.3,0.768,-8.6,-0.0503
1.0,0.4,2.0,171,0.17,141,30,17.544,83.333,3,31.1,28.4,-10.44,-0.0611,17.4,0.8944,-20.7,-0.1211,24.3,0.8071,-3.6,-0.0211
1.0,0.4,2.5,168,0.17,145,23,13.69,86.207,2,53.0,28.8,-6.22,-0.037,17.14,0.9318,-16.3,-0.097,20.5,0.8423,0.5,0.003
1.0,0.4,3.0,165,0.16,145,20,12.121,88.235,2,59.6,29.9,-8.6,-0.0521,13.72,0.9081,-18.5,-0.1121,22.7,0.8225,-2.0,-0.0121
1.0,0.4,4.0,162,0.16,149,13,8.025,90.909,0,81.6,56.1,1.12,0.0069,13.08,0.9993,-8.6,-0.0531,15.3,0.9067,7.6,0.0469
1.0,0.4,5.0,158,0.16,151,7,4.43,92.593,0,123.9,56.1,19.08,0.1208,11.88,1.198,9.6,0.0608,13.5,1.0897,25.4,0.1608
1.0,0.4,7.000000000000001,153,0.15,149,4,2.614,94.595,0,153.4,77.6,25.48,0.1665,9.4,1.2756,16.3,0.1065,10.3,1.1639,31.6,0.2065
1.0,0.4,10.0,150,0.15,147,3,2.0,96.154,0,183.0,105.8,22.8,0.152,15.4,1.2347,13.8,0.092,16.3,1.1285,28.8,0.192
1.0,0.5,0.3,174,0.17,63,111,63.793,37.5,31,6.1,0.7,-8.76,-0.0503,10.2,0.9149,-19.2,-0.1103,19.6,0.8242,-1.8,-0.0103
1.0,0.5,0.5,174,0.17,84,90,51.724,50.0,18,7.5,0.8,-9.96,-0.0572,12.08,0.9032,-20.4,-0.1172,21.6,0.8136,-3.0,-0.0172
1.0,0.5,0.7000000000000001,174,0.17,100,74,42.529,58.333,14,10.4,3.5,-8.76,-0.0503,10.86,0.9133,-19.2,-0.1103,20.4,0.8227,-1.8,-0.0103
1.0,0.5,1.0,174,0.17,116,58,33.333,66.667,8,13.0,3.7,-6.96,-0.04,12.54,0.9287,-17.4,-0.1,20.3,0.8366,-0.0,-0.0
1.0,0.5,1.25,173,0.17,123,50,28.902,71.429,5,16.5,3.8,-7.92,-0.0458,13.75,0.9188,-18.3,-0.1058,19.95,0.8281,-1.0,-0.0058
1.0,0.5,1.5,172,0.17,127,45,26.163,75.0,3,37.7,58.5,-10.88,-0.0633,17.46,0.8909,-21.2,-0.1233,26.0,0.8035,-4.0,-0.0233
1.0,0.5,1.7999999999999998,170,0.17,130,40,23.529,78.261,2,41.7,58.5,-13.8,-0.0812,21.62,0.864,-24.0,-0.1412,29.8,0.7801,-7.0,-0.0412
1.0,0.5,2.0,170,0.17,135,35,20.588,80.0,1,45.8,58.5,-9.3,-0.0547,20.42,0.9032,-19.5,-0.1147,24.9,0.8155,-2.5,-0.0147
1.0,0.5,2.5,163,0.16,135,28,17.178,83.333,1,83.2,58.5,-9.02,-0.0553,22.22,0.9041,-18.8,-0.1153,24.8,0.8198,-2.5,-0.0153
1.0,0.5,3.0,159,0.16,135,24,15.094,85.714,1,98.0,58.5,-10.86,-0.0683,20.1,0.8857,-20.4,-0.1283,26.0,0.805,-4.5,-0.0283
1.0,0.5,4.0,155,0.15,139,16,10.323,88.889,0,128.7,58.5,-0.7,-0.0045,22.56,0.9784,-10.0,-0.0645,24.9,0.8914,5.5,0.0355
1.0,0.5,5.0,150,0.15,141,9,6.0,90.909,0,175.2,58.5,19.5,0.13,15.56,1.1992,10.5,0.07,17.8,1.0961,25.5,0.17
1.0,0.5,7.000000000000001,144,0.14,138,6,4.167,93.333,0,215.8,84.6,21.24,0.1475,18.04,1.2157,12.6,0.0875,19.6,1.1152,27.0,0.1875
1.0,0.5,10.0,140,0.14,135,5,3.571,95.238,0,255.5,105.8,11.9,0.085,30.5,1.0948,3.5,0.025,32.0,1.0066,17.5,0.125
1.0,0.6,0.3,174,0.17,56,118,67.816,33.333,27,9.8,8.0,-8.76,-0.0503,10.7,0.9147,-19.2,-0.1103,19.7,0.824,-1.8,-0.0103
1.0,0.6,0.5,174,0.17,77,97,55.747,45.455,14,13.0,8.0,-9.26,-0.0532,12.34,0.9092,-19.7,-0.1132,20.9,0.819,-2.3,-0.0132
1.0,0.6,0.7000000000000001,174,0.17,95,79,45.402,53.846,10,16.3,8.0,-5.26,-0.0302,9.4,0.9453,-15.7,-0.0902,17.0,0.8515,1.7,0.0098
1.0,0.6,1.0,173,0.17,108,65,37.572,62.5,6,33.2,40.8,-7.12,-0.0412,11.44,0.9264,-17.5,-0.1012,19.2,0.835,-0.2,-0.0012
1.0,0.6,1.25,171,0.17,113,58,33.918,67.568,5,39.2,41.6,-11.54,-0.0675,14.67,0.8851,-21.8,-0.1275,22.75,0.7987,-4.7,-0.0275
1.0,0.6,1.5,169,0.17,119,50,29.586,71.429,3,66.7,58.5,-10.36,-0.0613,16.66,0.8945,-20.5,-0.1213,24.3,0.8082,-3.6,-0.0213
1.0,0.6,1.7999999999999998,167,0.17,123,44,26.347,75.0,2,74.7,66.0,-12.08,-0.0723,21.2,0.8779,-22.1,-0.1323,29.3,0.7941,-5.4,-0.0323
1.0,0.6,2.0,166,0.17,128,38,22.892,76.923,1,81.7,66.0,-5.84,-0.0352,19.92,0.9339,-15.8,-0.0952,22.8,0.8453,0.8,0.0048
1.0,0.6,2.5,160,0.16,128,32,20.0,80.645,1,136.6,66.0,-9.6,-0.06,24.4,0.8972,-19.2,-0.12,27.3,0.815,-3.2,-0.02
1.0,0.6,3.0,155,0.15,126,29,18.71,83.333,1,149.6,66.0,-17.6,-0.1135,24.32,0.8256,-26.9,-0.1735,32.4,0.7522,-11.4,-0.0735
1.0,0.6,4.0,146,0.15,129,17,11.644,86.957,0,236.0,66.0,3.56,0.0244,24.16,1.0195,-5.2,-0.0356,26.5,0.934,9.4,0.0644
1.0,0.6,5.0,141,0.14,130,11,7.801,89.286,0,297.4,85.2,17.36,0.1231,18.48,1.1701,8.9,0.0631,20.7,1.0753,23.0,0.1631
1.0,0.6,7.000000000000001,134,0.13,127,7,5.224,92.105,0,358.0,93.8,21.84,0.163,24.0,1.2192,13.8,0.103,25.5,1.1251,27.2,0.203
1.0,0.6,10.0,130,0.13,124,6,4.615,94.34,0,433.9,156.2,9.2,0.0708,39.56,1.0593,1.4,0.0108,41.0,0.9798,14.4,0.1108
1.0,0.8,0.3,174,0.17,52,122,70.115,27.273,12,12.2,8.4,-1.96,-0.0113,6.84,0.9784,-12.4,-0.0713,14.3,0.8814,5.0,0.0287
1.0,0.8,0.5,174,0.17,67,107,61.494,38.462,6,17.7,8.4,-6.86,-0.0394,11.92,0.9304,-17.3,-0.0994,19.6,0.8381,0.1,0.0006
1.0,0.8,0.7000000000000001,174,0.17,85,89,51.149,46.667,4,23.8,8.4,-1.26,-0.0072,8.8,0.9827,-11.7,-0.0672,13.7,0.8852,5.7,0.0328
1.0,0.8,1.0,172,0.17,100,72,41.86,55.556,3,50.0,40.8,1.12,0.0065,11.52,1.0044,-9.2,-0.0535,15.3,0.9059,8.0,0.0465
1.0,0.8,1.25,170,0.17,105,65,38.235,60.976,3,58.1,41.6,-4.05,-0.0238,13.09,0.9522,-14.25,-0.0838,16.75,0.8598,2.75,0.0162
1.0,0.8,1.5,168,0.17,113,55,32.738,65.217,2,86.7,59.2,1.18,0.007,13.38,1.002,-8.9,-0.053,16.5,0.9059,7.9,0.047
1.0,0.8,1.7999999999999998,166,0.17,116,50,30.12,69.231,1,96.0,66.0,-3.84,-0.0231,18.44,0.9509,-13.8,-0.0831,21.5,0.8607,2.8,0.0169
1.0,0.8,2.0,164,0.16,120,44,26.829,71.429,0,106.1,66.0,1.44,0.0088,17.24,1.0017,-8.4,-0.0512,20.3,0.9078,8.0,0.0488
1.0,0.8,2.5,158,0.16,121,37,23.418,75.758,0,166.6,66.0,-2.02,-0.0128,22.92,0.9648,-11.5,-0.0728,25.8,0.8775,4.3,0.0272
1.0,0.8,3.0,152,0.15,118,34,22.368,78.947,0,182.6,66.0,-13.68,-0.09,26.6,0.8554,-22.8,-0.15,29.3,0.7807,-7.6,-0.05
1.0,0.8,4.0,142,0.14,123,19,13.38,83.333,0,278.0,66.0,16.72,0.1177,23.96,1.1592,8.2,0.0577,25.5,1.0646,22.4,0.1577
1.0,0.8,5.0,135,0.13,122,13,9.63,86.207,0,366.5,85.2,27.2,0.2015,20.36,1.2858,19.1,0.1415,21.7,1.1859,32.6,0.2415
1.0,0.8,7.000000000000001,128,0.13,119,9,7.031,89.744,0,510.2,103.2,27.08,0.2116,27.8,1.2763,19.4,0.1516,29.3,1.1821,32.2,0.2516
1.0,0.8,10.0,124,0.12,116,8,6.452,92.593,0,596.5,156.2,7.84,0.0632,46.56,1.0323,0.4,0.0032,48.0,0.9583,12.8,0.1032
1.0,1.0,0.3,174,0.17,45,129,74.138,23.077,10,17.6,13.7,-0.66,-0.0038,7.78,0.9906,-11.1,-0.0638,13.2,0.8924,6.3,0.0362
1.0,1.0,0.5,174,0.17,58,116,66.667,33.333,6,24.9,13.8,-6.96,-0.04,10.02,0.9287,-17.4,-0.1,19.2,0.8366,0.0,0.0
1.0,1.0,0.7000000000000001,174,0.17,76,98,56.322,41.176,4,37.1,20.8,0.44,0.0025,9.86,0.9982,-10.0,-0.0575,12.5,0.8992,7.4,0.0425
1.0,1.0,1.0,172,0.17,93,79,45.93,50.0,4,90.0,46.2,7.12,0.0414,11.52,1.0646,-3.2,-0.0186,15.3,0.9603,14.0,0.0814
1.0,1.0,1.25,170,0.17,97,73,42.941,55.556,4,101.0,46.2,-1.05,-0.0062,15.69,0.9792,-11.25,-0.0662,19.35,0.8842,5.75,0.0338
1.0,1.0,1.5,168,0.17,105,63,37.5,60.0,3,155.8,88.5,3.78,0.0225,15.46,1.0258,-6.3,-0.0375,18.5,0.9274,10.5,0.0625
1.0,1.0,1.7999999999999998,166,0.17,110,56,33.735,64.286,1,191.6,89.8,2.56,0.0154,18.32,1.011,-7.4,-0.0446,21.3,0.9152,9.2,0.0554
1.0,1.0,2.0,164,0.16,114,50,30.488,66.667,0,205.5,91.3,7.44,0.0454,17.64,1.0604,-2.4,-0.0146,20.7,0.961,14.0,0.0854
1.0,1.0,2.5,158,0.16,116,42,26.582,71.429,0,273.8,97.1,4.68,0.0296,23.92,1.0281,-4.8,-0.0304,26.8,0.9351,11.0,0.0696
1.0,1.0,3.0,152,0.15,113,39,25.658,75.0,0,296.6,144.0,-10.08,-0.0663,28.8,0.8831,-19.2,-0.1263,31.5,0.806,-4.0,-0.0263
1.0,1.0,4.0,141,0.14,116,25,17.73,80.0,0,497.5,154.6,10.36,0.0735,32.56,1.0804,1.9,0.0135,34.9,0.9928,16.0,0.1135
1.0,1.0,5.0,133,0.13,116,17,12.782,83.333,0,759.2,401.6,25.68,0.1931,26.16,1.2575,17.7,0.1331,27.9,1.1612,31.0,0.2331
1.0,1.0,7.000000000000001,125,0.12,114,11,8.8,87.5,0,848.8,337.8,32.0,0.256,32.96,1.3313,24.5,0.196,34.4,1.2353,37.0,0.296
1.0,1.0,10.0,117,0.12,108,9,7.692,90.909,0,1536.6,1179.3,13.32,0.1138,44.88,1.0829,6.3,0.0538,46.2,1.0094,18.0,0.1538
1.0,1.5,0.3,174,0.17,37,137,78.736,16.667,6,35.6,13.7,7.44,0.0428,9.42,1.0722,-3.0,-0.0172,11.6,0.9659,14.4,0.0828
1.0,1.5,0.5,174,0.17,50,124,71.264,25.0,3,48.5,13.8,6.04,0.0347,9.22,1.0548,-4.4,-0.0253,11.8,0.9502,13.0,0.0747
1.0,1.5,0.7000000000000001,172,0.17,66,106,61.628,31.818,2,67.1,20.8,17.92,0.1042,9.76,1.1845,7.6,0.0442,12.0,1.0684,24.8,0.1442
1.0,1.5,1.0,170,0.17,80,90,52.941,40.0,2,134.3,69.8,23.2,0.1365,10.8,1.2444,13.0,0.0765,12.0,1.1238,30.0,0.1765
1.0,1.5,1.25,167,0.17,83,84,50.299,45.455,2,150.1,69.8,12.82,0.0768,16.26,1.1189,2.8,0.0168,17.4,1.0123,19.5,0.1168
1.0,1.5,1.5,164,0.16,91,73,44.512,50.0,2,221.8,88.5,20.44,0.1246,17.26,1.2045,10.6,0.0646,18.4,1.0917,27.0,0.1646
1.0,1.5,1.7999999999999998,161,0.16,95,66,40.994,54.545,1,270.2,89.8,17.26,0.1072,16.62,1.1633,7.6,0.0472,17.7,1.0562,23.7,0.1472
1.0,1.5,2.0,159,0.16,97,62,38.994,57.143,0,293.8,91.3,15.14,0.0952,17.18,1.1366,5.6,0.0352,18.2,1.0333,21.5,0.1352
1.0,1.5,2.5,154,0.15,101,53,34.416,62.5,0,400.7,97.1,12.84,0.0834,20.64,1.1056,3.6,0.0234,21.6,1.008,19.0,0.1234
1.0,1.5,3.0,147,0.15,101,46,31.293,66.667,0,466.8,144.0,7.62,0.0518,27.6,1.0448,-1.2,-0.0082,28.5,0.9566,13.5,0.0918
1.0,1.5,4.0,134,0.13,102,32,23.881,72.727,0,782.4,176.7,19.64,0.1466,29.06,1.1721,11.6,0.0866,29.9,1.0816,25.0,0.1866
1.0,1.5,5.0,125,0.12,104,21,16.8,76.923,0,1163.1,416.3,46.0,0.368,30.62,1.5241,38.5,0.308,32.3,1.4143,51.0,0.408
1.0,1.5,7.000000000000001,117,0.12,103,14,11.966,82.353,0,1315.3,338.5,51.82,0.4429,32.96,1.6015,44.8,0.3829,34.4,1.4932,56.5,0.4829
1.0,1.5,10.0,106,0.11,95,11,10.377,86.957,0,2463.9,1182.3,28.26,0.2666,38.34,1.2375,21.9,0.2066,39.6,1.1613,32.5,0.3066
1.0,2.0,0.3,174,0.17,30,144,82.759,13.043,3,80.6,69.1,9.84,0.0566,9.08,1.0962,-0.6,-0.0034,11.9,0.9876,16.8,0.0966
1.0,2.0,0.5,174,0.17,40,134,77.011,20.0,1,111.9,69.1,6.04,0.0347,11.4,1.0522,-4.4,-0.0253,15.6,0.9479,13.0,0.0747
1.0,2.0,0.7000000000000001,171,0.17,52,119,69.591,25.926,1,143.5,69.1,13.86,0.0811,12.4,1.1337,3.6,0.0211,14.7,1.0232,20.7,0.1211
1.0,2.0,1.0,168,0.17,65,103,61.31,33.333,1,212.1,80.2,20.28,0.1207,11.6,1.2031,10.2,0.0607,14.0,1.0878,27.0,0.1607
1.0,2.0,1.25,163,0.16,67,96,58.896,38.462,1,241.5,80.2,7.48,0.0459,18.53,1.0555,-2.3,-0.0141,20.45,0.9572,14.0,0.0859
1.0,2.0,1.5,160,0.16,74,86,53.75,42.857,1,318.9,88.5,12.6,0.0788,19.04,1.107,3.0,0.0187,22.5,1.0057,19.0,0.1187
1.0,2.0,1.7999999999999998,155,0.15,79,76,49.032,47.368,1,379.8,89.8,15.0,0.0968,16.96,1.1297,5.7,0.0368,19.0,1.0294,21.2,0.1368
1.0,2.0,2.0,154,0.15,81,73,47.403,50.0,0,405.0,91.3,9.84,0.0639,18.4,1.07,0.6,0.0039,22.0,0.9755,16.0,0.1039
1.0,2.0,2.5,145,0.14,82,63,43.448,55.556,0,553.3,97.1,0.7,0.0048,25.6,0.9712,-8.0,-0.0552,29.5,0.8902,6.5,0.0448
1.0,2.0,3.0,138,0.14,84,54,39.13,60.0,0,706.8,144.0,0.48,0.0035,35.24,0.9641,-7.8,-0.0565,38.6,0.8874,6.0,0.0435
1.0,2.0,4.0,123,0.12,84,39,31.707,66.667,0,1063.2,186.8,7.08,0.0576,39.52,1.0224,-0.3,-0.0024,41.8,0.9496,12.0,0.0976
1.0,2.0,5.0,115,0.11,88,27,23.478,71.429,0,1652.9,434.8,36.4,0.3165,38.08,1.3659,29.5,0.2565,39.7,1.275,41.0,0.3565
1.0,2.0,7.000000000000001,106,0.11,87,19,17.925,77.778,0,2093.8,348.3,36.76,0.3468,42.96,1.3521,30.4,0.2868,44.4,1.269,41.0,0.3868
1.0,2.0,10.0,91,0.09,75,16,17.582,83.333,0,3824.6,1182.7,-13.64,-0.1499,47.24,0.7889,-19.1,-0.2099,49.1,0.7468,-10.0,-0.1099
1.0,3.0,0.3,173,0.17,21,152,87.861,9.091,2,135.0,80.1,10.48,0.0606,15.16,1.0995,0.1,0.0006,19.0,0.9912,17.4,0.1006
1.0,3.0,0.5,173,0.17,28,145,83.815,14.286,1,178.3,80.1,4.58,0.0265,20.84,1.0322,-5.8,-0.0335,25.1,0.9304,11.5,0.0665
1.0,3.0,0.7000000000000001,169,0.17,39,130,76.923,18.919,1,243.7,80.1,19.24,0.1138,18.5,1.1878,9.1,0.0538,22.1,1.0733,26.0,0.1538
1.0,3.0,1.0,166,0.17,49,117,70.482,25.0,1,351.9,80.2,23.36,0.1407,26.08,1.229,13.4,0.0807,29.7,1.1125,30.0,0.1807
1.0,3.0,1.25,161,0.16,53,108,67.081,29.412,1,414.5,80.2,17.56,0.1091,27.54,1.1546,7.9,0.0491,30.6,1.0483,24.0,0.1491
1.0,3.0,1.5,156,0.16,58,98,62.821,33.333,1,547.6,88.5,20.76,0.1331,32.0,1.1864,11.4,0.0731,35.0,1.0805,27.0,0.1731
1.0,3.0,1.7999999999999998,152,0.15,61,91,59.868,37.5,1,650.9,93.8,13.12,0.0863,35.92,1.0935,4.0,0.0263,38.5,0.9982,19.2,0.1263
1.0,3.0,2.0,150,0.15,64,86,57.333,40.0,0,712.9,141.9,14.0,0.0933,32.72,1.099,5.0,0.0333,35.3,1.0044,20.0,0.1333
1.0,3.0,2.5,140,0.14,64,76,54.286,45.455,0,925.2,142.4,-3.6,-0.0257,44.08,0.9154,-12.0,-0.0857,47.2,0.8415,2.0,0.0143
1.0,3.0,3.0,133,0.13,64,69,51.88,50.0,0,1200.9,153.6,-20.32,-0.1528,52.72,0.7686,-28.3,-0.2128,55.3,0.7095,-15.0,-0.1128
1.0,3.0,4.0,116,0.12,67,49,42.241,57.143,0,1846.9,218.8,0.36,0.0031,50.68,0.9359,-6.6,-0.0569,53.2,0.8729,5.0,0.0431
1.0,3.0,5.0,107,0.11,71,36,33.645,62.5,0,2569.3,437.2,28.72,0.2684,57.28,1.2329,22.3,0.2084,59.2,1.1563,33.0,0.3084
1.0,3.0,7.000000000000001,96,0.1,74,22,22.917,70.0,0,3295.1,403.8,64.16,0.6683,40.08,1.7377,58.4,0.6083,41.7,1.6409,68.0,0.7083
1.0,3.0,10.0,89,0.09,72,17,19.101,76.923,0,4913.7,1203.4,42.44,0.4769,54.84,1.352,37.1,0.4169,56.1,1.2818,46.0,0.5169
1.0,5.0,0.3,173,0.17,16,157,90.751,5.66,1,169.8,80.1,25.98,0.1502,16.66,1.271,15.6,0.0902,20.3,1.1458,32.9,0.1902
1.0,5.0,0.5,172,0.17,20,152,88.372,9.091,1,258.1,80.1,17.12,0.0995,26.46,1.1562,6.8,0.0395,29.4,1.0429,24.0,0.1395
1.0,5.0,0.7000000000000001,168,0.17,26,142,84.524,12.281,1,462.8,178.2,23.88,0.1421,14.28,1.2262,13.8,0.0821,16.3,1.1087,30.6,0.1821
1.0,5.0,1.0,164,0.16,34,130,79.268,16.667,1,725.8,178.2,33.44,0.2039,28.48,1.3322,23.6,0.1439,32.2,1.2075,40.0,0.2439
1.0,5.0,1.25,157,0.16,35,122,77.707,20.0,1,904.8,178.2,16.22,0.1033,39.9,1.1166,6.8,0.0433,43.5,1.0162,22.5,0.1433
1.0,5.0,1.5,149,0.15,39,110,73.826,23.077,1,1121.4,178.2,24.04,0.1613,42.62,1.1981,15.1,0.1013,45.8,1.0957,30.0,0.2013
1.0,5.0,1.7999999999999998,145,0.14,42,103,71.034,26.471,1,1385.0,296.7,18.8,0.1297,49.92,1.1279,10.1,0.0697,53.1,1.0339,24.6,0.1697
1.0,5.0,2.0,142,0.14,43,99,69.718,28.571,0,1488.1,296.8,11.32,0.0797,52.12,1.042,2.8,0.0197,55.3,0.9568,17.0,0.1197
1.0,5.0,2.5,131,0.13,45,86,65.649,33.333,0,2023.3,360.2,4.76,0.0363,54.42,0.9664,-3.1,-0.0237,57.3,0.8932,10.0,0.0763
1.0,5.0,3.0,125,0.12,46,79,63.2,37.5,0,2471.2,360.2,-12.0,-0.096,72.8,0.8089,-19.5,-0.156,75.5,0.7503,-7.0,-0.056
1.0,5.0,4.0,107,0.11,48,59,55.14,44.444,0,3373.9,360.2,-0.28,-0.0026,67.56,0.8963,-6.7,-0.0626,69.9,0.8405,4.0,0.0374
1.0,5.0,5.0,93,0.09,46,47,50.538,50.0,0,4790.2,915.7,-8.72,-0.0938,71.44,0.8157,-14.3,-0.1538,73.6,0.7712,-5.0,-0.0538
1.0,5.0,7.000000000000001,80,0.08,51,29,36.25,58.333,0,6192.4,404.1,48.8,0.61,46.88,1.4217,44.0,0.55,48.2,1.3552,52.0,0.65
1.0,5.0,10.0,71,0.07,49,22,30.986,66.667,0,9065.6,1240.2,22.16,0.3121,65.92,1.0453,17.9,0.2521,67.3,1.0016,25.0,0.3521
1.5,0.1,0.3,45,0.04,13,32,71.111,75.0,30,5.0,0.1,-10.1,-0.2244,10.1,0.9038,-12.8,-0.2844,12.8,0.8796,-8.3,-0.1844
1.5,0.1,0.5,45,0.04,21,24,53.333,83.333,22,5.0,0.1,-11.7,-0.26,11.7,0.8893,-14.4,-0.32,14.4,0.8655,-9.9,-0.22
1.5,0.1,0.7000000000000001,45,0.04,24,21,46.667,87.5,19,5.0,0.1,-14.1,-0.3133,14.16,0.868,-16.8,-0.3733,16.8,0.8448,-12.3,-0.2733
1.5,0.1,1.0,45,0.04,32,13,28.889,90.909,11,5.0,0.1,-11.6,-0.2578,11.96,0.8898,-14.3,-0.3178,14.3,0.8661,-9.8,-0.2178
1.5,0.1,1.25,45,0.04,33,12,26.667,92.593,10,5.1,0.2,-13.5,-0.3,13.86,0.8728,-16.2,-0.36,16.2,0.8495,-11.7,-0.26
1.5,0.1,1.5,45,0.04,35,10,22.222,93.75,8,5.1,0.2,-13.3,-0.2956,13.66,0.8744,-16.0,-0.3556,16.0,0.851,-11.5,-0.2556
1.5,0.1,1.7999999999999998,45,0.04,38,7,15.556,94.737,5,5.1,0.2,-10.6,-0.2356,10.96,0.8983,-13.3,-0.2956,13.3,0.8743,-8.8,-0.1956
1.5,0.1,2.0,45,0.04,39,6,13.333,95.238,4,5.1,0.2,-9.9,-0.22,10.32,0.9046,-12.6,-0.28,12.6,0.8804,-8.1,-0.18
1.5,0.1,2.5,45,0.04,40,5,11.111,96.154,4,5.2,0.2,-10.3,-0.2289,10.72,0.9006,-13.0,-0.2889,13.0,0.8766,-8.5,-0.1889
1.5,0.1,3.0,45,0.04,40,5,11.111,96.774,4,5.2,0.2,-12.8,-0.2844,13.22,0.8778,-15.5,-0.3444,15.5,0.8543,-11.0,-0.2444
1.5,0.1,4.0,45,0.04,41,4,8.889,97.561,3,5.2,0.2,-13.7,-0.3044,14.12,0.869,-16.4,-0.3644,16.4,0.8458,-11.9,-0.2644
1.5,0.1,5.0,45,0.04,43,2,4.444,98.039,2,32.7,20.8,-7.5,-0.1667,7.92,0.9253,-10.2,-0.2267,10.2,0.9006,-5.7,-0.1267
1.5,0.1,7.000000000000001,45,0.04,44,1,2.222,98.592,1,32.7,20.8,-4.4,-0.0978,7.04,0.9545,-7.1,-0.1578,7.1,0.929,-2.6,-0.0578
1.5,0.1,10.0,45,0.04,45,0,0.0,99.01,0,32.7,20.8,2.7,0.06,0.0,1.0274,0.0,0.0,0.0,1.0,4.5,0.1
1.5,0.16,0.3,45,0.04,13,32,71.111,65.217,26,5.0,0.1,-9.32,-0.2071,9.32,0.9108,-12.02,-0.2671,12.02,0.8865,-7.52,-0.1671
1.5,0.16,0.5,45,0.04,21,24,53.333,75.758,18,5.0,0.1,-10.44,-0.232,10.44,0.9005,-13.14,-0.292,13.14,0.8765,-8.64,-0.192
1.5,0.16,0.7000000000000001,45,0.04,24,21,46.667,81.395,15,5.0,0.1,-12.66,-0.2813,12.78,0.8806,-15.36,-0.3413,15.42,0.857,-10.86,-0.2413
1.5,0.16,1.0,45,0.04,32,13,28.889,86.207,8,5.2,0.2,-9.68,-0.2151,10.4,0.9071,-12.38,-0.2751,12.74,0.8829,-7.88,-0.1751
1.5,0.16,1.25,45,0.04,33,12,26.667,88.652,7,5.3,0.2,-11.52,-0.256,12.24,0.8903,-14.22,-0.316,14.58,0.8665,-9.72,-0.216
1.5,0.16,1.5,45,0.04,35,10,22.222,90.361,5,5.3,0.2,-11.2,-0.2489,11.92,0.893,-13.9,-0.3089,14.26,0.8691,-9.4,-0.2089
1.5,0.16,1.7999999999999998,45,0.04,37,8,17.778,91.837,3,5.4,0.2,-10.28,-0.2284,11.0,0.901,-12.98,-0.2884,13.34,0.877,-8.48,-0.1884
1.5,0.16,2.0,45,0.04,38,7,15.556,92.593,2,5.7,0.3,-9.72,-0.216,10.56,0.906,-12.42,-0.276,12.84,0.8818,-7.92,-0.176
1.5,0.16,2.5,45,0.04,39,6,13.333,93.985,2,5.8,0.3,-10.56,-0.2347,11.4,0.898,-13.26,-0.2947,13.68,0.874,-8.76,-0.1947
1.5,0.16,3.0,45,0.04,39,6,13.333,94.937,2,5.8,0.3,-13.56,-0.3013,14.4,0.8707,-16.26,-0.3613,16.68,0.8474,-11.76,-0.2613
1.5,0.16,4.0,45,0.04,40,5,11.111,96.154,1,6.2,0.7,-15.4,-0.3422,16.24,0.8537,-18.1,-0.4022,18.52,0.8308,-13.6,-0.3022
1.5,0.16,5.0,44,0.04,42,2,4.545,96.899,1,35.6,20.8,-5.04,-0.1145,5.88,0.9483,-7.68,-0.1745,8.1,0.9236,-3.28,-0.0745
1.5,0.16,7.000000000000001,43,0.04,42,1,2.326,97.765,1,41.6,20.8,-2.0,-0.0465,7.04,0.9776,-4.58,-0.1065,7.1,0.9527,-0.28,-0.0065
1.5,0.16,10.0,43,0.04,43,0,0.0,98.425,0,41.6,20.8,5.16,0.12,0.0,1.0529,2.58,0.06,0.0,1.0261,6.88,0.16
1.5,0.2,0.3,45,0.04,13,32,71.111,60.0,24,5.0,0.1,-8.8,-0.1956,8.8,0.9156,-11.5,-0.2556,11.5,0.8911,-7.0,-0.1556
1.5,0.2,0.5,45,0.04,21,24,53.333,71.429,16,5.0,0.1,-9.6,-0.2133,9.6,0.9081,-12.3,-0.2733,12.3,0.8839,-7.8,-0.1733
1.5,0.2,0.7000000000000001,45,0.04,24,21,46.667,77.778,14,5.1,0.2,-11.7,-0.26,11.86,0.889,-14.4,-0.32,14.5,0.8653,-9.9,-0.22
1.5,0.2,1.0,45,0.04,32,13,28.889,83.333,8,5.4,0.2,-8.4,-0.1867,9.36,0.9187,-11.1,-0.2467,11.7,0.8942,-6.6,-0.1467
1.5,0.2,1.25,45,0.04,33,12,26.667,86.207,7,5.6,0.2,-10.2,-0.2267,11.16,0.9021,-12.9,-0.2867,13.5,0.878,-8.4,-0.1867
1.5,0.2,1.5,45,0.04,35,10,22.222,88.235,5,5.6,0.2,-9.8,-0.2178,10.76,0.9055,-12.5,-0.2778,13.1,0.8813,-8.0,-0.1778
1.5,0.2,1.7999999999999998,45,0.04,37,8,17.778,90.0,3,5.7,0.2,-8.8,-0.1956,9.76,0.9145,-11.5,-0.2556,12.1,0.89,-7.0,-0.1556
1.5,0.2,2.0,45,0.04,38,7,15.556,90.909,2,5.9,0.3,-8.2,-0.1822,9.32,0.9199,-10.9,-0.2422,11.6,0.8953,-6.4,-0.1422
1.5,0.2,2.5,45,0.04,39,6,13.333,92.593,2,6.2,0.3,-9.0,-0.2,10.12,0.9121,-11.7,-0.26,12.4,0.8877,-7.2,-0.16
1.5,0.2,3.0,45,0.04,39,6,13.333,93.75,2,6.2,0.3,-12.0,-0.2667,13.12,0.8844,-14.7,-0.3267,15.4,0.8607,-10.2,-0.2267
1.5,0.2,4.0,45,0.04,40,5,11.111,95.238,1,6.7,0.7,-13.8,-0.3067,14.92,0.8674,-16.5,-0.3667,17.2,0.8442,-12.0,-0.2667
1.5,0.2,5.0,44,0.04,42,2,4.545,96.154,1,36.0,20.8,-3.36,-0.0764,5.04,0.9644,-6.0,-0.1364,6.7,0.9392,-1.6,-0.0364
1.5,0.2,7.000000000000001,43,0.04,42,1,2.326,97.222,1,42.2,20.8,-0.32,-0.0074,7.04,0.9942,-2.9,-0.0674,7.1,0.9688,1.4,0.0326
1.5,0.2,10.0,43,0.04,43,0,0.0,98.039,0,42.2,20.8,6.88,0.16,0.0,1.0712,4.3,0.1,0.0,1.0439,8.6,0.2
1.5,0.25,0.3,45,0.04,13,32,71.111,54.545,24,5.0,0.1,-8.15,-0.1811,8.15,0.9215,-10.85,-0.2411,10.85,0.8969,-6.35,-0.1411
1.5,0.25,0.5,45,0.04,21,24,53.333,66.667,16,5.0,0.1,-8.55,-0.19,8.55,0.9177,-11.25,-0.25,11.25,0.8932,-6.75,-0.15
1.5,0.25,0.7000000000000001,45,0.04,24,21,46.667,73.684,14,5.1,0.2,-10.5,-0.2333,10.81,0.8998,-13.2,-0.2933,13.35,0.8757,-8.7,-0.1933
1.5,0.25,1.0,45,0.04,32,13,28.889,80.0,8,5.6,0.2,-6.8,-0.1511,8.06,0.9335,-9.5,-0.2111,10.4,0.9086,-5.0,-0.1111
1.5,0.25,1.25,45,0.04,33,12,26.667,83.333,7,5.7,0.2,-8.55,-0.19,9.81,0.9171,-11.25,-0.25,12.15,0.8926,-6.75,-0.15
1.5,0.25,1.5,45,0.04,35,10,22.222,85.714,5,5.7,0.2,-8.05,-0.1789,9.31,0.9215,-10.75,-0.2389,11.65,0.8969,-6.25,-0.1389
1.5,0.25,1.7999999999999998,45,0.04,37,8,17.778,87.805,3,5.8,0.2,-6.95,-0.1544,8.21,0.9315,-9.65,-0.2144,10.55,0.9066,-5.15,-0.1144
1.5,0.25,2.0,45,0.04,38,7,15.556,88.889,2,6.0,0.3,-6.3,-0.14,7.77,0.9375,-9.0,-0.2,10.05,0.9125,-4.5,-0.1
1.5,0.25,2.5,45,0.04,39,6,13.333,90.909,2,6.3,0.3,-7.05,-0.1567,8.52,0.93,-9.75,-0.2167,10.8,0.9052,-5.25,-0.1167
1.5,0.25,3.0,45,0.04,39,6,13.333,92.308,2,6.3,0.3,-10.05,-0.2233,11.52,0.9018,-12.75,-0.2833,13.8,0.8777,-8.25,-0.1833
1.5,0.25,4.0,45,0.04,40,5,11.111,94.118,1,6.8,0.7,-11.8,-0.2622,13.27,0.8849,-14.5,-0.3222,15.55,0.8613,-10.0,-0.2222
1.5,0.25,5.0,44,0.04,42,2,4.545,95.238,1,36.1,20.8,-1.26,-0.0286,5.04,0.9848,-3.9,-0.0886,5.1,0.9591,0.5,0.0114
1.5,0.25,7.000000000000001,43,0.04,42,1,2.326,96.552,1,42.3,20.8,1.78,0.0414,7.04,1.0152,-0.8,-0.0186,7.1,0.9894,3.5,0.0814
1.5,0.25,10.0,43,0.04,43,0,0.0,97.561,0,42.3,20.8,9.03,0.21,0.0,1.0944,6.45,0.15,0.0,1.0666,10.75,0.25
1.5,0.3,0.3,45,0.04,13,32,71.111,50.0,24,5.0,0.1,-7.5,-0.1667,7.5,0.9275,-10.2,-0.2267,10.2,0.9028,-5.7,-0.1267
1.5,0.3,0.5,45,0.04,21,24,53.333,62.5,16,5.0,0.1,-7.5,-0.1667,7.5,0.9274,-10.2,-0.2267,10.2,0.9026,-5.7,-0.1267
1.5,0.3,0.7000000000000001,45,0.04,24,21,46.667,70.0,14,5.1,0.2,-9.3,-0.2067,9.86,0.9106,-12.0,-0.2667,12.2,0.8863,-7.5,-0.1667
1.5,0.3,1.0,45,0.04,32,13,28.889,76.923,8,5.8,0.4,-5.2,-0.1156,6.76,0.9486,-7.9,-0.1756,9.1,0.9232,-3.4,-0.0756
1.5,0.3,1.25,45,0.04,33,12,26.667,80.645,7,5.9,0.4,-6.9,-0.1533,8.46,0.9323,-9.6,-0.2133,10.8,0.9074,-5.1,-0.1133
1.5,0.3,1.5,45,0.04,35,10,22.222,83.333,5,5.9,0.4,-6.3,-0.14,7.86,0.9377,-9.0,-0.2,10.2,0.9127,-4.5,-0.1
1.5,0.3,1.7999999999999998,45,0.04,37,8,17.778,85.714,3,6.0,0.4,-5.1,-0.1133,6.66,0.9489,-7.8,-0.1733,9.0,0.9235,-3.3,-0.0733
1.5,0.3,2.0,45,0.04,38,7,15.556,86.957,2,6.2,0.4,-4.4,-0.0978,6.22,0.9554,-7.1,-0.1578,8.5,0.9299,-2.6,-0.0578
1.5,0.3,2.5,45,0.04,39,6,13.333,89.286,2,6.6,0.4,-5.1,-0.1133,6.92,0.9483,-7.8,-0.1733,9.2,0.923,-3.3,-0.0733
1.5,0.3,3.0,45,0.04,39,6,13.333,90.909,2,6.6,0.4,-8.1,-0.18,9.92,0.9195,-10.8,-0.24,12.2,0.8949,-6.3,-0.14
1.5,0.3,4.0,45,0.04,40,5,11.111,93.023,1,7.0,0.7,-9.8,-0.2178,11.62,0.9027,-12.5,-0.2778,13.9,0.8786,-8.0,-0.1778
1.5,0.3,5.0,44,0.04,42,2,4.545,94.34,1,37.8,21.8,0.84,0.0191,5.04,1.0056,-1.8,-0.0409,5.1,0.9794,2.6,0.0591
1.5,0.3,7.000000000000001,43,0.04,42,1,2.326,95.89,1,44.1,21.8,3.88,0.0902,7.04,1.0367,1.3,0.0302,7.1,1.0103,5.6,0.1302
1.5,0.3,10.0,43,0.04,43,0,0.0,97.087,0,44.1,21.8,11.18,0.26,0.0,1.1181,8.6,0.2,0.0,1.0897,12.9,0.3
1.5,0.4,0.3,45,0.04,13,32,71.111,42.857,20,5.0,0.1,-6.2,-0.1378,6.26,0.9396,-8.9,-0.1978,8.9,0.9146,-4.4,-0.0978
1.5,0.4,0.5,45,0.04,21,24,53.333,55.556,13,5.1,0.2,-5.4,-0.12,5.58,0.947,-8.1,-0.18,8.1,0.9217,-3.6,-0.08
1.5,0.4,0.7000000000000001,45,0.04,23,22,48.889,63.636,11,5.3,0.2,-8.0,-0.1778,8.0,0.9224,-10.7,-0.2378,10.7,0.8978,-6.2,-0.1378
1.5,0.4,1.0,45,0.04,31,14,31.111,71.429,6,8.1,1.1,-3.4,-0.0756,4.96,0.9656,-6.1,-0.1356,6.7,0.9399,-1.6,-0.0356
1.5,0.4,1.25,45,0.04,32,13,28.889,75.758,5,9.8,2.2,-5.25,-0.1167,6.06,0.9476,-7.95,-0.1767,8.1,0.9223,-3.45,-0.0767
1.5,0.4,1.5,45,0.04,35,10,22.222,78.947,3,44.7,28.4,-2.8,-0.0622,4.96,0.971,-5.5,-0.1222,7.3,0.9451,-1.0,-0.0222
1.5,0.4,1.7999999999999998,45,0.04,36,9,20.0,81.818,2,45.3,28.4,-3.6,-0.08,5.76,0.9629,-6.3,-0.14,8.1,0.9372,-1.8,-0.04
1.5,0.4,2.0,45,0.04,37,8,17.778,83.333,1,45.6,28.4,-3.0,-0.0667,5.52,0.9686,-5.7,-0.1267,7.8,0.9427,-1.2,-0.0267
1.5,0.4,2.5,45,0.04,38,7,15.556,86.207,1,46.0,28.4,-4.1,-0.0911,6.62,0.9574,-6.8,-0.1511,8.9,0.9319,-2.3,-0.0511
1.5,0.4,3.0,45,0.04,38,7,15.556,88.235,1,46.2,28.4,-7.6,-0.1689,10.12,0.9235,-10.3,-0.2289,12.4,0.8989,-5.8,-0.1289
1.5,0.4,4.0,45,0.04,40,5,11.111,90.909,0,49.0,28.4,-5.8,-0.1289,8.32,0.9395,-8.5,-0.1889,10.6,0.9144,-4.0,-0.0889
1.5,0.4,5.0,44,0.04,42,2,4.545,92.593,0,81.1,28.4,5.04,0.1145,5.04,1.0486,2.4,0.0545,5.1,1.0213,6.8,0.1545
1.5,0.4,7.000000000000001,43,0.04,42,1,2.326,94.595,0,88.4,28.4,8.08,0.1879,7.04,1.081,5.5,0.1279,7.1,1.0535,9.8,0.2279
1.5,0.4,10.0,42,0.04,42,0,0.0,96.154,0,91.1,28.4,15.12,0.36,0.0,1.1629,12.6,0.3,0.0,1.1341,16.8,0.4
1.5,0.5,0.3,45,0.04,13,32,71.111,37.5,18,5.0,0.1,-4.9,-0.1089,5.26,0.9519,-7.6,-0.1689,7.6,0.9265,-3.1,-0.0689
1.5,0.5,0.5,45,0.04,20,25,55.556,50.0,12,5.2,0.2,-4.3,-0.0956,4.98,0.9574,-7.0,-0.1556,7.2,0.9318,-2.5,-0.0556
1.5,0.5,0.7000000000000001,45,0.04,22,23,51.111,58.333,10,5.4,0.2,-6.9,-0.1533,7.34,0.9325,-9.6,-0.2133,9.6,0.9076,-5.1,-0.1133
1.5,0.5,1.0,45,0.04,30,15,33.333,66.667,6,9.1,1.1,-1.8,-0.04,4.66,0.981,-4.5,-0.1,6.4,0.9549,-0.0,-0.0
1.5,0.5,1.25,45,0.04,31,14,31.111,71.429,5,11.0,2.2,-3.8,-0.0844,5.91,0.9613,-6.5,-0.1444,7.65,0.9356,-2.0,-0.0444
1.5,0.5,1.5,45,0.04,34,11,24.444,75.0,3,86.1,58.5,-1.3,-0.0289,4.66,0.9854,-4.0,-0.0889,6.4,0.9592,0.5,0.0111
1.5,0.5,1.7999999999999998,45,0.04,35,10,22.222,78.261,2,86.8,58.5,-2.3,-0.0511,5.06,0.9752,-5.0,-0.1111,7.4,0.9492,-0.5,-0.0111
1.5,0.5,2.0,45,0.04,36,9,20.0,80.0,1,87.1,58.5,-1.8,-0.04,5.08,0.9799,-4.5,-0.1,7.3,0.9538,0.0,0.0
1.5,0.5,2.5,45,0.04,38,7,15.556,83.333,1,91.4,58.5,-0.3,-0.0067,4.16,0.9943,-3.0,-0.0667,5.8,0.9678,1.5,0.0333
1.5,0.5,3.0,45,0.04,38,7,15.556,85.714,1,91.7,58.5,-3.8,-0.0844,7.02,0.9592,-6.5,-0.1444,9.3,0.9336,-2.0,-0.0444
1.5,0.5,4.0,45,0.04,40,5,11.111,88.889,0,94.4,58.5,-1.8,-0.04,7.16,0.9776,-4.5,-0.1,7.4,0.9516,-0.0,-0.0
1.5,0.5,5.0,44,0.04,42,2,4.545,90.909,0,132.8,58.5,9.24,0.21,5.04,1.0934,6.6,0.15,5.1,1.065,11.0,0.25
1.5,0.5,7.000000000000001,43,0.04,42,1,2.326,93.333,0,141.3,58.5,12.28,0.2856,7.04,1.1272,9.7,0.2256,7.1,1.0986,14.0,0.3256
1.5,0.5,10.0,42,0.04,42,0,0.0,95.238,0,145.2,58.5,19.32,0.46,0.0,1.2126,16.8,0.4,0.0,1.1825,21.0,0.5
1.5,0.6,0.3,45,0.04,13,32,71.111,33.333,18,5.0,0.1,-3.6,-0.08,4.26,0.9643,-6.3,-0.14,6.6,0.9386,-1.8,-0.04
1.5,0.6,0.5,45,0.04,20,25,55.556,45.455,12,5.3,0.2,-2.3,-0.0511,3.7,0.9766,-5.0,-0.1111,5.7,0.9506,-0.5,-0.0111
1.5,0.6,0.7000000000000001,45,0.04,22,23,51.111,53.846,10,5.6,0.2,-4.7,-0.1044,6.04,0.9532,-7.4,-0.1644,7.9,0.9277,-2.9,-0.0644
1.5,0.6,1.0,45,0.04,30,15,33.333,62.5,6,9.2,1.1,1.2,0.0267,3.36,1.0108,-1.5,-0.0333,4.7,0.9838,3.0,0.0667
1.5,0.6,1.25,45,0.04,31,14,31.111,67.568,5,11.1,2.2,-0.7,-0.0156,4.72,0.9914,-3.4,-0.0756,5.85,0.965,1.1,0.0244
1.5,0.6,1.5,45,0.04,34,11,24.444,71.429,3,86.2,58.5,2.1,0.0467,3.5,1.0193,-0.6,-0.0133,4.4,0.9922,3.9,0.0867
1.5,0.6,1.7999999999999998,45,0.04,35,10,22.222,75.0,2,86.9,58.5,1.2,0.0267,4.16,1.0098,-1.5,-0.0333,5.0,0.9829,3.0,0.0667
1.5,0.6,2.0,45,0.04,36,9,20.0,76.923,1,87.2,58.5,1.8,0.04,4.08,1.0157,-0.9,-0.02,4.7,0.9886,3.6,0.08
1.5,0.6,2.5,45,0.04,38,7,15.556,80.645,1,92.3,58.5,3.5,0.0778,3.96,1.0326,0.8,0.0178,4.2,1.0051,5.3,0.1178
1.5,0.6,3.0,45,0.04,38,7,15.556,83.333,1,92.6,58.5,0.0,0.0,4.96,0.9961,-2.7,-0.06,6.2,0.9696,1.8,0.04
1.5,0.6,4.0,45,0.04,40,5,11.111,86.957,0,98.1,58.5,2.2,0.0489,6.96,1.0173,-0.5,-0.0111,7.2,0.9902,4.0,0.0889
1.5,0.6,5.0,44,0.04,42,2,4.545,89.286,0,136.6,58.5,13.44,0.3055,5.04,1.1401,10.8,0.2455,5.1,1.1105,15.2,0.3455
1.5,0.6,7.000000000000001,43,0.04,42,1,2.326,92.105,0,145.1,58.5,16.48,0.3833,7.04,1.1753,13.9,0.3233,7.1,1.1455,18.2,0.4233
1.5,0.6,10.0,42,0.04,42,0,0.0,94.34,0,149.2,58.5,23.52,0.56,0.0,1.2643,21.0,0.5,0.0,1.233,25.2,0.6
1.5,0.8,0.3,45,0.04,13,32,71.111,27.273,9,5.9,0.8,-1.0,-0.0222,2.9,0.9895,-3.7,-0.0822,4.6,0.9631,0.8,0.0178
1.5,0.8,0.5,45,0.04,17,28,62.222,38.462,6,6.9,0.8,-2.2,-0.0489,5.5,0.9774,-4.9,-0.1089,6.4,0.9513,-0.4,-0.0089
1.5,0.8,0.7000000000000001,45,0.04,19,26,57.778,46.667,4,7.1,0.8,-4.8,-0.1067,8.1,0.9519,-7.5,-0.1667,9.0,0.9265,-3.0,-0.0667
1.5,0.8,1.0,45,0.04,27,18,40.0,55.556,3,14.9,2.5,1.8,0.04,4.44,1.0164,-0.9,-0.02,4.8,0.9893,3.6,0.08
1.5,0.8,1.25,45,0.04,28,17,37.778,60.976,3,16.9,2.5,-0.65,-0.0144,3.87,0.9913,-3.35,-0.0744,4.55,0.9649,1.15,0.0256
1.5,0.8,1.5,45,0.04,31,14,31.111,65.217,2,93.2,59.2,2.0,0.0444,4.64,1.0176,-0.7,-0.0156,5.0,0.9905,3.8,0.0844
1.5,0.8,1.7999999999999998,45,0.04,32,13,28.889,69.231,1,94.0,59.2,0.4,0.0089,5.84,1.0009,-2.3,-0.0511,6.2,0.9742,2.2,0.0489
1.5,0.8,2.0,45,0.04,33,12,26.667,71.429,0,98.2,59.2,0.6,0.0133,4.6,1.0025,-2.1,-0.0467,4.9,0.9758,2.4,0.0533
1.5,0.8,2.5,45,0.04,36,9,20.0,75.758,0,117.0,59.2,4.5,0.1,6.1,1.0419,1.8,0.04,6.4,1.0141,6.3,0.14
1.5,0.8,3.0,45,0.04,37,8,17.778,78.947,0,118.4,59.2,3.8,0.0844,7.6,1.0337,1.1,0.0244,7.9,1.0062,5.6,0.1244
1.5,0.8,4.0,45,0.04,39,6,13.333,83.333,0,125.0,59.2,5.4,0.12,10.6,1.049,2.7,0.06,10.9,1.0211,7.2,0.16
1.5,0.8,5.0,44,0.04,40,4,9.091,86.207,0,191.6,59.2,10.24,0.2327,8.56,1.1008,7.6,0.1727,8.8,1.0721,12.0,0.2727
1.5,0.8,7.000000000000001,43,0.04,40,3,6.977,89.744,0,307.1,93.9,9.28,0.2158,12.56,1.0875,6.7,0.1558,12.8,1.0598,11.0,0.2558
1.5,0.8,10.0,42,0.04,40,2,4.762,92.593,0,322.3,98.9,10.32,0.2457,10.04,1.0955,7.8,0.1857,10.4,1.0683,12.0,0.2857
1.5,1.0,0.3,45,0.04,13,32,71.111,23.077,8,6.9,1.1,1.6,0.0356,2.5,1.0153,-1.1,-0.0244,3.4,0.9883,3.4,0.0756
1.5,1.0,0.5,45,0.04,17,28,62.222,33.333,6,8.0,1.1,1.2,0.0267,5.1,1.0109,-1.5,-0.0333,6.0,0.9839,3.0,0.0667
1.5,1.0,0.7000000000000001,45,0.04,19,26,57.778,41.176,4,8.2,1.1,-1.0,-0.0222,7.7,0.9885,-3.7,-0.0822,8.6,0.9621,0.8,0.0178
1.5,1.0,1.0,45,0.04,27,18,40.0,50.0,3,17.0,2.5,7.2,0.16,4.24,1.0723,4.5,0.1,4.6,1.0437,9.0,0.2
1.5,1.0,1.25,45,0.04,27,18,40.0,55.556,3,26.6,5.8,2.7,0.06,5.49,1.0245,-0.0,-0.0,5.85,0.9973,4.5,0.1
1.5,1.0,1.5,45,0.04,29,16,35.556,60.0,2,170.4,88.5,3.2,0.0711,6.74,1.0292,0.5,0.0111,7.1,1.0018,5.0,0.1111
1.5,1.0,1.7999999999999998,45,0.04,30,15,33.333,64.286,1,250.2,89.8,1.2,0.0267,8.24,1.0081,-1.5,-0.0333,8.8,0.9812,3.0,0.0667
1.5,1.0,2.0,45,0.04,31,14,31.111,66.667,0,256.7,91.3,1.2,0.0267,7.2,1.0077,-1.5,-0.0333,7.5,0.9808,3.0,0.0667
1.5,1.0,2.5,45,0.04,34,11,24.444,71.429,0,284.6,97.1,4.7,0.1044,9.2,1.0427,2.0,0.0444,9.5,1.015,6.5,0.1444
1.5,1.0,3.0,45,0.04,35,10,22.222,75.0,0,350.4,144.0,3.2,0.0711,11.2,1.026,0.5,0.0111,11.5,0.9987,5.0,0.1111
1.5,1.0,4.0,45,0.04,37,8,17.778,80.0,0,417.7,154.6,3.2,0.0711,15.2,1.0239,0.5,0.0111,15.5,0.9966,5.0,0.1111
1.5,1.0,5.0,44,0.04,38,6,13.636,83.333,0,666.4,266.2,6.24,0.1418,14.16,1.0542,3.6,0.0818,14.4,1.0267,8.0,0.1818
1.5,1.0,7.000000000000001,43,0.04,39,4,9.302,87.5,0,1088.4,337.8,9.28,0.2158,20.16,1.0839,6.7,0.1558,20.4,1.0564,11.0,0.2558
1.5,1.0,10.0,42,0.04,40,2,4.762,90.909,0,2419.0,1179.3,18.32,0.4362,10.04,1.186,15.8,0.3762,10.1,1.1566,20.0,0.4762
1.5,1.5,0.3,45,0.04,12,33,73.333,16.667,5,12.1,2.6,6.3,0.14,3.06,1.0635,3.6,0.08,3.6,1.0352,8.1,0.18
1.5,1.5,0.5,45,0.04,15,30,66.667,25.0,3,22.9,6.4,5.7,0.1267,4.1,1.0565,3.0,0.0667,5.0,1.0284,7.5,0.1667
1.5,1.5,0.7000000000000001,45,0.04,17,28,62.222,31.818,2,23.8,6.4,4.1,0.0911,6.7,1.0392,1.4,0.0311,7.6,1.0115,5.9,0.1311
1.5,1.5,1.0,45,0.04,25,20,44.444,40.0,1,37.9,8.2,15.7,0.3489,3.74,1.1656,13.0,0.2889,4.1,1.1347,17.5,0.3889
1.5,1.5,1.25,45,0.04,25,20,44.444,45.455,1,47.4,8.2,10.7,0.2378,4.99,1.1081,8.0,0.1778,5.35,1.0787,12.5,0.2778
1.5,1.5,1.5,45,0.04,27,18,40.0,50.0,1,192.2,88.5,11.7,0.26,6.24,1.1185,9.0,0.2,6.6,1.0888,13.5,0.3
1.5,1.5,1.7999999999999998,45,0.04,27,18,40.0,54.545,1,273.0,89.8,6.3,0.14,7.74,1.0587,3.6,0.08,8.1,1.0305,8.1,0.18
1.5,1.5,2.0,45,0.04,28,17,37.778,57.143,0,279.7,91.3,6.2,0.1378,8.74,1.057,3.5,0.0778,9.1,1.0289,8.0,0.1778
1.5,1.5,2.5,45,0.04,30,15,33.333,62.5,0,366.7,97.1,5.7,0.1267,8.7,1.0501,3.0,0.0667,9.0,1.0222,7.5,0.1667
1.5,1.5,3.0,45,0.04,33,12,26.667,66.667,0,548.0,144.0,11.7,0.26,10.7,1.1139,9.0,0.2,11.0,1.0843,13.5,0.3
1.5,1.5,4.0,44,0.04,33,11,25.0,72.727,0,673.4,154.6,3.74,0.085,14.7,1.025,1.1,0.025,15.0,0.9983,5.5,0.125
1.5,1.5,5.0,43,0.04,36,7,16.279,76.923,0,965.7,266.2,17.28,0.4019,13.66,1.1733,14.7,0.3419,13.9,1.1435,19.0,0.4419
1.5,1.5,7.000000000000001,42,0.04,37,5,11.905,82.353,0,1438.6,338.5,18.82,0.4481,19.66,1.1868,16.3,0.3881,19.9,1.1574,20.5,0.4881
1.5,1.5,10.0,40,0.04,38,2,5.0,86.957,0,2890.9,1182.3,35.4,0.885,10.04,1.4038,33.0,0.825,10.1,1.3708,37.0,0.925
1.5,2.0,0.3,45,0.04,7,38,84.444,13.043,2,36.1,5.9,0.8,0.0178,5.1,1.0065,-1.9,-0.0422,6.0,0.9797,2.6,0.0578
1.5,2.0,0.5,45,0.04,8,37,82.222,20.0,1,49.7,6.4,-4.3,-0.0956,8.1,0.9559,-7.0,-0.1556,9.7,0.9304,-2.5,-0.0556
1.5,2.0,0.7000000000000001,45,0.04,10,35,77.778,25.926,1,51.2,6.4,-6.3,-0.14,11.18,0.9363,-9.0,-0.2,13.4,0.9113,-4.5,-0.1
1.5,2.0,1.0,45,0.04,18,27,60.0,33.333,1,80.6,8.2,7.2,0.16,6.36,1.0694,4.5,0.1,6.9,1.041,9.0,0.2
1.5,2.0,1.25,45,0.04,19,26,57.778,38.462,1,99.3,8.2,3.7,0.0822,8.36,1.0317,1.0,0.0222,9.15,1.0042,5.5,0.1222
1.5,2.0,1.5,45,0.04,22,23,51.111,42.857,1,245.7,88.5,7.7,0.1711,10.36,1.0726,5.0,0.1111,10.9,1.044,9.5,0.2111
1.5,2.0,1.7999999999999998,44,0.04,23,21,47.727,47.368,1,330.8,89.8,6.44,0.1464,9.08,1.0581,3.8,0.0864,9.5,1.0305,8.2,0.1864
1.5,2.0,2.0,44,0.04,24,20,45.455,50.0,0,338.1,91.3,6.24,0.1418,8.48,1.0551,3.6,0.0818,9.2,1.0276,8.0,0.1818
1.5,2.0,2.5,44,0.04,26,18,40.909,55.556,0,432.0,97.1,5.24,0.1191,10.74,1.0424,2.6,0.0591,11.3,1.0153,7.0,0.1591
1.5,2.0,3.0,44,0.04,29,15,34.091,60.0,0,734.8,144.0,11.24,0.2555,13.24,1.105,8.6,0.1955,13.6,1.0762,13.0,0.2955
1.5,2.0,4.0,42,0.04,30,12,28.571,66.667,0,783.2,154.6,10.32,0.2457,14.2,1.0914,7.8,0.1857,14.5,1.0643,12.0,0.2857
1.5,2.0,5.0,41,0.04,33,8,19.512,71.429,0,1308.5,266.2,24.36,0.5941,13.16,1.2546,21.9,0.5341,13.4,1.2243,26.0,0.6341
1.5,2.0,7.000000000000001,40,0.04,34,6,15.0,77.778,0,1971.1,348.3,24.4,0.61,19.16,1.2485,22.0,0.55,19.4,1.219,26.0,0.65
1.5,2.0,10.0,38,0.04,35,3,7.895,83.333,0,3587.6,1182.7,38.48,1.0126,10.04,1.4361,36.2,0.9526,10.1,1.404,40.0,1.0526
1.5,3.0,0.3,45,0.04,6,39,86.667,9.091,2,78.0,13.8,4.5,0.1,6.12,1.0431,1.8,0.04,7.2,1.0153,6.3,0.14
1.5,3.0,0.5,45,0.04,7,38,84.444,14.286,1,91.6,13.8,0.2,0.0044,9.72,0.9984,-2.5,-0.0556,10.8,0.9718,2.0,0.0444
1.5,3.0,0.7000000000000001,45,0.04,9,36,80.0,18.919,1,107.9,13.8,-0.0,-0.0,12.58,0.9952,-2.7,-0.06,13.6,0.9686,1.8,0.04
1.5,3.0,1.0,45,0.04,15,30,66.667,25.0,1,161.4,19.1,13.2,0.2933,11.44,1.1319,10.5,0.2333,12.1,1.1018,15.0,0.3333
1.5,3.0,1.25,45,0.04,16,29,64.444,29.412,1,182.6,19.1,9.95,0.2211,14.19,1.0944,7.25,0.1611,14.85,1.0653,11.75,0.2611
1.5,3.0,1.5,45,0.04,18,27,60.0,33.333,1,361.2,88.5,11.7,0.26,16.94,1.1119,9.0,0.2,17.6,1.0823,13.5,0.3
1.5,3.0,1.7999999999999998,44,0.04,19,25,56.818,37.5,1,496.4,89.8,10.24,0.2327,16.56,1.0941,7.6,0.1727,17.1,1.0657,12.0,0.2727
1.5,3.0,2.0,44,0.04,20,24,54.545,40.0,0,506.0,91.3,10.24,0.2327,13.36,1.0928,7.6,0.1727,13.9,1.0644,12.0,0.2727
1.5,3.0,2.5,44,0.04,21,23,52.273,45.455,0,624.7,97.1,3.74,0.085,17.36,1.021,1.1,0.025,17.9,0.9944,5.5,0.125
1.5,3.0,3.0,44,0.04,23,21,47.727,50.0,0,1153.4,144.0,4.24,0.0964,21.36,1.0229,1.6,0.0364,21.9,0.9962,6.0,0.1364
1.5,3.0,4.0,40,0.04,25,15,37.5,57.143,0,1315.4,154.6,13.4,0.335,21.28,1.117,11.0,0.275,21.7,1.0906,15.0,0.375
1.5,3.0,5.0,38,0.04,26,12,31.579,62.5,0,2161.2,266.2,16.48,0.4337,22.24,1.1478,14.2,0.3737,22.6,1.122,18.0,0.4737
1.5,3.0,7.000000000000001,37,0.04,28,9,24.324,70.0,0,3283.0,403.8,19.52,0.5276,22.24,1.1732,17.3,0.4676,22.6,1.1476,21.0,0.5676
1.5,3.0,10.0,36,0.04,30,6,16.667,76.923,0,5431.4,1203.4,28.56,0.7933,11.2,1.2716,26.4,0.7333,11.5,1.2446,30.0,0.8333
1.5,5.0,0.3,45,0.04,6,39,86.667,5.66,1,101.4,15.7,16.5,0.3667,6.12,1.1707,13.8,0.3067,7.2,1.1396,18.3,0.4067
1.5,5.0,0.5,45,0.04,7,38,84.444,9.091,1,115.1,15.7,14.2,0.3156,9.72,1.1424,11.5,0.2556,10.8,1.112,16.0,0.3556
1.5,5.0,0.7000000000000001,45,0.04,8,37,82.222,12.281,1,140.1,18.2,12.3,0.2733,12.58,1.119,9.6,0.2133,13.6,1.0893,14.1,0.3133
1.5,5.0,1.0,45,0.04,12,33,73.333,16.667,1,610.2,148.5,25.2,0.56,16.64,1.2661,22.5,0.5,17.6,1.2325,27.0,0.6
1.5,5.0,1.25,45,0.04,12,33,73.333,20.0,1,734.9,149.2,16.95,0.3767,20.64,1.1647,14.25,0.3167,21.6,1.1337,18.75,0.4167
1.5,5.0,1.5,45,0.04,14,31,68.889,23.077,1,1043.7,149.6,21.7,0.4822,20.02,1.2173,19.0,0.4222,20.8,1.185,23.5,0.5222
1.5,5.0,1.7999999999999998,44,0.04,14,30,68.182,26.471,1,1421.0,296.7,14.24,0.3236,22.08,1.1282,11.6,0.2636,22.8,1.0988,16.0,0.3636
1.5,5.0,2.0,44,0.04,15,29,65.909,28.571,0,1431.2,296.8,15.24,0.3464,18.36,1.137,12.6,0.2864,18.9,1.1075,17.0,0.3864
1.5,5.0,2.5,44,0.04,16,28,63.636,33.333,0,1632.4,297.4,8.24,0.1873,22.98,1.0557,5.6,0.1273,23.7,1.0282,10.0,0.2273
1.5,5.0,3.0,44,0.04,18,26,59.091,37.5,0,2562.4,322.9,10.24,0.2327,28.48,1.0711,7.6,0.1727,29.2,1.0432,12.0,0.2727
1.5,5.0,4.0,40,0.04,20,20,50.0,44.444,0,2859.0,322.9,18.4,0.46,31.4,1.1542,16.0,0.4,32.0,1.1269,20.0,0.5
1.5,5.0,5.0,36,0.04,20,16,44.444,50.0,0,4008.2,322.9,18.56,0.5156,40.4,1.1511,16.4,0.4556,41.0,1.1266,20.0,0.5556
1.5,5.0,7.000000000000001,34,0.03,22,12,35.294,58.333,0,5548.5,404.1,24.64,0.7247,34.4,1.208,22.6,0.6647,35.0,1.1837,26.0,0.7647
1.5,5.0,10.0,31,0.03,22,9,29.032,66.667,0,9484.8,1240.2,18.76,0.6052,35.32,1.1194,16.9,0.5452,35.8,1.0987,20.0,0.6452
